dataset,seed,lambda_el,threshold,precision,recall,specificity,f1,balanced_accuracy,mcc,auroc,average_precision,brier,ece,tn,fp,fn,tp,validation_mcc,best_epoch,training_seconds,inference_ms_per_sample,checkpoint_sha256,preprocessing,bce_loss,physics_loss_raw,physics_loss_weighted,bce_grad_norm,physics_grad_norm_raw,physics_grad_norm_weighted,weighted_to_bce_grad_ratio,gradient_cosine
SGCC,11,0.0,0.8549999999999999,0.3703703703703703,0.0920810313075506,0.985377601926716,0.1474926253687315,0.5387293166171333,0.1501664523936571,0.6518217090733635,0.1876582438544871,0.2277568131685257,0.3801227002829557,5728,85,493,50,0.2101289214495146,5,21.66674961399997,0.0177726205160505,e13c2ad8067fc32a15f6055330c2e3bb0d146d8bdd3b4fee67158b6132d9391a,"{""mean"": 1.659198522567749, ""p995"": 4.9457292556762695, ""std"": 1.1075389385223389}",1.1396480798721311,0.0065612634643912,0.0,0.0378035381436347,0.0008705537184141,0.0,0.0,-0.0671391487121582
SGCC,23,0.0,0.6549999999999999,0.2448979591836734,0.2430939226519337,0.9299845174608636,0.243992606284658,0.5865392200563987,0.1736597350940182,0.6802372532005009,0.1933971178639055,0.2084066271781921,0.3558166289597731,5406,407,411,132,0.1912049924048331,12,26.046736098,0.036430609502831,4c86cc3af2cfae330e84c44160c8ec8a903b9e4f8ca339a4908d2023ea2fb7d5,"{""mean"": 1.661300778388977, ""p995"": 4.9457292556762695, ""std"": 1.1057639122009277}",1.150408148765564,0.006218047812581,0.0,0.2058930397033691,0.0028747711330652,0.0,0.0,0.2755347490310669
SGCC,37,0.0,0.57,0.199359487590072,0.4585635359116022,0.8279717873731292,0.2779017857142857,0.6432676616423657,0.2015645235844179,0.7061094409906797,0.2340333164653748,0.2147314548492431,0.3663705883956766,4813,1000,294,249,0.2046642472606851,13,36.74316807499997,0.0067566954059077,374d692e7abbcae793d43c01958d2a3bbeb767c5e69331f70c90fd5fbf99841b,"{""mean"": 1.6570286750793457, ""p995"": 4.910050392150879, ""std"": 1.1032549142837524}",1.1433850526809692,0.0038946552667766,0.0,0.0936241969466209,0.0025481760967522,0.0,0.0,0.2479758411645889
SGCC,53,0.0,0.7799999999999999,0.3917525773195876,0.1399631675874769,0.9797006709100292,0.2062415196743555,0.5598319192487531,0.1944470210335021,0.6852016769424218,0.2131333327381769,0.2135024517774582,0.3648861901678703,5695,118,467,76,0.2272435532970538,8,19.31153136799992,0.0072361386091911,4c888682b98fb76648218a3e9f1dec8f26b9faf9fcad8ceee86588567a896d6e,"{""mean"": 1.655530333518982, ""p995"": 4.9090375900268555, ""std"": 1.1081187725067139}",1.1022286415100098,0.0029462962411344,0.0,0.0867878720164299,0.0010991272283717,0.0,0.0,-0.0397263169288635
SGCC,71,0.0,0.72,0.3231707317073171,0.1952117863720073,0.9618097367968348,0.2433983926521239,0.578510761584421,0.1983972821571148,0.691641804946619,0.2171365951491849,0.2189531177282333,0.3734161170625027,5591,222,437,106,0.1987293170495821,6,15.228204858000026,0.0236794910320949,61bc8b19455b60b66db5948c4eb1661c6910687adaabf7a4160cf460004c4e58,"{""mean"": 1.6630699634552002, ""p995"": 4.93992280960083, ""std"": 1.106569528579712}",1.2431044578552246,0.0060127470642328,0.0,0.2390565127134323,0.0010916453320533,0.0,0.0,0.1538866609334945
SGCC,89,0.0,0.7799999999999999,0.3003300330033003,0.1675874769797421,0.9635300189231034,0.2151300236406619,0.5655587479514228,0.1720101487819534,0.6715512541110149,0.1936239110176053,0.2289087772369384,0.3837131899977871,5601,212,452,91,0.1862400423393041,6,15.090981876,0.0066300105412186,48b8ee0fb25cd0318501955ce92f5508b901c7d86b47acc012a9c2defdf48efa,"{""mean"": 1.6562169790267944, ""p995"": 4.927568435668945, ""std"": 1.1022279262542725}",1.2317265272140503,0.0058704474940896,0.0,0.0698354169726371,0.0010407483205199,0.0,0.0,0.0875922590494155
SGCC,107,0.0,0.6399999999999999,0.2795180722891566,0.2140221402214022,0.9485724114207086,0.2424242424242424,0.5812972758210554,0.1838185437602486,0.6617442374114143,0.2069451203865305,0.2098031491041183,0.3612168811266342,5515,299,426,116,0.2308714525771998,6,17.099294889999896,0.0046917407174371,451a0df4b5fc9dff2bd2e6159847e82880315a7b376d62ec37e92f2423e97fe1,"{""mean"": 1.6612826585769653, ""p995"": 4.9096879959106445, ""std"": 1.1027220487594604}",1.1790870428085327,0.0046276431530714,0.0,0.081235148012638,0.0009723085677251,0.0,0.0,-0.2255439311265945
SGCC,131,0.0,0.705,0.3021148036253776,0.1841620626151013,0.9602614828831928,0.2288329519450801,0.572211772749147,0.1816960793526366,0.6634505627983763,0.1964303276854873,0.2186960726976394,0.3745084534638929,5582,231,443,100,0.2029962969914153,5,12.869604191000008,0.0054518302391438,68102ef99f22f456dc8db93e44b4313ffde61ae41c229091e284e710432bda80,"{""mean"": 1.65463387966156, ""p995"": 4.932785511016846, ""std"": 1.1015292406082153}",1.2113293409347534,0.0032088255975395,0.0,0.0350357182323932,0.0005338793271221,0.0,0.0,0.1465569585561752
SGCC,149,0.0,0.625,0.2403433476394849,0.3093922651933701,0.9086530190951316,0.2705314009661835,0.6090226421442508,0.1948117275334728,0.6553557324837738,0.2160044271396081,0.2282557785511016,0.382746355217759,5282,531,375,168,0.187518391171696,5,15.64556358099992,0.0051541784141035,482546b102914b6affe87c5ee9cc56440209475421f4ee3ef1d3d26afae41529,"{""mean"": 1.6593199968338013, ""p995"": 4.9356303215026855, ""std"": 1.1055059432983398}",1.1857168674468994,0.0046003400348126,0.0,0.0462872684001922,0.0007681380375288,0.0,0.0,-0.5045554041862488
SGCC,173,0.0,0.82,0.3658536585365853,0.0828729281767955,0.986581799415104,0.1351351351351351,0.5347273637959498,0.1409291295182098,0.659523852519548,0.193068299014467,0.222347542643547,0.3793707370917477,5735,78,498,45,0.1986057384135859,2,9.035696389000009,0.0052441005349275,3605473410f60ae31abf4e494b1cd3d16b36ea1d803b388d182b4aceaf08ef48,"{""mean"": 1.6609737873077393, ""p995"": 4.925848007202148, ""std"": 1.1032264232635498}",1.15974760055542,0.0065562273375689,0.0,0.0220007300376892,0.0009275020565837,0.0,0.0,-0.1740515530109405
SGCC,11,1e-06,0.8549999999999999,0.3703703703703703,0.0920810313075506,0.985377601926716,0.1474926253687315,0.5387293166171333,0.1501664523936571,0.6518217090733635,0.1876582438544871,0.2277568131685257,0.3801227002829557,5728,85,493,50,0.2101289214495146,5,14.04549304200009,0.0089873864065519,da2e328769539f9626cc672f1c58bc8c7a092ff72312aeac8d6ad8dcc3083125,"{""mean"": 1.659198522567749, ""p995"": 4.9457292556762695, ""std"": 1.1075389385223389}",1.1396480798721311,0.0007587379659526,7.58737965952605e-10,0.037803541868925,0.000683371676132,6.833716761320828e-10,1.8076921958834277e-08,0.2855790853500366
SGCC,23,1e-06,0.6549999999999999,0.2448979591836734,0.2430939226519337,0.9299845174608636,0.243992606284658,0.5865392200563987,0.1736597350940182,0.6802370947951486,0.1933970782552156,0.2084066271781921,0.355816626793525,5406,407,411,132,0.1912049924048331,12,22.560068029000035,0.0061323396790318,f82cc06187b5b78d74cae47d9c18fdbce1d9120fa361bad47800913b919886fe,"{""mean"": 1.661300778388977, ""p995"": 4.9457292556762695, ""std"": 1.1057639122009277}",1.1504082679748535,0.0011766981333494,1.1766981333494183e-09,0.2058929949998855,0.0026976130902767,2.697613090276718e-09,1.3102014909629236e-08,0.2563110888004303
SGCC,37,1e-06,0.57,0.199359487590072,0.4585635359116022,0.8279717873731292,0.2779017857142857,0.6432676616423657,0.2015645235844179,0.7061094409906797,0.2340333164653748,0.2147314548492431,0.3663705883956766,4813,1000,294,249,0.2046642472606851,13,26.58698106600002,0.0054182880742562,8001daf76515646ef797d2eadb0a01745ae1f4dfd706843c88cafaa83d4171b2,"{""mean"": 1.6570286750793457, ""p995"": 4.910050392150879, ""std"": 1.1032549142837524}",1.1433850526809692,0.0011644508922472,1.1644508922472596e-09,0.0936241745948791,0.0025268855970352,2.5268855970352887e-09,2.6989670221065947e-08,0.07845488935709
SGCC,53,1e-06,0.7799999999999999,0.3917525773195876,0.1399631675874769,0.9797006709100292,0.2062415196743555,0.5598319192487531,0.1944470210335021,0.6852018353477742,0.2131333327381769,0.2135024815797805,0.364886199690922,5695,118,467,76,0.2272435532970538,8,17.551940891999948,0.0058765045626296,1df0e99272639d3a065a6b48816f20c0f85642d4734067fbe93880bec4407044,"{""mean"": 1.655530333518982, ""p995"": 4.9090375900268555, ""std"": 1.1081187725067139}",1.1022286415100098,0.0006349931354634,6.349931354634462e-10,0.0867878422141075,0.001116111408919,1.1161114089190959e-09,1.2860227659141757e-08,-0.1524726897478103
SGCC,71,1e-06,0.72,0.3231707317073171,0.1952117863720073,0.9618097367968348,0.2433983926521239,0.578510761584421,0.1983972821571148,0.6916367359753446,0.2171365951491849,0.2189531177282333,0.3734161170625027,5591,222,437,106,0.1987293170495821,6,13.930817062000074,0.0166331573316515,7ac9411e6e6540ea1dfab47be73aa4a12ece57a009df866aeac0b59e2ec0b24a,"{""mean"": 1.6630699634552002, ""p995"": 4.93992280960083, ""std"": 1.106569528579712}",1.2431044578552246,0.0006245169206522,6.245169206522405e-10,0.2390565127134323,0.0008709155372343,8.709155372343957e-10,3.643136626352451e-09,-0.3335121572017669
SGCC,89,1e-06,0.7799999999999999,0.3003300330033003,0.1675874769797421,0.9635300189231034,0.2151300236406619,0.5655587479514228,0.1720101487819534,0.6715514125163673,0.1936239110176053,0.2289087623357772,0.3837131899977871,5601,212,452,91,0.1862400423393041,6,17.062703478000003,0.0103673510069134,a617b1ec43be58db8245af1432228bde1b8291f5770e9f9c61d7086f107f516e,"{""mean"": 1.6562169790267944, ""p995"": 4.927568435668945, ""std"": 1.1022279262542725}",1.2317265272140503,0.0006416942924261,6.416942924261092e-10,0.0698354318737983,0.0010135688353329,1.0135688353329895e-09,1.4513676054365056e-08,-0.4163520038127899
SGCC,107,1e-06,0.6399999999999999,0.2795180722891566,0.2140221402214022,0.9485724114207086,0.2424242424242424,0.5812972758210554,0.1838185437602486,0.6617442374114144,0.2069451203865305,0.2098031491041183,0.3612168811266342,5515,299,426,116,0.2308714525771998,6,13.845498034999991,0.0058925248583954,5c079804f95da348031845ff9b57d1654d9cdca0e33a8465d2ee39426f262b49,"{""mean"": 1.6612826585769653, ""p995"": 4.9096879959106445, ""std"": 1.1027220487594604}",1.1790870428085327,0.0005835859919898,5.835859919898212e-10,0.0812351182103157,0.00100702943746,1.0070294374600052e-09,1.2396479006195706e-08,-0.4591816067695617
SGCC,131,1e-06,0.705,0.3021148036253776,0.1841620626151013,0.9602614828831928,0.2288329519450801,0.572211772749147,0.1816960793526366,0.6634505627983762,0.1964303276854873,0.2186960726976394,0.3745084534638929,5582,231,443,100,0.2029962969914153,5,14.203561956000044,0.0071237726557483,8bcb9730a71a5423f3a7cc8a42c9e40e4acdd474a356299dcbd3f5bd1dc36104,"{""mean"": 1.65463387966156, ""p995"": 4.932785511016846, ""std"": 1.1015292406082153}",1.2113293409347534,0.0004330340889282,4.3303408892825245e-10,0.0350357331335544,0.0005831683520227,5.831683520227671e-10,1.6644959299117805e-08,0.1733874380588531
SGCC,149,1e-06,0.625,0.2403433476394849,0.3093922651933701,0.9086530190951316,0.2705314009661835,0.6090226421442508,0.1948117275334728,0.655355890889126,0.2160044271396081,0.2282557487487793,0.3827463487940363,5282,531,375,168,0.187518391171696,5,13.532270498999992,0.0070010220264254,78efd436b86c0b8850397501c713bcce61b49a24f4dd7be86ffbe9d6259f4ec3,"{""mean"": 1.6593199968338013, ""p995"": 4.9356303215026855, ""std"": 1.1055059432983398}",1.1857168674468994,0.0007461956702172,7.461956702172754e-10,0.0462872609496116,0.0007323031313717,7.323031313717364e-10,1.5820835287033337e-08,-0.5107713937759399
SGCC,173,1e-06,0.82,0.3658536585365853,0.0828729281767955,0.986581799415104,0.1351351351351351,0.5347273637959498,0.1409291295182098,0.6595238525195479,0.193068299014467,0.222347542643547,0.3793707370917477,5735,78,498,45,0.1986057384135859,2,8.403437138999948,0.0072668802706137,7c9d1f7a0dd75d3828fab277fe1f790779a0ad88065dac85c4199ad7071e18fd,"{""mean"": 1.6609737873077393, ""p995"": 4.925848007202148, ""std"": 1.1032264232635498}",1.15974760055542,0.0023190558422356,2.319055842235684e-09,0.022000728175044,0.0006434896495193,6.434896495193242e-10,2.9248561429400764e-08,-0.412544310092926
SGCC,11,1e-05,0.8549999999999999,0.3703703703703703,0.0920810313075506,0.985377601926716,0.1474926253687315,0.5387293166171333,0.1501664523936571,0.6518213922626589,0.1876576905916434,0.2277568131685257,0.3801226958941933,5728,85,493,50,0.2101289214495146,5,12.976349298999937,0.0065820409062282,e13fdecb4bc8b266d2cea2ddc431184415fa2c8e1549e8e8e8d2264655869c10,"{""mean"": 1.659198522567749, ""p995"": 4.9457292556762695, ""std"": 1.1075389385223389}",1.1396480798721311,0.000311000883812,3.110008838120848e-09,0.0378035306930542,0.0006857437547296,6.857437547296286e-09,1.813967484406485e-07,0.2699112594127655
SGCC,23,1e-05,0.6549999999999999,0.2448979591836734,0.2430939226519337,0.9299845174608636,0.243992606284658,0.5865392200563987,0.1736597350940182,0.6802375700112056,0.1933971612004628,0.2084066271781921,0.3558166382812043,5406,407,411,132,0.1912049924048331,12,23.972119004999968,0.0127362778477118,d7d9152271cc20e5f3795a86800bd6c977a8b62492d9bb10ebd1b384cf88c615,"{""mean"": 1.661300778388977, ""p995"": 4.9457292556762695, ""std"": 1.1057639122009277}",1.150408148765564,0.0010838815942406,1.0838815942406656e-08,0.2058929353952407,0.0026781312189996,2.6781312189996243e-08,1.30073973342435e-07,0.25847327709198
SGCC,37,1e-05,0.57,0.199359487590072,0.4585635359116022,0.8279717873731292,0.2779017857142857,0.6432676616423657,0.2015645235844179,0.7061094409906797,0.2340333164653748,0.2147314697504043,0.3663706280586478,4813,1000,294,249,0.2046642472606851,13,28.172374354,0.00928917039018,7744114f6d6394dd1ed7d9a2446f4be612b2ac89ee7da92649d4ca3e87ed7d87,"{""mean"": 1.6570286750793457, ""p995"": 4.910050392150879, ""std"": 1.1032549142837524}",1.1433850526809692,0.001096298918128,1.0962989181280137e-08,0.0936243385076522,0.0025145318359136,2.5145318359136583e-08,2.685767265216123e-07,0.073018305003643
SGCC,53,1e-05,0.7799999999999999,0.3917525773195876,0.1399631675874769,0.9797006709100292,0.2062415196743555,0.5598319192487531,0.1944470210335021,0.6852016769424218,0.2131333327381769,0.2135024815797805,0.3648862136871355,5695,118,467,76,0.2272435532970538,8,19.319093477000024,0.0061653030208,927a17ddd49cd92ec0470ce356050a7e5c33a0dde0dff0b702e61d7feb2956c5,"{""mean"": 1.655530333518982, ""p995"": 4.9090375900268555, ""std"": 1.1081187725067139}",1.1022286415100098,0.0005613227258436,5.613227258436382e-09,0.0867878049612045,0.0011053720954805,1.1053720954805614e-08,1.273649098481843e-07,-0.153250515460968
SGCC,71,1e-05,0.72,0.3231707317073171,0.19521178637200737,0.9618097367968347,0.24339839265212398,0.578510761584421,0.19839728215711488,0.6916419633519715,0.21713659514918493,0.21895311772823334,0.3734161170625027,5591,222,437,106,0.19872931704958216,6,18.039265749999913,0.009952094870993883,fed7d639a7c7b6cd4adad6c0ff50d13d04a56b7df436b958c401e8f6f2b093db,"{""mean"": 1.6630699634552002, ""p995"": 4.93992280960083, ""std"": 1.106569528579712}",1.2431044578552246,0.00038337428122758865,3.833742812275887e-09,0.2390565127134323,0.0008799407514743507,8.799407514743508e-09,3.680890102036981e-08,-0.3607533872127533
SGCC,89,1e-05,0.7799999999999999,0.30033003300330036,0.16758747697974216,0.9635300189231034,0.21513002364066194,0.5655587479514228,0.17201014878195345,0.6715510957056626,0.19362391101760537,0.22890877723693848,0.3837131988597111,5601,212,452,91,0.18624004233930413,6,18.675147258999914,0.010117929515431619,bd235c9e52709b3ccc3a2e9d41541c6e5279e164d54b0bf54c604262ab68001e,"{""mean"": 1.6562169790267944, ""p995"": 4.927568435668945, ""std"": 1.1022279262542725}",1.2317265272140503,0.0004289004427846521,4.289004427846522e-09,0.06983533501625061,0.0010525675024837255,1.0525675024837256e-08,1.5072133644648432e-07,-0.4498574137687683
SGCC,107,1e-05,0.6399999999999999,0.27951807228915665,0.2140221402214022,0.9485724114207086,0.24242424242424243,0.5812972758210554,0.18381854376024861,0.6617442374114143,0.2069451203865305,0.20980314910411835,0.36121688112663425,5515,299,426,116,0.23087145257719988,6,17.896079766000184,0.007752841095050877,efbde7170b6c45433feb3c6fd994dc25442e721d06e1db21fc5b71676f23c957,"{""mean"": 1.6612826585769653, ""p995"": 4.9096879959106445, ""std"": 1.1027220487594604}",1.1790871620178223,0.00042018614476546645,4.201861447654665e-09,0.08123508840799332,0.001011942862533033,1.011942862533033e-08,1.2456967578476355e-07,-0.46260663866996765
SGCC,131,1e-05,0.705,0.3021148036253776,0.1841620626151013,0.9602614828831928,0.2288329519450801,0.572211772749147,0.1816960793526366,0.6634507212037285,0.1964300429723394,0.21869607269763947,0.3745084534638929,5582,231,443,100,0.20299629699141536,5,17.404363699999976,0.006298553964780901,09d9b5e94d1a5ae9f2a3dff58abae0670ba8c0108df2ff5ed7ac800ed91bf8a1,"{""mean"": 1.65463387966156, ""p995"": 4.932785511016846, ""std"": 1.1015292406082153}",1.2113293409347534,0.00020589379710145295,2.0589379710145298e-09,0.03503572195768356,0.0006042480817995965,6.042480817995966e-09,1.7246628527575725e-07,0.14208677411079407
SGCC,149,1e-05,0.625,0.24034334763948498,0.30939226519337015,0.9086530190951316,0.27053140096618356,0.6090226421442508,0.19481172753347287,0.6553558908891262,0.2160043759285783,0.22825577855110168,0.38274635521775907,5282,531,375,168,0.187518391171696,5,29.248859382999854,0.00940443171805635,786a3c8083593f9d8c3942f7e686cd790673c503058671abde8c66fcff5e02a1,"{""mean"": 1.6593199968338013, ""p995"": 4.9356303215026855, ""std"": 1.1055059432983398}",1.1857167482376099,0.0003531634574756026,3.5316345747560267e-09,0.046287260949611664,0.0007547165732830763,7.547165732830763e-09,1.6305060135328837e-07,-0.5024266839027405
SGCC,173,1e-05,0.82,0.36585365853658536,0.08287292817679558,0.986581799415104,0.13513513513513514,0.5347273637959498,0.14092912951820985,0.659523852519548,0.193068299014467,0.22234754264354706,0.37937073709174773,5735,78,498,45,0.19860573841358597,2,24.105855608999946,0.01040428272499572,412d7d4e687e347d0a6ad28dca310ee7973fc9c50e551ad8301f792e9e65ba50,"{""mean"": 1.6609737873077393, ""p995"": 4.925848007202148, ""std"": 1.1032264232635498}",1.15974760055542,0.0003908504149876535,3.908504149876535e-09,0.022000707685947418,0.0005572826485149562,5.5728264851495626e-09,2.533021466718142e-07,-0.5516377091407776
SGCC,11,0.0001,0.8549999999999999,0.37037037037037035,0.09208103130755065,0.985377601926716,0.14749262536873156,0.5387293166171333,0.15016645239365717,0.6518213922626589,0.18765769059164347,0.2277568280696869,0.38012272188917057,5728,85,493,50,0.21012892144951467,5,29.210054078999974,0.009355085273752534,8bab5174c97b3cae5e242118e0c7ab56a1089edac856bcba9a43fa4634ba9bce,"{""mean"": 1.659198522567749, ""p995"": 4.9457292556762695, ""std"": 1.1075389385223389}",1.1396480798721313,0.00030730507569387555,3.0730507569387555e-08,0.03780379891395569,0.0006758484523743391,6.758484523743391e-08,1.7877791962459155e-06,0.2566242814064026
SGCC,23,0.0001,0.6549999999999999,0.24489795918367346,0.2430939226519337,0.9299845174608636,0.24399260628465805,0.5865392200563987,0.17365973509401825,0.6802377284165579,0.19339708960857194,0.20840655267238617,0.3558165472331401,5406,407,411,132,0.19120499240483319,12,39.836377516000084,0.009578848804274908,cea3454c08b10a868168588bc876af54a132e632c849bc57d494ba5b947f8972,"{""mean"": 1.661300778388977, ""p995"": 4.9457292556762695, ""std"": 1.1057639122009277}",1.1504080295562744,0.0010412278352305293,1.0412278352305294e-07,0.20589274168014526,0.0025574674364179373,2.5574674364179373e-07,1.2421357914554207e-06,0.2554318606853485
SGCC,37,0.0001,0.57,0.19935948759007205,0.4585635359116022,0.8279717873731292,0.2779017857142857,0.6432676616423657,0.20156452358441793,0.7061091241799751,0.2340330893042319,0.2147316038608551,0.36637079218241914,4813,1000,294,249,0.20466424726068516,13,50.286515033999876,0.0066295051919207145,5f7904b6e6739c2d5900d73ef43db604ece866eae5ff7a1ba75527e8d374650b,"{""mean"": 1.6570286750793457, ""p995"": 4.910050392150879, ""std"": 1.1032549142837524}",1.1433851718902588,0.0010613501071929932,1.0613501071929932e-07,0.09362476319074631,0.002421435434371233,2.4214354343712333e-07,2.586319422178857e-06,0.08993200212717056
SGCC,53,0.0001,0.7799999999999999,0.3917525773195876,0.13996316758747698,0.9797006709100292,0.2062415196743555,0.5598319192487531,0.19444702103350214,0.6852010433210125,0.21313311961619902,0.21350252628326416,0.3648862876724792,5695,118,467,76,0.22724355329705387,8,19.407136114999957,0.011944534455634398,ec48ab61f80fd20bbc93b8d13d46afe636accf43c3f7d538edaf7ac8bd66e4e2,"{""mean"": 1.655530333518982, ""p995"": 4.9090375900268555, ""std"": 1.1081187725067139}",1.1022285223007202,0.000554206722881645,5.54206722881645e-08,0.08678732067346573,0.0010883441427722573,1.0883441427722574e-07,1.2540358825768046e-06,-0.15156404674053192
SGCC,71,0.0001,0.72,0.3231707317073171,0.19521178637200737,0.9618097367968347,0.24339839265212398,0.578510761584421,0.19839728215711488,0.691642755378733,0.2171370887749881,0.21895313262939453,0.3734161577617095,5591,222,437,106,0.19872931704958216,6,16.210544733999996,0.009727417558223402,60e351f6b707b29a2c65392ddf15ca325955de0d44b8e44ba72214072220f644,"{""mean"": 1.6630699634552002, ""p995"": 4.93992280960083, ""std"": 1.106569528579712}",1.2431045770645142,0.00038032408338040113,3.803240833804011e-08,0.23905669152736664,0.0008722632192075253,8.722632192075253e-08,3.6487714007690543e-07,-0.3574136793613434
SGCC,89,0.0001,0.7799999999999999,0.30033003300330036,0.16758747697974216,0.9635300189231034,0.21513002364066194,0.5655587479514228,0.17201014878195345,0.6715512541110149,0.19362391101760537,0.22890880703926086,0.383713233885411,5601,212,452,91,0.18624004233930413,6,37.652677837000056,0.009361509125229721,f018e58b7e8e36b9e53f63229eee303dad1235aa832663f591cde8eb10d1f4c6,"{""mean"": 1.6562169790267944, ""p995"": 4.927568435668945, ""std"": 1.1022279262542725}",1.2317266464233398,0.00042748579289764166,4.274857928976417e-08,0.06983496993780136,0.0010475978488102555,1.0475978488102556e-07,1.5001049613729346e-06,-0.4488275349140167
SGCC,107,0.0001,0.6399999999999999,0.27951807228915665,0.2140221402214022,0.9485724114207086,0.24242424242424243,0.5812972758210554,0.18381854376024861,0.6617443960817317,0.20694516939323765,0.20980314910411835,0.36121690218894265,5515,299,426,116,0.23087145257719988,6,38.096946462000005,0.009411884990577294,f60dcd6d88cc162f60a58410a79da31ece4471c7f1c97a5f9cafd6c4ff0f5c03,"{""mean"": 1.6612826585769653, ""p995"": 4.9096879959106445, ""std"": 1.1027220487594604}",1.1790871620178223,0.00041689936188049614,4.168993618804962e-08,0.08123492449522018,0.0010043965885415673,1.0043965885415674e-07,1.2364098259248896e-06,-0.45869821310043335
SGCC,131,0.0001,0.705,0.3021148036253776,0.1841620626151013,0.9602614828831928,0.2288329519450801,0.572211772749147,0.1816960793526366,0.6634507212037286,0.1964300429723394,0.21869607269763947,0.3745084607034754,5582,231,443,100,0.20299629699141536,5,37.35379537499989,0.007365117369425205,bc67414ab657d16bd40f89e0a1b413593bc01949dd32037fc0775533f127dcf0,"{""mean"": 1.65463387966156, ""p995"": 4.932785511016846, ""std"": 1.1015292406082153}",1.2113293409347534,0.00020532375492621213,2.0532375492621215e-08,0.03503573313355446,0.000602926011197269,6.02926011197269e-08,1.7208888105721813e-06,0.1409856230020523
SGCC,149,0.0001,0.625,0.24034334763948498,0.30939226519337015,0.9086530190951316,0.27053140096618356,0.6090226421442508,0.19481172753347287,0.6553563661051831,0.21600475579967285,0.22825570404529572,0.38274630304025054,5282,531,375,168,0.187518391171696,5,14.20748431900006,0.007720347230984883,e4e7b28986d553701d1598dc8de1c6e45dc43b56300442ccedde3d770a3b55ae,"{""mean"": 1.6593199968338013, ""p995"": 4.9356303215026855, ""std"": 1.1055059432983398}",1.1857168674468994,0.00035205751191824675,3.5205751191824674e-08,0.0462871789932251,0.0007527517736889422,7.527517736889423e-08,1.6262640974493608e-06,-0.5023223161697388
SGCC,173,0.0001,0.82,0.36585365853658536,0.08287292817679558,0.986581799415104,0.13513513513513514,0.5347273637959498,0.14092912951820985,0.6595238525195479,0.19306829901446704,0.22234754264354706,0.37937073510367586,5735,78,498,45,0.19860573841358597,2,10.058260014000098,0.006058162051619305,00f8571e6223d14bd27bd464db40bdd01ee9247a6fe112d177b57ef1461f1996,"{""mean"": 1.6609737873077393, ""p995"": 4.925848007202148, ""std"": 1.1032264232635498}",1.15974760055542,0.00021773978369310498,2.17739783693105e-08,0.022000692784786224,0.0005468993331305683,5.468993331305683e-08,2.48582778042679e-06,-0.576665997505188
SGCC,11,0.001,0.8549999999999999,0.37037037037037035,0.09208103130755065,0.985377601926716,0.14749262536873156,0.5387293166171333,0.15016645239365717,0.6518210754519542,0.18765651272138736,0.22775694727897644,0.38012291520571395,5728,85,493,50,0.21012892144951467,5,15.077348366000024,0.042882567652614424,726d875180db753a0cd6662ea71fef645a115aa9a47189840c8fe6c9d5339d35,"{""mean"": 1.659198522567749, ""p995"": 4.9457292556762695, ""std"": 1.1075389385223389}",1.1396480798721313,0.0003031743108294904,3.031743108294904e-07,0.03780568391084671,0.0006662890664301813,6.662890664301813e-07,1.7624044786530586e-05,0.25261011719703674
SGCC,23,0.001,0.6549999999999999,0.24489795918367346,0.2430939226519337,0.9299845174608636,0.24399260628465805,0.5865392200563987,0.17365973509401825,0.6802394708754335,0.19339652044182526,0.20840612053871155,0.35581618207966925,5406,407,411,132,0.19120499240483319,12,45.284112149000066,0.009024656702317045,a0c922ada0ca59456c3262d4db35cc0fd60aa8870191f95fc9627aa00f73ac09,"{""mean"": 1.661300778388977, ""p995"": 4.9457292556762695, ""std"": 1.1057639122009277}",1.1504079103469849,0.0009524081251583993,9.524081251583994e-07,0.2058897465467453,0.002233011182397604,2.233011182397604e-06,1.0845664827173025e-05,0.1928897649049759
SGCC,37,0.001,0.57,0.19935948759007205,0.4585635359116022,0.8279717873731292,0.2779017857142857,0.6432676616423657,0.20156452358441793,0.7060394258249513,0.2340298999331996,0.21473270654678345,0.3663722446799054,4813,1000,294,249,0.20466424726068516,13,46.533459885999946,0.006806479861557799,797769554420a0808c7472ff5f7f1930ddc6230b8e65c0070b62195ba4d96281,"{""mean"": 1.6570286750793457, ""p995"": 4.910050392150879, ""std"": 1.1032549142837524}",1.1433851718902588,0.0009578108438290656,9.578108438290655e-07,0.093629390001297,0.001947788754478097,1.947788754478097e-06,2.0803176806461254e-05,0.1456146389245987
SGCC,53,0.001,0.7799999999999999,0.3917525773195876,0.13996316758747698,0.9797006709100292,0.2062415196743555,0.5598319192487531,0.19444702103350214,0.685200726510308,0.21313202856963112,0.21350312232971191,0.3648871639432811,5695,118,467,76,0.22724355329705387,8,29.032780254000045,0.010962031466334047,1f780fc76bbf0e01d5c43d0ddab2675a6bbd9212447b410de2a9595f0c6357c5,"{""mean"": 1.655530333518982, ""p995"": 4.9090375900268555, ""std"": 1.1081187725067139}",1.102228045463562,0.0005297951865941286,5.297951865941286e-07,0.08678310364484787,0.001026142155751586,1.026142155751586e-06,1.1824215920543491e-05,-0.18099087476730347
SGCC,71,0.001,0.72,0.3231707317073171,0.19521178637200737,0.9618097367968347,0.24339839265212398,0.578510761584421,0.19839728215711488,0.691642755378733,0.21713703120199676,0.2189532369375229,0.3734164038653115,5591,222,437,106,0.19872931704958216,6,33.394916690999935,0.024748425110142705,00e8e51d57066e030fa1888011bbd589d35347e876e0b0d603c34b81cf76ca1e,"{""mean"": 1.6630699634552002, ""p995"": 4.93992280960083, ""std"": 1.106569528579712}",1.2431046962738037,0.0003747873706743121,3.747873706743121e-07,0.23905782401561737,0.0008589454810135067,8.589454810135066e-07,3.5930448398852353e-06,-0.35582295060157776
SGCC,89,0.001,0.7799999999999999,0.30033003300330036,0.16758747697974216,0.9635300189231034,0.21513002364066194,0.5655587479514228,0.17201014878195345,0.6715506204896057,0.19362424660313682,0.22890910506248474,0.3837136465040973,5601,212,452,91,0.18624004233930413,6,17.064372018000086,0.009791429043421054,67aece7739978a0efde3eb0ce67063e8b60a85260fb6f9001888626072840fc2,"{""mean"": 1.6562169790267944, ""p995"": 4.927568435668945, ""std"": 1.1022279262542725}",1.2317273616790771,0.00042391722672618926,4.2391722672618924e-07,0.06983081251382828,0.0010371939279139042,1.0371939279139042e-06,1.485295517231041e-05,-0.44734135270118713
SGCC,107,0.001,0.6399999999999999,0.27951807228915665,0.2140221402214022,0.9485724114207086,0.24242424242424243,0.5812972758210554,0.18381854376024861,0.6617447134223664,0.20694537913180805,0.20980316400527954,0.36121700681122393,5515,299,426,116,0.23087145257719988,6,16.784874828000056,0.006750800818101839,0764e411fd3d72c8f355e3c0d7fcf9f711353bc8b346c3e0c4d53d528abb94a0,"{""mean"": 1.6612826585769653, ""p995"": 4.9096879959106445, ""std"": 1.1027220487594604}",1.1790874004364014,0.0004109337169211358,4.109337169211358e-07,0.08123385161161423,0.000991331529803574,9.91331529803574e-07,1.2203428867847017e-05,-0.45498010516166687
SGCC,131,0.001,0.705,0.3021148036253776,0.1841620626151013,0.9602614828831928,0.2288329519450801,0.572211772749147,0.1816960793526366,0.6634469194752728,0.1964300429723394,0.21869602799415588,0.3745084588466912,5582,231,443,100,0.20299629699141536,5,15.538995505999992,0.011827888766533642,0fdc58f80810ea27722d3bc754f9a0be87cb8f245a83c247b55284ab9aee4dc0,"{""mean"": 1.65463387966156, ""p995"": 4.932785511016846, ""std"": 1.1015292406082153}",1.211329460144043,0.0002040036051766947,2.040036051766947e-07,0.03503591939806938,0.0005990600911900401,5.990600911900401e-07,1.709845499938702e-05,0.13959062099456787
SGCC,149,0.001,0.625,0.24034334763948498,0.30939226519337015,0.9086530190951316,0.27053140096618356,0.6090226421442508,0.19481172753347287,0.6553573165372971,0.21600651949465205,0.22825531661510468,0.38274595980714743,5282,531,375,168,0.187518391171696,5,14.440379989000121,0.010439782882301655,450212703c55903f15bd7f0f2b088a7a433f05bead7265e5234bdd179842e336,"{""mean"": 1.6593199968338013, ""p995"": 4.9356303215026855, ""std"": 1.1055059432983398}",1.1857178211212158,0.00034941028570756316,3.494102857075632e-07,0.046286441385746,0.0007472058641724288,7.472058641724288e-07,1.614308298072213e-05,-0.5014467835426331
SGCC,173,0.001,0.82,0.36585365853658536,0.08287292817679558,0.986581799415104,0.13513513513513514,0.5347273637959498,0.14092912951820985,0.6595236941141956,0.1930682711213123,0.22234752774238586,0.37937070316792737,5735,78,498,45,0.19860573841358597,2,10.010484925000128,0.006434649307759323,56c86282e1fcbce98f9aa670107dfc5b610d4f45c63e6da5a29f2686b36e226d,"{""mean"": 1.6609737873077393, ""p995"": 4.925848007202148, ""std"": 1.1032264232635498}",1.1597477197647095,0.00021111353999003768,2.111135399900377e-07,0.02200053073465824,0.0005441433750092983,5.441433750092983e-07,2.4733193102114094e-05,-0.5788206458091736
SGCC,11,0.01,0.815,0.33962264150943394,0.09944751381215469,0.9819370376741786,0.15384615384615385,0.5406922757431667,0.14566417063375647,0.6603337790859948,0.1911590177143644,0.21475951373577118,0.36460176568837044,5708,105,489,54,0.21094312833473036,8,23.062678774999995,0.012705381214602256,01e9eda0d0e27a84f934b848a1e6ad3d75e7a3cd3e935f51062a6d4ba21baf16,"{""mean"": 1.659198522567749, ""p995"": 4.9457292556762695, ""std"": 1.1075389385223389}",1.1353696584701538,0.00044960714876651764,4.496071487665176e-06,0.06008128076791763,0.0008608801290392876,8.608801290392877e-06,0.00014328591501980477,-0.24886922538280487
SGCC,23,0.01,0.6549999999999999,0.24489795918367346,0.2430939226519337,0.9299845174608636,0.24399260628465805,0.5865392200563987,0.17365973509401825,0.6802359859576823,0.19339134722605705,0.2084023356437683,0.35581310962246526,5406,407,411,132,0.19120499240483319,12,29.560095318000094,0.011707667558238832,8021de39ee2f9da414a9901f857ee37a71e073e96686782a6e19af8e8aad5025,"{""mean"": 1.661300778388977, ""p995"": 4.9457292556762695, ""std"": 1.1057639122009277}",1.1504069566726685,0.0009058210998773575,9.058210998773575e-06,0.20586058497428894,0.0020760081242769957,2.0760081242769956e-05,0.00010084534271270431,0.17246726155281067
SGCC,37,0.01,0.57,0.19935948759007205,0.4585635359116022,0.8279717873731292,0.2779017857142857,0.6432676616423657,0.20156452358441793,0.706103738397996,0.23403328246053254,0.21474315226078033,0.3663862395475989,4813,1000,294,249,0.20466424726068516,13,31.834504768999977,0.006602212240395579,da516c520e2bac487bba336d9ec708ccf284ec3c75230dd501fba9d615337319,"{""mean"": 1.6570286750793457, ""p995"": 4.910050392150879, ""std"": 1.1032549142837524}",1.1433860063552856,0.0009218953200615942,9.218953200615943e-06,0.09367020428180695,0.0017999970586970448,1.799997058697045e-05,0.0001921632468401319,0.1790694296360016
SGCC,53,0.01,0.7799999999999999,0.3917525773195876,0.13996316758747698,0.9797006709100292,0.2062415196743555,0.5598319192487531,0.19444702103350214,0.685188687703531,0.2131317066558303,0.21350881457328796,0.36489560011049876,5695,118,467,76,0.22724355329705387,8,22.104340113999797,0.010951280207657062,7d154d7852148c1b0dc7f77f7d405b6ab5781c6f7051e8bf341fed5157700e06,"{""mean"": 1.655530333518982, ""p995"": 4.9090375900268555, ""std"": 1.1081187725067139}",1.1022231578826904,0.0005128546617925167,5.128546617925167e-06,0.08674301207065582,0.0009834195952862501,9.834195952862502e-06,0.00011337162173769267,-0.2294182926416397
SGCC,71,0.01,0.72,0.3231707317073171,0.19521178637200737,0.9618097367968347,0.24339839265212398,0.578510761584421,0.19839728215711488,0.6916376864074585,0.21713796096904406,0.21895433962345123,0.3734188680241061,5591,222,437,106,0.19872931704958216,6,17.677078443000028,0.006651819697945235,e3b3aff4f5b25cb4dc6d7ef083dfc1474a1eb5921e84ffc38c57206db09238a2,"{""mean"": 1.6630699634552002, ""p995"": 4.93992280960083, ""std"": 1.106569528579712}",1.2431073188781738,0.00036901829298585653,3.6901829298585654e-06,0.2390681356191635,0.0008454498602077365,8.454498602077365e-06,3.536438923648702e-05,-0.3635900914669037
SGCC,89,0.01,0.7799999999999999,0.30033003300330036,0.16758747697974216,0.9635300189231034,0.21513002364066194,0.5655587479514228,0.17201014878195345,0.6715455515183312,0.1936190758193163,0.22891207039356232,0.38371748123212457,5601,212,452,91,0.18624004233930413,6,16.724540609000087,0.0062738110446558465,81c8c90aba51fc201035db42d85cbbeace9f9ea20a8205ab8215956bdb079854,"{""mean"": 1.6562169790267944, ""p995"": 4.927568435668945, ""std"": 1.1022279262542725}",1.2317360639572144,0.00041944917757064104,4.194491775706411e-06,0.06978964060544968,0.0010259388945996761,1.0259388945996761e-05,0.0001470044673821638,-0.44459736347198486
SGCC,107,0.01,0.6399999999999999,0.27951807228915665,0.2140221402214022,0.9485724114207086,0.24242424242424243,0.5812972758210554,0.18381854376024861,0.6617437614004622,0.20694043101409848,0.2098032534122467,0.36121801032800205,5515,299,426,116,0.23087145257719988,6,17.1597169690001,0.009060932032717843,6af80f6fc4b082ff9808093baa10c47d577de66aa5dfd423f8ac83661bb410a6,"{""mean"": 1.6612826585769653, ""p995"": 4.9096879959106445, ""std"": 1.1027220487594604}",1.1790902614593506,0.0004033173026982695,4.0331730269826946e-06,0.08122195303440094,0.0009733304032124579,9.73330403212458e-06,0.00011983587772141003,-0.4555968940258026
SGCC,131,0.01,0.705,0.3021148036253776,0.1841620626151013,0.9602614828831928,0.2288329519450801,0.572211772749147,0.1816960793526366,0.6634486619341483,0.19642860041087262,0.2186957597732544,0.37450841811935137,5582,231,443,100,0.20299629699141536,5,14.921131020000075,0.009219317967275927,6fbb91ccaa72a0f5e54639a2620f2c25c10274ddd81d3f58d4e291eb3ec3bffe,"{""mean"": 1.65463387966156, ""p995"": 4.932785511016846, ""std"": 1.1015292406082153}",1.2113302946090698,0.00020258946460671723,2.0258946460671725e-06,0.035037849098443985,0.0005950310151092708,5.950310151092708e-06,0.0001698252119978723,0.13869896531105042
SGCC,149,0.01,0.625,0.24034334763948498,0.30939226519337015,0.9086530190951316,0.27053140096618356,0.6090226421442508,0.19481172753347287,0.6553543068356028,0.21600435006538804,0.22825142741203308,0.3827425204615986,5282,531,375,168,0.187518391171696,5,15.095950906000098,0.008956615324081145,eb389aa1a22687be3e4f0ffcd6451a05f8fdc271d2381e02d9feea85d6a85b36,"{""mean"": 1.6593199968338013, ""p995"": 4.9356303215026855, ""std"": 1.1055059432983398}",1.185726523399353,0.0003462997847236693,3.462997847236693e-06,0.046279728412628174,0.0007406126824207604,7.406126824207604e-06,0.00016002960860476273,-0.49984222650527954
SGCC,173,0.01,0.82,0.36585365853658536,0.08287292817679558,0.986581799415104,0.13513513513513514,0.5347273637959498,0.14092912951820985,0.6595232188981386,0.1930680279126203,0.2223471999168396,0.37937055810432607,5735,78,498,45,0.19860573841358597,2,9.465257736000012,0.009909268407793574,c106ba56149f85575676184ad1603a8c9e8e9f67324769c133d3ea1e24b6d92b,"{""mean"": 1.6609737873077393, ""p995"": 4.925848007202148, ""std"": 1.1032264232635498}",1.1597480773925781,0.000210111218621023,2.1011121862102302e-06,0.021999051794409752,0.0005421655951067805,5.421655951067805e-06,0.0002464495289040375,-0.5778617858886719
SGCC,11,0.1,0.815,0.33962264150943394,0.09944751381215469,0.9819370376741786,0.15384615384615385,0.5406922757431667,0.14566417063375647,0.660271842593235,0.1911371503064178,0.21476012468338013,0.36461735660734235,5708,105,489,54,0.21094312833473036,8,21.29827414800002,0.01417452894902007,8d6d23d7b92cba93d584bf76d00a85fa3e41d3a1696b97c8140c8732f7e735e7,"{""mean"": 1.659198522567749, ""p995"": 4.9457292556762695, ""std"": 1.1075389385223389}",1.1353676319122314,0.00044189777690917253,4.418977769091726e-05,0.060289036482572556,0.0008465778664685786,8.465778664685787e-05,0.0014041986998967792,-0.25659868121147156
SGCC,23,0.1,0.73,0.29577464788732394,0.19337016574585636,0.9569929468432823,0.23385300668151449,0.5751815562945694,0.1830270979262499,0.6869281368774313,0.19712466128224385,0.20338942110538483,0.3456525118696832,5563,250,438,105,0.19976294332448014,19,60.29850529800001,0.007114591252358913,df0351bcff095f595508544d6d071c25264f891cced61e4f84f9baaeb952ebbb,"{""mean"": 1.661300778388977, ""p995"": 4.9457292556762695, ""std"": 1.1057639122009277}",1.1454256772994995,0.0009357333183288574,9.357333183288575e-05,0.13960424065589905,0.0020618876442313194,0.00020618876442313194,0.0014769520141680549,-0.022483931854367256
SGCC,37,0.1,0.57,0.19935948759007205,0.4585635359116022,0.8279717873731292,0.2779017857142857,0.6432676616423657,0.20156452358441793,0.7060948676982657,0.2340131064839734,0.21483296155929565,0.3665086150431949,4813,1000,294,249,0.20448164802233484,13,56.51096041899996,0.006645460352444163,38b0d414c307e95e54de738dc7bde7f19f307bd16389f783a3440355d7f3bb3d,"{""mean"": 1.6570286750793457, ""p995"": 4.910050392150879, ""std"": 1.1032549142837524}",1.1433961391448975,0.000897558405995369,8.97558405995369e-05,0.09393975138664246,0.001719404594041407,0.00017194045940414072,0.0018303269581421246,0.1840401142835617
SGCC,53,0.1,0.7749999999999999,0.38164251207729466,0.14548802946593,0.9779803887837606,0.21066666666666667,0.5617342091248453,0.19443235724303806,0.685044222022209,0.2131503669428964,0.21356461942195892,0.3649785220341686,5685,128,464,79,0.22745755164619502,8,48.171472628000174,0.010880791063552836,5a84ac12d4138a786f8d459fbecc6f046d24e37e1c853f2f515c27a666f7f6e9,"{""mean"": 1.655530333518982, ""p995"": 4.9090375900268555, ""std"": 1.1081187725067139}",1.1021758317947388,0.0005041012191213667,5.041012191213668e-05,0.08635592460632324,0.0009724406991153955,9.724406991153956e-05,0.0011260845200239923,-0.22808566689491272
SGCC,71,0.1,0.72,0.3231707317073171,0.19521178637200737,0.9618097367968347,0.24339839265212398,0.578510761584421,0.19839728215711488,0.691600144338957,0.21715064456073846,0.21896536648273468,0.37344373730723407,5591,222,437,106,0.1992277618406441,6,42.779869311000084,0.011082850849587553,1b32185ae3eb33d069190ffc4aea788118bf5f046e5c92176bbdc16def1935c0,"{""mean"": 1.6630699634552002, ""p995"": 4.93992280960083, ""std"": 1.106569528579712}",1.2431330680847168,0.0003637519257608801,3.6375192576088014e-05,0.23916584253311157,0.0008352938457392156,8.352938457392157e-05,0.0003492529856656151,-0.3708798885345459
SGCC,89,0.1,0.7799999999999999,0.30033003300330036,0.16758747697974216,0.9635300189231034,0.21513002364066194,0.5655587479514228,0.17201014878195345,0.6715029404785553,0.1936041674190693,0.22894129157066345,0.38375580626849937,5601,212,452,91,0.18852260223662187,6,15.719836849999865,0.008282229074908932,6853385159c11886d1ff1b34cde6a6b7c1ca92878561cfca0b61ff9951c59bb9,"{""mean"": 1.6562169790267944, ""p995"": 4.927568435668945, ""std"": 1.1022279262542725}",1.2318198680877686,0.00041418339242227376,4.141833924222738e-05,0.06938152015209198,0.0010169874876737595,0.00010169874876737596,0.0014657901490835173,-0.4424508213996887
SGCC,107,0.1,0.6399999999999999,0.27951807228915665,0.2140221402214022,0.9485724114207086,0.24242424242424243,0.5812972758210554,0.18381854376024861,0.6617275770280923,0.20697093322618787,0.2098044902086258,0.36122800929318283,5515,299,426,116,0.23045286368423537,6,15.381897202000118,0.011367107142848517,e3fbd4a2bcedbabb75aa6b282297f5d82d9388f551be42f360cec7e73f94430f,"{""mean"": 1.6612826585769653, ""p995"": 4.9096879959106445, ""std"": 1.1027220487594604}",1.179118037223816,0.00039649970130994916,3.964997013099492e-05,0.0811048299074173,0.0009575392468832433,9.575392468832434e-05,0.0011806192651859237,-0.45769813656806946
SGCC,131,0.1,0.705,0.3021148036253776,0.1841620626151013,0.9602614828831928,0.2288329519450801,0.572211772749147,0.1816960793526366,0.6634375735594855,0.19640540214927713,0.21869276463985443,0.37450778889461006,5582,231,443,100,0.20299629699141536,5,13.786246524999797,0.008820563089985385,890cefa76308c0eac6cca0e1db945fc108458dff7af6fbd9fceb81e9c472fe84,"{""mean"": 1.65463387966156, ""p995"": 4.932785511016846, ""std"": 1.1015292406082153}",1.2113382816314697,0.00020129264157731086,2.0129264157731086e-05,0.03505658358335495,0.0005922270938754082,5.922270938754082e-05,0.001689346289170633,0.1383030265569687
SGCC,149,0.1,0.7649999999999999,0.33762057877813506,0.19337016574585636,0.9645621881988646,0.2459016393442623,0.5789661769723605,0.2046410887146507,0.6553281699524687,0.21600633099534397,0.22821302711963654,0.3827085874604309,5607,206,438,105,0.18683336018958388,5,14.489460233000045,0.009746379798600976,328c87554f4eee5776b6b58180cc9dbf2c4b0292855a9ce5cd8b6a984e50d4bb,"{""mean"": 1.6593199968338013, ""p995"": 4.9356303215026855, ""std"": 1.1055059432983398}",1.1858139038085938,0.0003429425705689937,3.429425705689937e-05,0.04621462896466255,0.0007348115323111415,7.348115323111415e-05,0.001589997688552268,-0.5016810297966003
SGCC,173,0.1,0.82,0.36585365853658536,0.08287292817679558,0.986581799415104,0.13513513513513514,0.5347273637959498,0.14092912951820985,0.6595221100606723,0.19306361801280342,0.22234416007995605,0.3793690130536552,5735,78,498,45,0.19860573841358597,2,10.08076869499996,0.008270960195087345,3eedd7e19a2e4212fb47e6c642a0b510fc7e8563bab279d176a9578ac0ace0dd,"{""mean"": 1.6609737873077393, ""p995"": 4.925848007202148, ""std"": 1.1032264232635498}",1.1597521305084229,0.00020957164815627038,2.095716481562704e-05,0.021983740851283073,0.0005411144229583442,5.411144229583442e-05,0.002461430138841735,-0.5778968334197998
SGCC,11,1.0,0.815,0.34394904458598724,0.09944751381215469,0.9822810940994323,0.15428571428571428,0.5408643039557935,0.1471849936674458,0.6596727535507351,0.1909313093006531,0.2147584706544876,0.36474923273727833,5710,103,489,54,0.21303933504405592,8,22.197984014999975,0.008292971680293302,230c0a9813617b6363d8b2f04541d210618839dc59ea6c51c948199d0f53b307,"{""mean"": 1.659198522567749, ""p995"": 4.9457292556762695, ""std"": 1.1075389385223389}",1.1353579759597778,0.000402978592319414,0.000402978592319414,0.0624164454638958,0.000786101387348026,0.000786101387348026,0.0125944593849507,-0.28206974267959595
SGCC,23,1.0,0.6549999999999999,0.24531835205992508,0.24125230202578268,0.930672630311371,0.24326833797585887,0.5859624661685768,0.1732336313787759,0.6802854084276083,0.1931682822203412,0.20790883898735046,0.35538534681289885,5410,403,412,131,0.191508448059027,12,28.726355495000007,0.012235601006945047,e8e1262a902ea4bbb6718678c663a54735b7610d1d1d14d2f85a80db66c298f7,"{""mean"": 1.661300778388977, ""p995"": 4.9457292556762695, ""std"": 1.1057639122009277}",1.1502444744110107,0.0008044822607189417,0.0008044822607189417,0.20272289216518402,0.0018189367838203907,0.0018189367838203907,0.008972527790982147,0.10883244127035141
SGCC,37,1.0,0.5599999999999999,0.19148936170212766,0.46408839779005523,0.8169619817650094,0.27111350188273264,0.6405251897775324,0.19388358415731569,0.7061176780690008,0.23398894787420693,0.21522125601768494,0.36712512877975495,4749,1064,291,252,0.20440102150759223,13,29.576458095000135,0.010091041063535297,ac8e1da24163dbc37242a4818f56d7c20f8ad2d76f32331f6835c512ed380d19,"{""mean"": 1.6570286750793457, ""p995"": 4.910050392150879, ""std"": 1.1032549142837524}",1.1436527967453003,0.0008106349851004779,0.0008106349851004779,0.09302416443824768,0.0015761035028845072,0.0015761035028845072,0.01694294716219433,0.20178987085819244
SGCC,53,1.0,0.7649999999999999,0.3593073593073593,0.15285451197053407,0.9745398245312231,0.2144702842377261,0.5636971682508786,0.19027913174974206,0.6826900016759286,0.211136822867251,0.2285136729478836,0.38510690261876523,5665,148,460,83,0.22722816721890607,9,23.863576416000114,0.0068023775959723245,9e0a6972b6e5156d682c0e80ed011c8e69f7a86647f377a449b5a353b2378cbe,"{""mean"": 1.655530333518982, ""p995"": 4.9090375900268555, ""std"": 1.1081187725067139}",1.1090270280838013,0.0005362412193790078,0.0005362412193790078,0.11988269537687302,0.0010880791814997792,0.0010880791814997792,0.009076198846540819,0.04137037694454193
SGCC,71,1.0,0.72,0.32407407407407407,0.19337016574585636,0.9623258214347153,0.2422145328719723,0.5778479935902858,0.1978674351102446,0.691264166586672,0.21708884492419236,0.21907100081443787,0.37368152424683726,5594,219,438,105,0.2012409278633041,6,18.808475686000065,0.009744961453740634,53e94de4bb99072f881619d53441b45060259d7bb79de3783c1636910d4f3efe,"{""mean"": 1.6630699634552002, ""p995"": 4.93992280960083, ""std"": 1.106569528579712}",1.2433750629425049,0.00034089767723344266,0.00034089767723344266,0.2400951087474823,0.0008027081494219601,0.0008027081494219601,0.003343292387793708,-0.37555843591690063
SGCC,89,1.0,0.7799999999999999,0.2956810631229236,0.16390423572744015,0.9635300189231034,0.2109004739336493,0.5637171273252718,0.16770497177936936,0.6710877600501067,0.19332600465272493,0.2291833609342575,0.38408135145414996,5601,212,454,89,0.18554630935790914,6,17.290243195999892,0.009751238829457694,7755cf2ce737cb80c3945f73885c7288809b3c373c360fec61737997a331fcf1,"{""mean"": 1.6562169790267944, ""p995"": 4.927568435668945, ""std"": 1.1022279262542725}",1.232573390007019,0.0003821518912445754,0.0003821518912445754,0.06559669226408005,0.0009655430330894887,0.0009655430330894887,0.014719385989805593,-0.43075430393218994
SGCC,107,1.0,0.6399999999999999,0.28019323671497587,0.2140221402214022,0.9487444100447197,0.24267782426778242,0.581383275133061,0.1842195943585023,0.6614526013681189,0.20697072828557544,0.20980560779571533,0.36131045729615835,5516,298,426,116,0.23087145257719988,6,17.976440318000186,0.010573558999374006,8cfc540ac90e021ae9447399b56b119ba8a406be5038a11e0797ac662c213891,"{""mean"": 1.6612826585769653, ""p995"": 4.9096879959106445, ""std"": 1.1027220487594604}",1.179362416267395,0.0003724366833921522,0.0003724366833921522,0.08025622367858887,0.0009151543490588665,0.0009151543490588665,0.011402908174746524,-0.47290948033332825
SGCC,131,1.0,0.705,0.30303030303030304,0.1841620626151013,0.9604335110958198,0.2290950744558992,0.5722977868554605,0.1821728033229591,0.6633233633004578,0.1963786492790857,0.21866263449192047,0.3744999692406648,5583,230,443,100,0.20299629699141536,5,16.364696836999883,0.018708926683465257,fa54edbc88ecee9b608b6b593861e294bad402427bc681467464c0baae95e7cf,"{""mean"": 1.65463387966156, ""p995"": 4.932785511016846, ""std"": 1.1015292406082153}",1.2114163637161255,0.0001929111167555675,0.0001929111167555675,0.035245779901742935,0.0005768761620856822,0.0005768761620856822,0.016367240665233658,0.13570576906204224
SGCC,149,1.0,0.7649999999999999,0.3387096774193548,0.19337016574585636,0.9647342164114915,0.246189917936694,0.5790521910786739,0.20517718417216407,0.6552336019571298,0.216043565683156,0.22786390781402588,0.38240464283018616,5608,205,438,105,0.18882884287975155,5,17.440754925999954,0.00957479672749325,cab99d3e9363d6aa3decbfcbc1fd954a37123759325359cff459210e4be3a787,"{""mean"": 1.6593199968338013, ""p995"": 4.9356303215026855, ""std"": 1.1055059432983398}",1.1866263151168823,0.00032138166716322303,0.00032138166716322303,0.04578978195786476,0.00070168700767681,0.00070168700767681,0.015324095850084948,-0.5276396870613098
SGCC,173,1.0,0.82,0.3629032258064516,0.08287292817679558,0.9864097712024772,0.13493253373313344,0.5346413496896364,0.14002330094216253,0.659468569051586,0.19298994550294163,0.22230498492717743,0.37934081048673624,5734,79,498,45,0.19860573841358597,2,12.450958547000027,0.016191752202646886,f97152128eec1f2608de68e7a005f71326eb4a87d45ba98f716700192a4654d0,"{""mean"": 1.6609737873077393, ""p995"": 4.925848007202148, ""std"": 1.1032264232635498}",1.1597986221313477,0.00020592572400346398,0.00020592572400346398,0.021890386939048767,0.0005346530815586448,0.0005346530815586448,0.02442410374231045,-0.5819126963615417
SGCC,11,10.0,0.835,0.38271604938271603,0.0570902394106814,0.9913985893686564,0.09935897435897435,0.524244414389669,0.12083490246350516,0.6603504116479891,0.1916305214738631,0.21257196366786957,0.3647469488740943,5763,50,512,31,0.21131151156891378,9,23.335102848999895,0.010892794839526468,af4098074ed161f6d637189967bdec2dc8e50e51a4a4f997b1df967081f02cf0,"{""mean"": 1.659198522567749, ""p995"": 4.9457292556762695, ""std"": 1.1075389385223389}",1.1383228302001953,0.00025955680757761,0.0025955680757761,0.14565829932689667,0.0005920833209529519,0.005920833209529519,0.04064878717443739,-0.3990384638309479
SGCC,23,10.0,0.63,0.23378839590443687,0.2523020257826888,0.922759332530535,0.24269264836138174,0.587530679156612,0.16914285448616306,0.6715368392239531,0.18981066049058903,0.20466478168964386,0.3517681755514698,5364,449,406,137,0.18197789986163274,10,24.650606040999946,0.007412894587797251,e8ac532bec755928eca442d57599f5d25086fe9f070f2fcdcb6490fee34190c6,"{""mean"": 1.661300778388977, ""p995"": 4.9457292556762695, ""std"": 1.1057639122009277}",1.1539056301116943,0.00033125135814771056,0.0033125135814771056,0.191228449344635,0.0007875484880059958,0.007875484880059958,0.04118364661246942,-0.29866060614585876
SGCC,37,10.0,0.625,0.2597623089983022,0.281767955801105,0.9249956992946843,0.2703180212014134,0.6033818275478946,0.19931576646948332,0.6689572080613118,0.22059452479680586,0.23061838746070862,0.3918248789069636,5377,436,390,153,0.19658099693916467,4,13.05680957100003,0.00840699764002083,b2fbc6352dd375c9c60d6dd210f7747233f770787b40d160ed81e32238606a02,"{""mean"": 1.6570286750793457, ""p995"": 4.910050392150879, ""std"": 1.1032549142837524}",1.1624103784561157,0.00018700523651205003,0.0018700523651205003,0.03962084278464317,0.0005221538594923913,0.0052215385949239135,0.1317876710322718,-0.09256142377853394
SGCC,53,10.0,0.7749999999999999,0.37962962962962965,0.15101289134438306,0.9769482195079993,0.2160737812911726,0.5639805554261912,0.19740903099923568,0.6786747428051496,0.2124779309395451,0.21641798317432404,0.3693886300193731,5679,134,461,82,0.2315905194673205,8,17.879401569000038,0.005680793423531343,4563b801d0917a0a7b6c80a3ceac747c897c42c65714d621784cd969de4a9055,"{""mean"": 1.655530333518982, ""p995"": 4.9090375900268555, ""std"": 1.1081187725067139}",1.099835991859436,0.0002362181548960507,0.002362181548960507,0.08797900378704071,0.0006480207084678113,0.0064802070846781135,0.07365629077096514,-0.13246746361255646
SGCC,71,10.0,0.69,0.29923273657289,0.2154696132596685,0.9528642697402374,0.2505353319057816,0.584166941499953,0.19582945492324821,0.6873623259481589,0.21718682296743597,0.21937406063079834,0.3747755168902567,5539,274,426,117,0.20141151033895455,6,17.574415326999997,0.00902876667714364,9ba9c0a78d23a46429eda6889f928a5c3ae03113221882f538f4b6cbc938d555,"{""mean"": 1.6630699634552002, ""p995"": 4.93992280960083, ""std"": 1.106569528579712}",1.2446200847625732,0.00022256198280956596,0.0022256198280956596,0.24391721189022064,0.0006198793998919427,0.006198793998919427,0.025413516130666936,-0.41643741726875305
SGCC,89,10.0,0.7699999999999999,0.3024054982817869,0.16206261510128914,0.9650782728367452,0.21103117505995203,0.5635704439690171,0.17002916394695375,0.6738782287366951,0.19432996414588233,0.22925318777561188,0.3846972195737537,5610,203,455,88,0.18454914008981252,9,23.13393449499995,0.02078869839521104,21a8f0a118483f4a8779e76825be65362215534effbf084ca6eaa212a2fe4524,"{""mean"": 1.6562169790267944, ""p995"": 4.927568435668945, ""std"": 1.1022279262542725}",1.2228059768676758,0.0002825209521688521,0.002825209521688521,0.0923198014497757,0.0007469862466678023,0.007469862466678023,0.08091289571004782,-0.5664288401603699
SGCC,107,10.0,0.7499999999999999,0.3220338983050847,0.1752767527675277,0.9656002751977985,0.2270011947431302,0.5704385139826631,0.18702264202728797,0.6583358403243476,0.20492340245508073,0.22652307152748108,0.3815737140673822,5614,200,447,95,0.23270611970729999,5,14.871285830000033,0.010030161107645798,46110d8a6c3e54b64b1fecbf7cd3bc2105bdb300760a05292b7d8b788a101ccb,"{""mean"": 1.6612826585769653, ""p995"": 4.9096879959106445, ""std"": 1.1027220487594604}",1.1838159561157227,0.0002255324652651325,0.002255324652651325,0.12174645066261292,0.0006350037292577326,0.006350037292577326,0.05215788434091375,0.28962385654449463
SGCC,131,10.0,0.7449999999999999,0.3191489361702128,0.19337016574585636,0.961465680371581,0.2408256880733945,0.5774179230587186,0.1953543306854374,0.6689920572388236,0.2003473253301192,0.22212903201580048,0.3768408640590833,5589,224,438,105,0.20646827215141744,7,22.308434619999844,0.008812129955940308,bdd2b181578c3eb7b5323a50f8bfba19fc803f7d8cb65c9468248c4a5669c62c,"{""mean"": 1.65463387966156, ""p995"": 4.932785511016846, ""std"": 1.1015292406082153}",1.2110739946365356,0.00018714329053182155,0.0018714329053182155,0.0905546247959137,0.0005842013633809984,0.005842013633809984,0.06451369708588982,0.44417604804039
SGCC,149,10.0,0.6399999999999999,0.25432525951557095,0.27071823204419887,0.9258558403578186,0.2622658340767172,0.5982870362010088,0.19110569234020006,0.6528160194699186,0.21471493425341304,0.22940172255039215,0.38714507504444284,5382,431,396,147,0.18831528067112183,4,18.147676890999946,0.009329126651978067,cc8925323ac10756a20176c56247291f6e97a8706889171efc6f14e86de62640,"{""mean"": 1.6593199968338013, ""p995"": 4.9356303215026855, ""std"": 1.1055059432983398}",1.198030710220337,0.00018480586004443467,0.0018480586004443467,0.04128633067011833,0.0004843512724619359,0.004843512724619359,0.1173151657220275,-0.7026649713516235
SGCC,173,10.0,0.815,0.3458646616541353,0.0847145488029466,0.9850335455014623,0.13609467455621302,0.5348740471522044,0.1362092812885432,0.6591455805381917,0.19281955222585365,0.22200272977352142,0.3791752067412724,5726,87,497,46,0.20138198296367713,2,14.83782769000004,0.01064268171805161,137c80c9f3d6a85e6e8b2868cbfcf128acf732c581ef9715328e74876b0194bd,"{""mean"": 1.6609737873077393, ""p995"": 4.925848007202148, ""std"": 1.1032264232635498}",1.1602754592895508,0.00017514654609840363,0.0017514654609840363,0.020871426910161972,0.0004813693230971694,0.004813693230971694,0.23063555988249093,-0.611860454082489
SGCC,11,100.0,0.83,0.38202247191011235,0.06261510128913444,0.9905384483055221,0.10759493670886076,0.5265767747973282,0.12644669941390108,0.6535570397081033,0.1900930176544975,0.21098224818706512,0.36301982821984585,5758,55,509,34,0.21610835702301462,11,29.548804305999965,0.008303193832593227,e49ba36b6926f9ec74b3c41d9773e10c4ea4431c847feb233fc6bade4db7ea53,"{""mean"": 1.659198522567749, ""p995"": 4.9457292556762695, ""std"": 1.1075389385223389}",1.1402461528778076,5.338333721738309e-05,0.005338333721738309,0.230749249458313,0.00023128230532165617,0.023128230532165617,0.10023101087634934,-0.654066264629364
SGCC,23,100.0,0.7449999999999999,0.2716417910447761,0.16758747697974216,0.9580251161190435,0.2072892938496583,0.5628062965493928,0.15713630630406997,0.6615056618825083,0.18702316511204958,0.2230576127767563,0.37422981588175785,5569,244,452,91,0.17945628127114124,11,26.232833907999975,0.012838173851489127,53c7c2367c8000814bcf7b3b3d10d339358b01a36f0ad0e2616a486720eac5a8,"{""mean"": 1.661300778388977, ""p995"": 4.9457292556762695, ""std"": 1.1057639122009277}",1.1623936891555786,7.150542660383508e-05,0.007150542660383508,0.20328909158706665,0.00033471258939243853,0.03347125893924385,0.1646485735065054,0.18465787172317505
SGCC,37,100.0,0.7449999999999999,0.3448275862068966,0.16574585635359115,0.9705831756408051,0.22388059701492538,0.5681645159971981,0.19203541073082953,0.6610374156610302,0.21561638222064933,0.2224729210138321,0.3821079387060496,5642,171,453,90,0.19171927853094375,3,12.273734760000025,0.013193905601015415,0bfa346a2d796d845632a9a0734c390d6f634eeecda9536261133137a13a10ee,"{""mean"": 1.6570286750793457, ""p995"": 4.910050392150879, ""std"": 1.1032549142837524}",1.1680922508239746,5.286567102302797e-05,0.005286567102302797,0.06492871046066284,0.00022963517403695732,0.022963517403695732,0.35367277804798253,-0.8197743892669678
SGCC,53,100.0,0.74,0.41317365269461076,0.1270718232044199,0.9831412351625667,0.19436619718309858,0.5551065291834933,0.19260371221824005,0.6525739760915634,0.19752172636973628,0.22813493013381958,0.3898766247955337,5715,98,474,69,0.22239898177102743,2,9.919489473000112,0.010641053020774992,b3eadc1e5c9bb61f5528f005f03b228d4e1fd32b9e31d200b020502ed5d82698,"{""mean"": 1.655530333518982, ""p995"": 4.9090375900268555, ""std"": 1.1081187725067139}",1.1221486330032349,6.0307051171548665e-05,0.0060307051171548665,0.10068315267562866,0.00027139659505337477,0.027139659505337477,0.2695551220249671,-0.6716481447219849
SGCC,71,100.0,0.6749999999999999,0.3108433734939759,0.23756906077348067,0.950799931188715,0.26931106471816285,0.5941844959810978,0.21313543781700062,0.6816521298074837,0.21826381057200814,0.22514905035495758,0.3832690841872936,5527,286,414,129,0.2042316694908874,6,16.95949709299998,0.00891342794212466,360d6cd198b3567d69405049a51231db3c589c5ba8dfae56eccd194be5fbeaf7,"{""mean"": 1.6630699634552002, ""p995"": 4.93992280960083, ""std"": 1.106569528579712}",1.2426016330718994,6.215651956154034e-05,0.0062156519561540335,0.27831315994262695,0.0002960909914691001,0.029609099146910012,0.10638770783607142,-0.4833698272705078
SGCC,89,100.0,0.73,0.31338028169014087,0.16390423572744015,0.9664544985377602,0.21523579201934703,0.5651793671326002,0.1763661196391303,0.668563729166132,0.19335301654234982,0.22185668349266052,0.3781596082816565,5618,195,454,89,0.18589701446045045,8,19.956383249000055,0.012213430616730784,1b5ce07a31905d406260764589a820eae451d0030e4c962c695ac77f36d0f636,"{""mean"": 1.6562169790267944, ""p995"": 4.927568435668945, ""std"": 1.1022279262542725}",1.2366966009140015,5.887840598006733e-05,0.005887840598006733,0.18258428573608398,0.00029312088736332953,0.029312088736332953,0.16054004110026227,-0.7525113224983215
SGCC,107,100.0,0.705,0.3242320819112628,0.1752767527675277,0.9659442724458205,0.2275449101796407,0.5706105126066741,0.18808706202017672,0.6580408722043877,0.20604763596661357,0.22228753566741943,0.37920067980744837,5616,198,447,95,0.22857753108631412,9,24.41703041300002,0.015796354940222995,3af1f2485071b8ffcf63ea97068ddc9765f6572ac795fb0af77373db6dda6cd0,"{""mean"": 1.6612826585769653, ""p995"": 4.9096879959106445, ""std"": 1.1027220487594604}",1.1813963651657104,5.2485393098322675e-05,0.0052485393098322675,0.02792508713901043,0.0002671654219739139,0.02671654219739139,0.9567218918385848,-0.7561826705932617
SGCC,131,100.0,0.6599999999999999,0.3117283950617284,0.1860036832412523,0.9616377085842078,0.23298731257208766,0.5738206959127301,0.187631191051376,0.6649864610945367,0.1982722164420236,0.21593168377876282,0.3727444816190841,5590,223,442,101,0.20420540480759794,10,25.08423671100013,0.009150374134658612,4e4651520f608534f5b4ce0896cef57ed06f4ebd0a065aa05c13624cf87d5b99,"{""mean"": 1.65463387966156, ""p995"": 4.932785511016846, ""std"": 1.1015292406082153}",1.2114405632019043,4.5731634600088e-05,0.0045731634600088,0.09442362189292908,0.00023668096400797367,0.023668096400797367,0.2506586373866872,-0.6397963166236877
SGCC,149,100.0,0.595,0.25,0.27808471454880296,0.9220712196800275,0.2632955536181343,0.6000779671144152,0.19078342402411122,0.6530151349977934,0.2161558409944432,0.21750648319721222,0.37362845099951353,5360,453,392,151,0.18890081980401832,6,18.44567876600013,0.01108261107617672,5956ef1660824b0af5a70b7348c9d3dcde50508b18e62e45bd932eedae453384,"{""mean"": 1.6593199968338013, ""p995"": 4.9356303215026855, ""std"": 1.1055059432983398}",1.1998463869094849,5.666998913511634e-05,0.005666998913511634,0.16986967623233795,0.00024756573839113116,0.024756573839113116,0.14573862968486795,-0.8186637759208679
SGCC,173,100.0,0.84,0.3700787401574803,0.0865561694290976,0.9862377429898503,0.14029850746268657,0.5363969562094739,0.14540659752189763,0.6578889508781834,0.19250519380186215,0.22254277765750885,0.3814503685802765,5733,80,496,47,0.20040134264794193,3,13.363075256000002,0.012184096129667586,aa9c0cdc0d101d02ec39345396f4830c10870c2829457a0a845ccfebece5daab,"{""mean"": 1.6609737873077393, ""p995"": 4.925848007202148, ""std"": 1.1032264232635498}",1.1621038913726807,5.749044066760689e-05,0.005749044066760689,0.06524255871772766,0.00025991033180616796,0.025991033180616796,0.3983754422181258,-0.8644976615905762
UCI,11,0.0,0.5199999999999999,0.6379310344827587,0.4065934065934066,0.7692307692307693,0.4966442953020134,0.5879120879120879,0.18866665225463128,0.6249245260234271,0.6436273300962184,0.24642685055732727,0.02444881724787283,70,21,54,37,0.2684624220856097,16,7.038595206000082,0.018541824175912013,b971cba2cb223753ff88566a9816ae5ada5726bd34c587c9326868011498bc0c,"{""mean"": 3.8630316257476807, ""p995"": 7.041397571563721, ""std"": 1.4630961418151855}",0.6886588335037231,0.006509222090244293,0.0,0.008008621633052826,0.00041446834802627563,0.0,0.0,-0.18406209349632263
UCI,23,0.0,0.49999999999999994,0.7291666666666666,0.38461538461538464,0.8571428571428571,0.5035971223021583,0.6208791208791209,0.27431506742959905,0.6001690617075233,0.6878616727136388,0.24071703851222992,0.06730296487336632,78,13,56,35,0.39904344223381105,35,11.475817132999964,0.01810302747314411,7a21e2922a3247815d200b1f856d3bac4019735fb706e15cb9364ea237ad2bd3,"{""mean"": 3.441904306411743, ""p995"": 6.972746849060059, ""std"": 1.4500681161880493}",0.6827234029769897,0.005538368131965399,0.0,0.007467036135494709,0.0004719790304079652,0.0,0.0,-0.039312705397605896
UCI,37,0.0,0.5349999999999999,0.5555555555555556,0.32967032967032966,0.7362637362637363,0.41379310344827586,0.532967032967033,0.07216878364870322,0.5832628909551986,0.5486177140362967,0.25009897351264954,0.033444881439208984,67,24,61,30,0.25362863675089403,7,4.405568230999961,0.011179010989558215,060e71938cd49d128fbee2af430220e301a879d283caf14f4063f8d27d1afcb2,"{""mean"": 3.7937231063842773, ""p995"": 7.041397571563721, ""std"": 1.396241307258606}",0.6909599304199219,0.003178767394274473,0.0,0.01764136552810669,0.00032577035017311573,0.0,0.0,-0.2685887813568115
UCI,53,0.0,0.5399999999999999,0.9565217391304348,0.24175824175824176,0.989010989010989,0.38596491228070173,0.6153846153846154,0.34726164209741095,0.6037918125830214,0.6785909573665208,0.251201331615448,0.03850477933883667,90,1,69,22,0.18576071235199634,6,4.126648014000011,0.015971752746976323,f78e04ee1a820498a40c9f6636c05f05eece28ae709cef82e174762fd4fe1498,"{""mean"": 3.5730268955230713, ""p995"": 7.041397571563721, ""std"": 1.5006635189056396}",0.6956139206886292,0.002550315810367465,0.0,0.021677695214748383,0.0002733639266807586,0.0,0.0,-0.1792934536933899
UCI,71,0.0,0.4799999999999999,0.5476190476190477,0.5054945054945055,0.5824175824175825,0.5257142857142857,0.543956043956044,0.08817334283548109,0.5626132109648593,0.5946120880710458,0.2586398720741272,0.10285762836644938,53,38,45,46,0.34141531479696996,36,10.8468513360001,0.017108071428343204,e64c015949fed28f37cb3171f9986e10d023bb64ae1712c356033ec7f911bc5a,"{""mean"": 3.576669931411743, ""p995"": 6.9501566886901855, ""std"": 1.3719009160995483}",0.6738408803939819,0.005767603404819965,0.0,0.012205636128783226,0.0006665412802249193,0.0,0.0,-0.01496316958218813
UCI,89,0.0,0.4749999999999999,0.5202702702702703,0.8461538461538461,0.21978021978021978,0.6443514644351465,0.532967032967033,0.08458258116519014,0.5978746528197078,0.6340881800376467,0.24638248980045319,0.0395651012659073,20,71,14,77,0.23280223035107195,14,5.968807946999959,0.019346796703248,5f77d6abb84f298a4c9cb132746e504840b9d36fa66a908ed02718ec48c040e5,"{""mean"": 3.6022658348083496, ""p995"": 7.041397571563721, ""std"": 1.4698303937911987}",0.6882124543190002,0.005648922175168991,0.0,0.010071832686662674,0.0004938755882903934,0.0,0.0,-0.30680978298187256
UCI,107,0.0,0.48499999999999993,0.6307692307692307,0.45054945054945056,0.7362637362637363,0.5256410256410257,0.5934065934065934,0.19493925957690475,0.5959425190194421,0.5481323299925915,0.2643507719039917,0.10082558272304115,67,24,50,41,0.2790727860929738,39,10.425617680999949,0.01824001648336499,72500050b0e9cc23e6299ad33367dd102864bbde898933b4edcda0ccc1f7fce3,"{""mean"": 3.9672324657440186, ""p995"": 7.041397571563721, ""std"": 1.3015989065170288}",0.6543448567390442,0.004365171305835247,0.0,0.03708653524518013,0.0004987199790775776,0.0,0.0,-0.09171167016029358
UCI,131,0.0,0.5149999999999999,0.5,0.10989010989010989,0.8901098901098901,0.18018018018018017,0.5,0.0,0.5960632773819586,0.5658159566678567,0.24809864163398743,0.025582733390095487,81,10,81,10,0.2,9,4.374070976999974,0.02092003296763653,a15c36b4bf0147aa024842f70618728145ba2f0a5c9700551cc14a5726835cac,"{""mean"": 3.6984500885009766, ""p995"": 6.972746849060059, ""std"": 1.2706522941589355}",0.690460205078125,0.0030863911379128695,0.0,0.013118780218064785,0.0003311328182462603,0.0,0.0,-0.2006271630525589
UCI,149,0.0,0.5449999999999999,0.52,0.14285714285714285,0.8681318681318682,0.22413793103448276,0.5054945054945055,0.015961737689352443,0.5637000362275087,0.5912023245904099,0.2496790885925293,0.0233461856842041,79,12,78,13,0.17740004829626463,3,2.7187365429999772,0.018816258241733504,957c4f0908f6ce6caaeac92793fa7003bd349c87b83e5314e65e245c2c32015c,"{""mean"": 3.8637781143188477, ""p995"": 7.041397571563721, ""std"": 1.388183355331421}",0.6912143230438232,0.004401966463774443,0.0,0.01527058519423008,0.00040253973565995693,0.0,0.0,-0.3007832169532776
UCI,173,0.0,0.5199999999999999,0.6290322580645161,0.42857142857142855,0.7472527472527473,0.5098039215686274,0.5879120879120879,0.1854955583040673,0.5860403332930806,0.6571569406565284,0.24780751764774323,0.011865775172527035,68,23,52,39,0.36115755925730764,14,6.5372794429999885,0.015094269231637585,94a6d19ebc804eb4df9d07df76c3c8e638895def56b0f0ef4d2c7f734b6bf8d4,"{""mean"": 3.4952633380889893, ""p995"": 6.9501566886901855, ""std"": 1.447023630142212}",0.6897804737091064,0.006512037944048643,0.0,0.013040724210441113,0.0005804465035907924,0.0,0.0,0.22812288999557495
UCI,11,1e-06,0.5199999999999999,0.6379310344827587,0.4065934065934066,0.7692307692307693,0.4966442953020134,0.5879120879120879,0.18866665225463128,0.6249245260234271,0.6436273300962184,0.24642685055732727,0.02444881724787283,70,21,54,37,0.2684624220856097,16,7.069253532999937,0.016183851648797775,2cb633a9a87ca23e61fe7989f1d42a4798b2da1a09be339ba73cb2212c58d1a4,"{""mean"": 3.8630316257476807, ""p995"": 7.041397571563721, ""std"": 1.4630961418151855}",0.6886588335037231,0.0045508090406656265,4.550809040665627e-09,0.008008621633052826,0.000331780465785414,3.3178046578541396e-10,4.14279111921213e-08,-0.2730872333049774
UCI,23,1e-06,0.49999999999999994,0.7291666666666666,0.38461538461538464,0.8571428571428571,0.5035971223021583,0.6208791208791209,0.27431506742959905,0.6001690617075233,0.6878616727136388,0.24071703851222992,0.06730296487336632,78,13,56,35,0.39904344223381105,35,11.050296673000048,0.01677616483568152,942ce0f5cf23e554f40fce0d5b5e4ce805bfcdd832d597dc4f9642e8de7e1e07,"{""mean"": 3.441904306411743, ""p995"": 6.972746849060059, ""std"": 1.4500681161880493}",0.6827234029769897,0.0027066615875810385,2.706661587581038e-09,0.00746703427284956,0.0002916697121690959,2.9166971216909586e-10,3.906098479146116e-08,-0.19417959451675415
UCI,37,1e-06,0.5349999999999999,0.5555555555555556,0.32967032967032966,0.7362637362637363,0.41379310344827586,0.532967032967033,0.07216878364870322,0.5832628909551986,0.5486177140362967,0.25009897351264954,0.033444881439208984,67,24,61,30,0.25362863675089403,7,4.232691172000159,0.015769565934433658,739d4c9f04b6a08a7451a014b22efb0a200b6b6563d67daeb71d1ed8d9b921bc,"{""mean"": 3.7937231063842773, ""p995"": 7.041397571563721, ""std"": 1.396241307258606}",0.6909599304199219,0.002804397838190198,2.8043978381901977e-09,0.01764136739075184,0.0003187086549587548,3.1870865495875474e-10,1.8065983656450116e-08,-0.2843667268753052
UCI,53,1e-06,0.5399999999999999,0.9565217391304348,0.24175824175824176,0.989010989010989,0.38596491228070173,0.6153846153846154,0.34726164209741095,0.6037918125830214,0.6785909573665208,0.251201331615448,0.03850477933883667,90,1,69,22,0.18576071235199634,6,3.683970969000029,0.012752115384710824,69d43c09d20937533d83f6081524fb234cafc27d5fdc0776bd6d062262573b18,"{""mean"": 3.5730268955230713, ""p995"": 7.041397571563721, ""std"": 1.5006635189056396}",0.6956138610839844,0.002251139609143138,2.251139609143138e-09,0.021677695214748383,0.00026228794013150036,2.6228794013150037e-10,1.209943850271745e-08,-0.18495182693004608
UCI,71,1e-06,0.4799999999999999,0.5476190476190477,0.5054945054945055,0.5824175824175825,0.5257142857142857,0.543956043956044,0.08817334283548109,0.5626132109648593,0.5946120880710458,0.2586398720741272,0.10285762836644938,53,38,45,46,0.34141531479696996,36,10.74252331799994,0.027663104395907176,ad45626d3cd139d35c06ee13861b1a38bbb97b19c953d37408cc991a1668a3b6,"{""mean"": 3.576669931411743, ""p995"": 6.9501566886901855, ""std"": 1.3719009160995483}",0.6738408207893372,0.002533453516662121,2.533453516662121e-09,0.012205639854073524,0.00038180386763997376,3.818038676399737e-10,3.1280938337087674e-08,0.08297240734100342
UCI,89,1e-06,0.4749999999999999,0.5202702702702703,0.8461538461538461,0.21978021978021978,0.6443514644351465,0.532967032967033,0.08458258116519014,0.5978746528197078,0.6340881800376467,0.24638248980045319,0.0395651012659073,20,71,14,77,0.23280223035107195,14,5.5886433240000315,0.019040956043841855,5cdbd02b217c6676bc98a89de990ad2bfecd313a8fd6189f125ebf444e18c17a,"{""mean"": 3.6022658348083496, ""p995"": 7.041397571563721, ""std"": 1.4698303937911987}",0.6882124543190002,0.0039817276410758495,3.981727641075849e-09,0.0100718317553401,0.0004146019055042416,4.1460190550424155e-10,4.116449873027506e-08,-0.38682442903518677
UCI,107,1e-06,0.48499999999999993,0.6307692307692307,0.45054945054945056,0.7362637362637363,0.5256410256410257,0.5934065934065934,0.19493925957690475,0.5959425190194421,0.5481323299925915,0.2643507719039917,0.10082558272304115,67,24,50,41,0.2790727860929738,39,11.083554831000129,0.016896846153650877,b1aa737626be1d740997a398830600478ad5e2cefe4067d024af08eb92c0af3b,"{""mean"": 3.9672324657440186, ""p995"": 7.041397571563721, ""std"": 1.3015989065170288}",0.6543448567390442,0.0017280179308727384,1.7280179308727383e-09,0.037086520344018936,0.00034821731969714165,3.4821731969714164e-10,9.389323033464362e-09,-0.055354151874780655
UCI,131,1e-06,0.5149999999999999,0.5,0.10989010989010989,0.8901098901098901,0.18018018018018017,0.5,0.0,0.5960632773819586,0.5658159566678567,0.24809864163398743,0.025582733390095487,81,10,81,10,0.2,9,5.445378806999997,0.015659076922559877,e1e50a3c822e89504dfa13fe74b6a3a736b26c33da2de81cf2520b4779db5635,"{""mean"": 3.6984500885009766, ""p995"": 6.972746849060059, ""std"": 1.2706522941589355}",0.690460205078125,0.0025080882478505373,2.5080882478505373e-09,0.01311878114938736,0.00031381938606500626,3.1381938606500627e-10,2.3921382824475387e-08,-0.22661595046520233
UCI,149,1e-06,0.5449999999999999,0.52,0.14285714285714285,0.8681318681318682,0.22413793103448276,0.5054945054945055,0.015961737689352443,0.5637000362275087,0.5912023245904099,0.2496790885925293,0.0233461856842041,79,12,78,13,0.17740004829626463,3,3.2504778560000887,0.019261181318302827,a8cbfa2f9b7a2b6c91fa6213ed95de008f89f303edbf3a2c64a15d6b79d34690,"{""mean"": 3.8637781143188477, ""p995"": 7.041397571563721, ""std"": 1.388183355331421}",0.6912143230438232,0.0041312300600111485,4.131230060011148e-09,0.015270586125552654,0.0003911525709554553,3.911525709554553e-10,2.561477128248076e-08,-0.30371952056884766
UCI,173,1e-06,0.5199999999999999,0.6290322580645161,0.42857142857142855,0.7472527472527473,0.5098039215686274,0.5879120879120879,0.1854955583040673,0.5860403332930806,0.6571569406565284,0.24780751764774323,0.011865775172527035,68,23,52,39,0.36115755925730764,14,6.511667628000168,0.01298152747265024,b5ea10e8302f2d47e5de72a20223d27e3612785fd1c9fdd621cf60f2fc1a8238,"{""mean"": 3.4952633380889893, ""p995"": 6.9501566886901855, ""std"": 1.447023630142212}",0.6897804737091064,0.004829897079616785,4.8298970796167844e-09,0.013040724210441113,0.00047278875717893243,4.727887571789324e-10,3.625479302755226e-08,0.1858266294002533
UCI,11,1e-05,0.5199999999999999,0.6379310344827587,0.4065934065934066,0.7692307692307693,0.4966442953020134,0.5879120879120879,0.18866665225463128,0.6249245260234271,0.6436273300962184,0.24642685055732727,0.02444883165778695,70,21,54,37,0.2684624220856097,16,6.7640956400000505,0.019357697801801754,2592af146b48243a73e388d1bf1c4ad7914469b68cfccc27b7ac4026dac74b21,"{""mean"": 3.8630316257476807, ""p995"": 7.041397571563721, ""std"": 1.4630961418151855}",0.6886588335037231,0.001986370887607336,1.986370887607336e-08,0.008008621633052826,0.00026719830930233,2.6719830930233005e-09,3.33638323228508e-07,-0.4035959243774414
UCI,23,1e-05,0.49999999999999994,0.7291666666666666,0.38461538461538464,0.8571428571428571,0.5035971223021583,0.6208791208791209,0.27431506742959905,0.6001690617075233,0.6878616727136388,0.24071703851222992,0.06730296487336632,78,13,56,35,0.39904344223381105,35,10.854357690999905,0.020126642856576928,d96028a6e1c39cc761f33e35baaf70f522356740b1979b770090b69c9c4f3d0c,"{""mean"": 3.441904306411743, ""p995"": 6.972746849060059, ""std"": 1.4500681161880493}",0.6827234029769897,0.000547849340364337,5.47849340364337e-09,0.00746703427284956,0.00024358241353183985,2.4358241353183987e-09,3.262103863879605e-07,-0.3489856719970703
UCI,37,1e-05,0.5349999999999999,0.5555555555555556,0.32967032967032966,0.7362637362637363,0.41379310344827586,0.532967032967033,0.07216878364870322,0.5832628909551986,0.5486177140362967,0.25009897351264954,0.03344482183456421,67,24,61,30,0.25362863675089403,7,3.838415578999957,0.020968390110063632,e76c3c2bab9985401cd9d99b296a6c684f9839ce1167dfd3cee9f8e705eef04c,"{""mean"": 3.7937231063842773, ""p995"": 7.041397571563721, ""std"": 1.396241307258606}",0.6909599304199219,0.0019087366526946425,1.9087366526946428e-08,0.01764136552810669,0.0003072732361033559,3.072732361033559e-09,1.7417769367898424e-07,-0.3190748393535614
UCI,53,1e-05,0.5399999999999999,0.9565217391304348,0.24175824175824176,0.989010989010989,0.38596491228070173,0.6153846153846154,0.34726164209741095,0.6037918125830214,0.6785909573665208,0.251201331615448,0.03850477933883667,90,1,69,22,0.18576071235199634,6,3.8631598880001548,0.01890075824136587,4a57a87864e6e8b619eabc9b31abb53fc1fa4e8dbb25f29b36fa8c2fbaa611f8,"{""mean"": 3.5730268955230713, ""p995"": 7.041397571563721, ""std"": 1.5006635189056396}",0.6956138610839844,0.0014150617644190788,1.415061764419079e-08,0.021677697077393532,0.00023323854838963598,2.33238548389636e-09,1.0759378524246819e-07,-0.19566510617733002
UCI,71,1e-05,0.4799999999999999,0.5476190476190477,0.5054945054945055,0.5824175824175825,0.5257142857142857,0.543956043956044,0.08817334283548109,0.5626132109648593,0.5946120880710458,0.2586398720741272,0.10285762836644938,53,38,45,46,0.34141531479696996,36,10.45919390899985,0.018672340658398113,34c4b7199eba980423fa2c4874f512a32b75be780d32ea18c20df0f9069ad510,"{""mean"": 3.576669931411743, ""p995"": 6.9501566886901855, ""std"": 1.3719009160995483}",0.6738408207893372,0.0002981495636049658,2.9814956360496585e-09,0.012205632403492928,0.0002823842514771968,2.8238425147719684e-09,2.3135569066981403e-07,0.18898451328277588
UCI,89,1e-05,0.4749999999999999,0.5202702702702703,0.8461538461538461,0.21978021978021978,0.6443514644351465,0.532967032967033,0.08458258116519014,0.5978746528197078,0.6340881800376467,0.24638248980045319,0.0395651012659073,20,71,14,77,0.23280223035107195,14,5.697194043999843,0.0198246538460168,73792fedee1c006630c8349a84d387f7430dda55a0bd85ad22bf564de95da004,"{""mean"": 3.6022658348083496, ""p995"": 7.041397571563721, ""std"": 1.4698303937911987}",0.6882124543190002,0.0015123102348297834,1.5123102348297836e-08,0.0100718317553401,0.0003194469027221203,3.194469027221203e-09,3.171686248161851e-07,-0.5337627530097961
UCI,107,1e-05,0.48499999999999993,0.6307692307692307,0.45054945054945056,0.7362637362637363,0.5256410256410257,0.5934065934065934,0.19493925957690475,0.5959425190194421,0.5481323299925915,0.2643507719039917,0.10082558272304115,67,24,50,41,0.2790727860929738,39,10.606785872000046,0.019926016483333406,a438a4a14392b4b70c3217ee7d280fb39946ba5159fc5a58838dd75d4eed40c4,"{""mean"": 3.9672324657440186, ""p995"": 7.041397571563721, ""std"": 1.3015989065170288}",0.6543448567390442,0.00017467454017605633,1.7467454017605633e-09,0.03708653151988983,0.0003383625880815089,3.383625880815089e-09,9.123597549154525e-08,-0.002385977655649185
UCI,131,1e-05,0.5149999999999999,0.5,0.10989010989010989,0.8901098901098901,0.18018018018018017,0.5,0.0,0.5960632773819586,0.5654946405570669,0.24809864163398743,0.025582733390095487,81,10,81,10,0.2,9,4.6282263529999454,0.022607576922312616,cffae7b7317586266e8d46374b4ff85a9693f30a09768701df59fa062424fdad,"{""mean"": 3.6984500885009766, ""p995"": 6.972746849060059, ""std"": 1.2706522941589355}",0.690460205078125,0.0012784391874447465,1.2784391874447466e-08,0.013118780218064785,0.00028803356690332294,2.8803356690332297e-09,2.1955819223703115e-07,-0.2802160978317261
UCI,149,1e-05,0.5449999999999999,0.52,0.14285714285714285,0.8681318681318682,0.22413793103448276,0.5054945054945055,0.015961737689352443,0.5637000362275087,0.5912023245904099,0.2496790885925293,0.0233461856842041,79,12,78,13,0.17740004829626463,3,2.720095517000118,0.06939275824156989,169cf988abc39bcdc3df49bf5dbc360e488f9f423a7c10dbea842c1ba4035bc7,"{""mean"": 3.8637781143188477, ""p995"": 7.041397571563721, ""std"": 1.388183355331421}",0.6912143230438232,0.0034139754716306925,3.4139754716306926e-08,0.015270586125552654,0.0003657407942228019,3.6574079422280197e-09,2.3950671651744836e-07,-0.3119966387748718
UCI,173,1e-05,0.5199999999999999,0.6290322580645161,0.42857142857142855,0.7472527472527473,0.5098039215686274,0.5879120879120879,0.1854955583040673,0.5860403332930806,0.6571569406565284,0.24780751764774323,0.011865775172527035,68,23,52,39,0.36115755925730764,14,5.581669878999946,0.016589296703616807,e974967559d8114247bddef24d7d974c5b3d57d167e329287eb9192fb4f435e9,"{""mean"": 3.4952633380889893, ""p995"": 6.9501566886901855, ""std"": 1.447023630142212}",0.6897804737091064,0.002359819132834673,2.3598191328346732e-08,0.013040723279118538,0.0003421688743401319,3.421688743401319e-09,2.623848900221891e-07,0.07776590436697006
UCI,11,0.0001,0.5199999999999999,0.6379310344827587,0.4065934065934066,0.7692307692307693,0.4966442953020134,0.5879120879120879,0.18866665225463128,0.6249245260234271,0.6436273300962184,0.24642686545848846,0.02444883165778695,70,21,54,37,0.2684624220856097,16,6.333731122000017,0.012706280219870197,d3d9bff28883c113b04a46abce54078ce062d4d5eb895981df7649d7a4b260dd,"{""mean"": 3.8630316257476807, ""p995"": 7.041397571563721, ""std"": 1.4630961418151855}",0.6886588335037231,0.0009125571232289076,9.125571232289077e-08,0.008008625358343124,0.00024877319810912013,2.4877319810912015e-08,3.106315840457643e-06,-0.4490172564983368
UCI,23,0.0001,0.49999999999999994,0.7291666666666666,0.38461538461538464,0.8571428571428571,0.5035971223021583,0.6208791208791209,0.27431506742959905,0.6001690617075233,0.6878616727136388,0.24071703851222992,0.06730296585586047,78,13,56,35,0.39904344223381105,35,10.542412731000013,0.021741895604893695,dea70ffb314335b7838ee8de623fca97609ef82d9c4fe9392aaf45ccbd3fbced,"{""mean"": 3.441904306411743, ""p995"": 6.972746849060059, ""std"": 1.4500681161880493}",0.6827234029769897,0.00011491637997096404,1.1491637997096404e-08,0.0074670263566076756,0.00024993999977596104,2.4993999977596106e-08,3.3472494650401986e-06,-0.36572569608688354
UCI,37,0.0001,0.5349999999999999,0.5555555555555556,0.32967032967032966,0.7362637362637363,0.41379310344827586,0.532967032967033,0.07216878364870322,0.5832628909551986,0.5486177140362967,0.25009897351264954,0.033444881439208984,67,24,61,30,0.25362863675089403,7,3.8799397000000226,0.017911587912129726,3fbde1d30433022bfe4b47ae364ddb6b55316ce11b479e2112f3648c368834a7,"{""mean"": 3.7937231063842773, ""p995"": 7.041397571563721, ""std"": 1.396241307258606}",0.6909599304199219,0.0012083048932254314,1.2083048932254316e-07,0.01764136739075184,0.0003024478501174599,3.024478501174599e-08,1.7144240773309477e-06,-0.33922889828681946
UCI,53,0.0001,0.5399999999999999,0.9565217391304348,0.24175824175824176,0.989010989010989,0.38596491228070173,0.6153846153846154,0.34726164209741095,0.6037918125830214,0.6785909573665208,0.251201331615448,0.03850477933883667,90,1,69,22,0.18576071235199634,6,3.9233240549999664,0.015089818680530448,e58ff07226db6e449debcc29900628f09ad71db5514ed532b87e54adf76252ca,"{""mean"": 3.5730268955230713, ""p995"": 7.041397571563721, ""std"": 1.5006635189056396}",0.6956139206886292,0.0007764707552269101,7.764707552269101e-08,0.021677697077393532,0.00021072539675515145,2.1072539675515146e-08,9.7208387036142e-07,-0.18930049240589142
UCI,71,0.0001,0.4799999999999999,0.5476190476190477,0.5054945054945055,0.5824175824175825,0.5257142857142857,0.543956043956044,0.08817334283548109,0.5626132109648593,0.5946120880710458,0.2586398720741272,0.10285762836644938,53,38,45,46,0.34141531479696996,36,10.741574754999874,0.016512648350506646,9e343f9eb5377252d41ac60f5e30287002bec0219d676bc4fac270325776eb36,"{""mean"": 3.576669931411743, ""p995"": 6.9501566886901855, ""std"": 1.3719009160995483}",0.6738408207893372,0.00011713698040693998,1.1713698040693998e-08,0.012205586768686771,0.00028082969947718084,2.8082969947718084e-08,2.30082915962422e-06,0.1663362979888916
UCI,89,0.0001,0.4749999999999999,0.5202702702702703,0.8461538461538461,0.21978021978021978,0.6443514644351465,0.532967032967033,0.08458258116519014,0.5978746528197078,0.6340881800376467,0.24638251960277557,0.0395651012659073,20,71,14,77,0.23280223035107195,14,5.907095297000069,0.015725263736655237,e9a476ee68cfb22d9b15ee33e870e2536c8b7b07d45de57f142887b74ead1ec6,"{""mean"": 3.6022658348083496, ""p995"": 7.041397571563721, ""std"": 1.4698303937911987}",0.6882124543190002,0.000630953349173069,6.309533491730691e-08,0.010071835480630398,0.000295182631816715,2.9518263181671502e-08,2.9307729696776133e-06,-0.5731709599494934
UCI,107,0.0001,0.48499999999999993,0.6307692307692307,0.45054945054945056,0.7362637362637363,0.5256410256410257,0.5934065934065934,0.19493925957690475,0.5959425190194421,0.5481323299925915,0.2643507122993469,0.10082554931824024,67,24,50,41,0.2790727860929738,39,11.489520127999867,0.015888192307841734,9c3656352863ebe4cc3a8ca43727277f944ac6cd3f981def1523788993f2a0f5,"{""mean"": 3.9672324657440186, ""p995"": 7.041397571563721, ""std"": 1.3015989065170288}",0.654344916343689,0.00013905190280638635,1.3905190280638636e-08,0.037086572498083115,0.0003386170428711921,3.386170428711921e-08,9.130448571074992e-07,0.0017306488007307053
UCI,131,0.0001,0.5149999999999999,0.5,0.10989010989010989,0.8901098901098901,0.18018018018018017,0.5,0.0,0.5960632773819586,0.5654946405570669,0.24809864163398743,0.025582733390095487,81,10,81,10,0.2,9,4.683884446000093,0.01707540109936627,795d2ae7325f1f9819805cc93170e4cd21c881fe2af316c61acdbc62e0027f09,"{""mean"": 3.6984500885009766, ""p995"": 6.972746849060059, ""std"": 1.2706522941589355}",0.690460205078125,0.0005840021767653525,5.8400217676535253e-08,0.013118782080709934,0.0002797998022288084,2.797998022288084e-08,2.1328184316761426e-06,-0.29844382405281067
UCI,149,0.0001,0.5449999999999999,0.52,0.14285714285714285,0.8681318681318682,0.22413793103448276,0.5054945054945055,0.015961737689352443,0.5637000362275087,0.5912023245904099,0.2496790885925293,0.0233461856842041,79,12,78,13,0.17740004829626463,3,3.07159544000001,0.015576972526974755,d6029cc22bb8fcdd0f6cc5a2e869023d65399bdaf344334618ac23b1bb61eba5,"{""mean"": 3.8637781143188477, ""p995"": 7.041397571563721, ""std"": 1.388183355331421}",0.6912143230438232,0.0027981153689324856,2.798115368932486e-07,0.01527058519423008,0.0003496568533591926,3.4965685335919263e-08,2.289741021131979e-06,-0.3237987458705902
UCI,173,0.0001,0.5199999999999999,0.6290322580645161,0.42857142857142855,0.7472527472527473,0.5098039215686274,0.5879120879120879,0.1854955583040673,0.5860403332930806,0.6571569406565284,0.24780751764774323,0.011865775172527035,68,23,52,39,0.36115755925730764,14,7.022549551000111,0.01631443406590184,baa256d9a8743842f145cfceb4e08bdd80500c7de4a90d6e92bd378121f6ddd6,"{""mean"": 3.4952633380889893, ""p995"": 6.9501566886901855, ""std"": 1.447023630142212}",0.6897804737091064,0.001403640490025282,1.403640490025282e-07,0.013040721416473389,0.00030903579317964613,3.090357931796461e-08,2.369775285508851e-06,0.025588486343622208
UCI,11,0.001,0.5199999999999999,0.6379310344827587,0.4065934065934066,0.7692307692307693,0.4966442953020134,0.5879120879120879,0.18866665225463128,0.6249245260234271,0.6436273300962184,0.24642688035964966,0.024448784498068008,70,21,54,37,0.2684624220856097,16,7.618758689999822,0.023439395604427673,f3205f47740bb1638fcddd81a04ece4825a9692bb8da233ecdb85d5b56b3fe5c,"{""mean"": 3.8630316257476807, ""p995"": 7.041397571563721, ""std"": 1.4630961418151855}",0.6886589527130127,0.0007535596960224211,7.535596960224212e-07,0.008008647710084915,0.00024467319599352777,2.446731959935278e-07,3.0551124840392506e-05,-0.4524713158607483
UCI,23,0.001,0.49999999999999994,0.7291666666666666,0.38461538461538464,0.8571428571428571,0.5035971223021583,0.6208791208791209,0.27431506742959905,0.6001690617075233,0.6878616727136388,0.24071712791919708,0.06730307655020076,78,13,56,35,0.39904344223381105,35,11.41661082099995,0.024610609889700406,0b5e47bec0453324f1fb0282860addc319fbbf1b2827be2384fa4b4778f8f613,"{""mean"": 3.441904306411743, ""p995"": 6.972746849060059, ""std"": 1.4500681161880493}",0.6827234625816345,9.959166345652193e-05,9.959166345652192e-08,0.007466968614608049,0.0002509702171664685,2.509702171664685e-07,3.3610723456836476e-05,-0.36456432938575745
UCI,37,0.001,0.5349999999999999,0.5555555555555556,0.32967032967032966,0.7362637362637363,0.41379310344827586,0.532967032967033,0.07216878364870322,0.5832628909551986,0.5486177140362967,0.25009897351264954,0.03344482183456421,67,24,61,30,0.25362863675089403,7,4.300938107999855,0.021612741757852855,cb8f2b8a4d295916d4a1c97131b7e6f0c9e38aed61dbf391061d868dc964b69c,"{""mean"": 3.7937231063842773, ""p995"": 7.041397571563721, ""std"": 1.396241307258606}",0.6909599304199219,0.00104214355815202,1.04214355815202e-06,0.01764136180281639,0.0003024495090357959,3.024495090357959e-07,1.7144340239510916e-05,-0.3392695188522339
UCI,53,0.001,0.5399999999999999,0.9565217391304348,0.24175824175824176,0.989010989010989,0.38596491228070173,0.6153846153846154,0.34726164209741095,0.6037918125830214,0.6785909573665208,0.2512013614177704,0.03850477933883667,90,1,69,22,0.18576071235199634,6,3.891144827000062,0.02058259340648854,a32438509d1ce26012ee711c3817198feafd925cba3fe7aab05a485f778d2120,"{""mean"": 3.5730268955230713, ""p995"": 7.041397571563721, ""std"": 1.5006635189056396}",0.6956139206886292,0.0006575637962669134,6.575637962669134e-07,0.021677693352103233,0.0002068908215733245,2.068908215733245e-07,9.543950004867624e-06,-0.181331068277359
UCI,71,0.001,0.4799999999999999,0.5476190476190477,0.5054945054945055,0.5824175824175825,0.5257142857142857,0.543956043956044,0.08817334283548109,0.5626132109648593,0.5946120880710458,0.25863996148109436,0.10285779113297933,53,38,45,46,0.34141531479696996,36,10.713959892000048,0.0200691868143282,279b35f431bc2d685b15492732258f2764a8554c4d238ddb2a0d8d641d96eb9d,"{""mean"": 3.576669931411743, ""p995"": 6.9501566886901855, ""std"": 1.3719009160995483}",0.6738408803939819,0.00011361669021425769,1.1361669021425769e-07,0.012205290608108044,0.0002800500951707363,2.800500951707363e-07,2.294497559809821e-05,0.16545413434505463
UCI,89,0.001,0.4749999999999999,0.5202702702702703,0.8461538461538461,0.21978021978021978,0.6443514644351465,0.532967032967033,0.08458258116519014,0.5978746528197078,0.6340881800376467,0.24638251960277557,0.03956513434321018,20,71,14,77,0.23280223035107195,14,5.486477713000113,0.021109521978590007,ea0577058552655def000be7ee0221c4fd8138a7dd83e1d56217f4b01cd2d4a7,"{""mean"": 3.6022658348083496, ""p995"": 7.041397571563721, ""std"": 1.4698303937911987}",0.688212513923645,0.0005373208550736308,5.373208550736309e-07,0.010071869939565659,0.0002925375592894852,2.9253755928948525e-07,2.9045009620338753e-05,-0.5734362602233887
UCI,107,0.001,0.48499999999999993,0.6307692307692307,0.45054945054945056,0.7362637362637363,0.5256410256410257,0.5934065934065934,0.19493925957690475,0.5959425190194421,0.5481323299925915,0.26435068249702454,0.1008252304988903,67,24,50,41,0.2790727860929738,39,10.600019018000012,0.024735335164672967,e98ae9da6adb414b43e2685221a83299511f867a6cb9e27e999fa6adc72693d9,"{""mean"": 3.9672324657440186, ""p995"": 7.041397571563721, ""std"": 1.3015989065170288}",0.6543449759483337,0.00013814333942718804,1.3814333942718805e-07,0.037086594849824905,0.00033787626307457685,3.3787626307457686e-07,9.110468740598654e-06,0.004288075026124716
UCI,131,0.001,0.5149999999999999,0.5,0.10989010989010989,0.8901098901098901,0.18018018018018017,0.5,0.0,0.5960632773819586,0.5658159566678567,0.24809864163398743,0.02558268295539606,81,10,81,10,0.2,9,4.0064375950000795,0.014675076923285214,d108f9688dc845043f37be31777cfcf3931d20c79ad111df1f5ab0b30b4e0241,"{""mean"": 3.6984500885009766, ""p995"": 6.972746849060059, ""std"": 1.2706522941589355}",0.690460205078125,0.0004872632271144539,4.872632271144539e-07,0.013118787668645382,0.0002802449162118137,2.802449162118137e-07,2.1362104737895433e-05,-0.2931562066078186
UCI,149,0.001,0.5449999999999999,0.52,0.14285714285714285,0.8681318681318682,0.22413793103448276,0.5054945054945055,0.015961737689352443,0.5637000362275087,0.5912023245904099,0.2496790587902069,0.023346245288848877,79,12,78,13,0.17740004829626463,3,2.527358664000076,0.02297171428566159,21abe8b18554346868af2fbcb1649f5fb5973a91948e9480db0580662c41618c,"{""mean"": 3.8637781143188477, ""p995"": 7.041397571563721, ""std"": 1.388183355331421}",0.6912144422531128,0.002649634378030896,2.6496343780308964e-06,0.015270587056875229,0.0003474352415651083,3.474352415651083e-07,2.2751924354387124e-05,-0.3292267918586731
UCI,173,0.001,0.5199999999999999,0.6290322580645161,0.42857142857142855,0.7472527472527473,0.5098039215686274,0.5879120879120879,0.1854955583040673,0.5860403332930806,0.6571569406565284,0.24780751764774323,0.011865672010641846,68,23,52,39,0.36115755925730764,14,6.801762838000059,0.015760148351666312,09c725cba0d4bad5cc158b58c4d2a34fc251cfcd176adae90ef5892deedad52c,"{""mean"": 3.4952633380889893, ""p995"": 6.9501566886901855, ""std"": 1.447023630142212}",0.6897804737091064,0.0012882662704214454,1.2882662704214453e-06,0.01304069347679615,0.00030542738386429846,3.054273838642985e-07,2.34210998370415e-05,0.02277243696153164
UCI,11,0.01,0.5199999999999999,0.6379310344827587,0.4065934065934066,0.7692307692307693,0.4966442953020134,0.5879120879120879,0.18866665225463128,0.6249245260234271,0.6436273300962184,0.2464270144701004,0.024448640398926795,70,21,54,37,0.2684624220856097,16,7.358961868000051,0.018800543956046398,f51de4224538d58282647beaab517366157e4508db389f780b7a454a963451e2,"{""mean"": 3.8630316257476807, ""p995"": 7.041397571563721, ""std"": 1.4630961418151855}",0.6886590123176575,0.0007358379662036896,7.358379662036896e-06,0.00800891499966383,0.0002447053848300129,2.4470538483001293e-06,0.0003055412435270999,-0.4519132971763611
UCI,23,0.01,0.49999999999999994,0.7291666666666666,0.38461538461538464,0.8571428571428571,0.5035971223021583,0.6208791208791209,0.27431506742959905,0.6001690617075233,0.6878616727136388,0.24071769416332245,0.06730414321134381,78,13,56,35,0.39904344223381105,35,11.446777670000074,0.01927025274713682,58d20e6fffae560a9d750fb972be5894b7a34bd22329f2e4762ad2cc30e03ded,"{""mean"": 3.441904306411743, ""p995"": 6.972746849060059, ""std"": 1.4500681161880493}",0.6827239990234375,9.913623944157735e-05,9.913623944157734e-07,0.007466436829417944,0.0002509634359739721,2.509634359739721e-06,0.0003361220910423698,-0.3635775148868561
UCI,37,0.01,0.5349999999999999,0.5555555555555556,0.32967032967032966,0.7362637362637363,0.41379310344827586,0.532967032967033,0.07216878364870322,0.5832628909551986,0.5486177140362967,0.25009897351264954,0.03344482183456421,67,24,61,30,0.25362863675089403,7,4.39143072700017,0.021847928572462257,de2b027bcb58914a746dfc6e2ec551a1c9add93ab26db3d96e7a3e55cbe54d42,"{""mean"": 3.7937231063842773, ""p995"": 7.041397571563721, ""std"": 1.396241307258606}",0.6909599304199219,0.0010195922804996371,1.0195922804996371e-05,0.017641345039010048,0.0003026834165211767,3.026834165211767e-06,0.00017157615581570298,-0.33770808577537537
UCI,53,0.01,0.5399999999999999,0.9565217391304348,0.24175824175824176,0.989010989010989,0.38596491228070173,0.6153846153846154,0.34726164209741095,0.6037918125830214,0.6785909573665206,0.251201331615448,0.038504838943481445,90,1,69,22,0.18576071235199634,6,3.996080398999993,0.01952717032978838,55e3538a08b1d662677330a907a9b8feeff7001e216571d47002149933129ed2,"{""mean"": 3.5730268955230713, ""p995"": 7.041397571563721, ""std"": 1.5006635189056396}",0.6956138610839844,0.0006448680069297552,6.448680069297552e-06,0.021677693352103233,0.00020654467516578734,2.0654467516578736e-06,9.527982143254544e-05,-0.1805972009897232
UCI,71,0.01,0.4799999999999999,0.5476190476190477,0.5054945054945055,0.5824175824175825,0.5257142857142857,0.543956043956044,0.08817334283548109,0.5626132109648593,0.5946120880710458,0.25864067673683167,0.10285931727388403,53,38,45,46,0.34141531479696996,36,10.497152142000004,0.01892589560426771,f5b36a673f1e803458c42938fac45aa6f302e00263fc39b8bd99774a5205f203,"{""mean"": 3.576669931411743, ""p995"": 6.9501566886901855, ""std"": 1.3719009160995483}",0.6738407611846924,0.00011339466436766088,1.1339466436766088e-06,0.012202099896967411,0.0002796882763504982,2.796882763504982e-06,0.00022921323273218666,0.16470380127429962
UCI,89,0.01,0.4749999999999999,0.5202702702702703,0.8461538461538461,0.21978021978021978,0.6443514644351465,0.532967032967033,0.08458258116519014,0.5978746528197078,0.6340881800376467,0.24638262391090393,0.03956585664015552,20,71,14,77,0.23280223035107195,14,5.888666709000063,0.013758664834682889,ed5dc8daff1b5843bef570ac2be82834732af19c7d6a92c7edd9e8a89aadc09a,"{""mean"": 3.6022658348083496, ""p995"": 7.041397571563721, ""std"": 1.4698303937911987}",0.6882126927375793,0.000528358097653836,5.28358097653836e-06,0.010072218254208565,0.0002918319369200617,2.918319369200617e-06,0.0002897394889135995,-0.5732021927833557
UCI,107,0.01,0.48499999999999993,0.6307692307692307,0.45054945054945056,0.7362637362637363,0.5256410256410257,0.5934065934065934,0.19493925957690475,0.5959425190194421,0.5481323299925915,0.2643502652645111,0.10082287431418241,67,24,50,41,0.2790727860929738,39,11.928734023000061,0.05617670329674194,6f20f0d5d8dcf574f6888cb685125478c7c65ffc5052497c3a93ce65adfd7571,"{""mean"": 3.9672324657440186, ""p995"": 7.041397571563721, ""std"": 1.3015989065170288}",0.6543457508087158,0.00013766268966719508,1.3766268966719508e-06,0.037087514996528625,0.0003369224723428488,3.369224723428488e-06,9.084525409005823e-05,0.0041820090264081955
UCI,131,0.01,0.5149999999999999,0.5,0.10989010989010989,0.8901098901098901,0.18018018018018017,0.5,0.0,0.5960632773819586,0.5654946405570669,0.24809864163398743,0.02558269900280042,81,10,81,10,0.2,9,4.655139940000026,0.023144906593258314,ccfed38a5865e6ac31a4e1c4784f5274e09a3094fe989b61058a089d4071e5b6,"{""mean"": 3.6984500885009766, ""p995"": 6.972746849060059, ""std"": 1.2706522941589355}",0.6904602646827698,0.0004775216802954674,4.775216802954674e-06,0.013118833303451538,0.0002806136035360396,2.806136035360396e-06,0.00021390134095400904,-0.29092055559158325
UCI,149,0.01,0.5449999999999999,0.52,0.14285714285714285,0.8681318681318682,0.22413793103448276,0.5054945054945055,0.015961737689352443,0.5637000362275087,0.5912023245904099,0.2496791034936905,0.023346424102783203,79,12,78,13,0.17740004829626463,3,2.7719795989999056,0.02398390109986964,9121bc7c62f4a15b4aefa5e88fe56e0c055c06905c778bf6c6906fc4156d4ad4,"{""mean"": 3.8637781143188477, ""p995"": 7.041397571563721, ""std"": 1.388183355331421}",0.6912144422531128,0.002631282201036811,2.631282201036811e-05,0.015270577743649483,0.00034729312756098807,3.472931275609881e-06,0.00022742631836926772,-0.3300265967845917
UCI,173,0.01,0.5149999999999999,0.5584415584415584,0.4725274725274725,0.6263736263736264,0.5119047619047619,0.5494505494505495,0.10009272139219581,0.5874894336432799,0.6595353743319498,0.24737802147865295,0.02573715526979048,57,34,48,43,0.36115755925730764,16,8.732036893999975,0.028917890109209272,8d1fb20029a793600a94fa20b8d58bd8bce6e44f74e422024ca9c2b58fc9e63c,"{""mean"": 3.4952633380889893, ""p995"": 6.9501566886901855, ""std"": 1.447023630142212}",0.6890462040901184,0.0010393622796982527,1.0393622796982528e-05,0.01221382711082697,0.00029516330687329173,2.951633068732917e-06,0.00024166324297454945,-0.04239508882164955
UCI,11,0.1,0.5199999999999999,0.6379310344827587,0.4065934065934066,0.7692307692307693,0.4966442953020134,0.5879120879120879,0.18866665225463128,0.6249245260234271,0.6436273300962184,0.24642829596996307,0.024446864704509363,70,21,54,37,0.2684624220856097,16,8.45322758999987,0.027238521977199195,b29976329557a81fe4b91a8d14fede83ab8d1a2872cd0660e3aa1c7e884f5d95,"{""mean"": 3.8630316257476807, ""p995"": 7.041397571563721, ""std"": 1.4630961418151855}",0.6886602640151978,0.0007337148999795318,7.337148999795318e-05,0.00801143515855074,0.0002444777055643499,2.444777055643499e-05,0.003051609364938999,-0.451922744512558
UCI,23,0.1,0.49999999999999994,0.7291666666666666,0.38461538461538464,0.8571428571428571,0.5035971223021583,0.6208791208791209,0.27431506742959905,0.6001690617075233,0.6878616727136388,0.24072344601154327,0.06731515828069752,78,13,56,35,0.39904344223381105,35,14.624727070000063,0.016066159340190785,ac3eddf2a05d8f46ba00effc4f9088aff4aae8631c121ecb65bfaa18c1537fcc,"{""mean"": 3.441904306411743, ""p995"": 6.972746849060059, ""std"": 1.4500681161880493}",0.6827288866043091,9.882550511974841e-05,9.882550511974842e-06,0.007461059372872114,0.0002504926815163344,2.5049268151633443e-05,0.0033573339789669567,-0.3640597462654114
UCI,37,0.1,0.5349999999999999,0.5555555555555556,0.32967032967032966,0.7362637362637363,0.41379310344827586,0.532967032967033,0.07216878364870322,0.5832628909551986,0.5486177140362967,0.25009894371032715,0.033444881439208984,67,24,61,30,0.25362863675089403,7,5.564498320999974,0.02019108791211073,f55253672cfcd88e5afaa88399028a292d9499c008977d00431fc85961e66a8c,"{""mean"": 3.7937231063842773, ""p995"": 7.041397571563721, ""std"": 1.396241307258606}",0.6909598708152771,0.0010171086760237813,0.00010171086760237814,0.01764112338423729,0.0003026648482773453,3.026648482773453e-05,0.001715677860672879,-0.33746272325515747
UCI,53,0.1,0.5399999999999999,0.9565217391304348,0.24175824175824176,0.989010989010989,0.38596491228070173,0.6153846153846154,0.34726164209741095,0.6037918125830214,0.6785909573665208,0.25120142102241516,0.038505494594573975,90,1,69,22,0.18576071235199634,6,5.1697993369998585,0.026512098901758478,3d5fc7651ec10ef17bd0fa8592def4e68f19da280f33b9116e3bdc425af7f868,"{""mean"": 3.5730268955230713, ""p995"": 7.041397571563721, ""std"": 1.5006635189056396}",0.6956139802932739,0.0006435512914322317,6.435512914322316e-05,0.02167750895023346,0.00020646788470912725,2.0646788470912725e-05,0.0009524520791716876,-0.18046073615550995
UCI,71,0.1,0.4799999999999999,0.5476190476190477,0.5054945054945055,0.5824175824175825,0.5257142857142857,0.543956043956044,0.08817334283548109,0.5626132109648593,0.5946120880710458,0.2586478292942047,0.09847900205916099,53,38,45,46,0.34141531479696996,36,12.717196709000063,0.01837040659356117,70e7d63541103a1080090eb8ea6090395a69e692c703e6b041bf948c1293f420,"{""mean"": 3.576669931411743, ""p995"": 6.9501566886901855, ""std"": 1.3719009160995483}",0.6738402247428894,0.00011308258399367332,1.1308258399367334e-05,0.012170340865850449,0.0002791014558169991,2.791014558169991e-05,0.002293292019454837,0.16377080976963043
UCI,89,0.1,0.5249999999999999,0.6212121212121212,0.45054945054945056,0.7252747252747253,0.5222929936305732,0.5879120879120879,0.18286012835299778,0.6117618645091173,0.6603203457812516,0.2392427623271942,0.026431464395680254,66,25,50,41,0.26082026547865056,33,12.121739313000035,0.025748390110313445,23245ea4051a7a13ac92909acf3fff225fb651809f2f94b7ef37a4bb3a0fdd63,"{""mean"": 3.6022658348083496, ""p995"": 7.041397571563721, ""std"": 1.4698303937911987}",0.6808364391326904,0.0001349436934106052,1.349436934106052e-05,0.00994818564504385,0.00030912115471437573,3.091211547143757e-05,0.003107311883231479,-0.1669999063014984
UCI,107,0.1,0.5199999999999999,0.6363636363636364,0.46153846153846156,0.7362637362637363,0.535031847133758,0.598901098901099,0.2057176443971225,0.5936481101316267,0.5455865739201101,0.253439337015152,0.09625945281196427,67,24,49,42,0.287824837800531,32,10.870375131000173,0.01692985714211378,27119cef329ecc567b4d8ae27451078b699145ca9a72b90f4a0c46a5ca95a89a,"{""mean"": 3.9672324657440186, ""p995"": 7.041397571563721, ""std"": 1.3015989065170288}",0.673175573348999,0.00014129737974144518,1.412973797414452e-05,0.029543312266469002,0.00035270172520540655,3.527017252054066e-05,0.0011938462485999418,0.08645565062761307
UCI,131,0.1,0.5149999999999999,0.5,0.10989010989010989,0.8901098901098901,0.18018018018018017,0.5,0.0,0.5960632773819586,0.5654946405570669,0.24809888005256653,0.02558253623627046,81,10,81,10,0.2,9,4.648928368000043,0.0172040000009744,3458420a77d7cad70c403f5fbe116e55c84561cd8c051d8a0b544d848f5d9892,"{""mean"": 3.6984500885009766, ""p995"": 6.972746849060059, ""std"": 1.2706522941589355}",0.690460741519928,0.00047640601405873895,4.76406014058739e-05,0.01311937253922224,0.0002805482654366642,2.8054826543666422e-05,0.00213842746364527,-0.29073366522789
UCI,149,0.1,0.5449999999999999,0.52,0.14285714285714285,0.8681318681318682,0.22413793103448276,0.5054945054945055,0.015961737689352443,0.5637000362275087,0.5912023245904099,0.24967916309833527,0.02334827184677124,79,12,78,13,0.17740004829626463,3,2.7203457189998517,0.018458005494002276,93c8f34a8e72d4b956c9f9ccc3fcb9fa8a66bed7fed2a9e74285f27a2522a20a,"{""mean"": 3.8637781143188477, ""p995"": 7.041397571563721, ""std"": 1.388183355331421}",0.6912145018577576,0.0026293329428881407,0.0002629332942888141,0.015270605683326721,0.0003472442040219903,3.472442040219903e-05,0.0022739386454142447,-0.330099493265152
UCI,173,0.1,0.5149999999999999,0.5584415584415584,0.4725274725274725,0.6263736263736264,0.5119047619047619,0.5494505494505495,0.10009272139219581,0.5874894336432799,0.6595353743319498,0.24737848341464996,0.025745289011315984,57,34,48,43,0.36115755925730764,16,6.174452956999858,0.017694230769188586,aed14d9a6cf74280f6c27310373465229fd210f56e2549ae62b943cb83f02ba5,"{""mean"": 3.4952633380889893, ""p995"": 6.9501566886901855, ""std"": 1.447023630142212}",0.6890461444854736,0.001037941430695355,0.0001037941430695355,0.012210813350975513,0.00029498263029381633,2.9498263029381636e-05,0.002415749236476949,-0.042124342173337936
UCI,11,1.0,0.5199999999999999,0.6379310344827587,0.4065934065934066,0.7692307692307693,0.4966442953020134,0.5879120879120879,0.18866665225463128,0.6248037676609105,0.6435842359354772,0.24644604325294495,0.0244852350308345,70,21,54,37,0.2684624220856097,16,6.51910824100014,0.01766859340657722,365b075d8519a3d008bfa096616af9f5be480b9b206b1f9f4f53f84321909fcc,"{""mean"": 3.8630316257476807, ""p995"": 7.041397571563721, ""std"": 1.4630961418151855}",0.6886771321296692,0.0007304570754058659,0.0007304570754058659,0.00804204773157835,0.0002412231406196952,0.0002412231406196952,0.02999523860975048,-0.453681081533432
UCI,23,1.0,0.49999999999999994,0.7291666666666666,0.38461538461538464,0.8571428571428571,0.5035971223021583,0.6208791208791209,0.27431506742959905,0.6000483033450067,0.6876215766752234,0.24078142642974854,0.06742192428190631,78,13,56,35,0.39904344223381105,35,10.61452856699998,0.01628351098868454,7420e5db1d6fdc608e417e13d405aa8dbb66b751a170bad0c33f28f6345b8d71,"{""mean"": 3.441904306411743, ""p995"": 6.972746849060059, ""std"": 1.4500681161880493}",0.6827782988548279,9.639142081141472e-05,9.639142081141472e-05,0.0074071865528821945,0.0002462316188029945,0.0002462316188029945,0.033242259668373526,-0.37150171399116516
UCI,37,1.0,0.5349999999999999,0.5555555555555556,0.32967032967032966,0.7362637362637363,0.41379310344827586,0.532967032967033,0.07216878364870322,0.5832628909551986,0.5486177140362967,0.2500990927219391,0.033450424671173096,67,24,61,30,0.25362863675089403,7,3.8941946110001027,0.013345692308236151,971a9337a98d13a2825daa6d4d388a8ae74c2d2b4add9c862bfdf7d2b4044010,"{""mean"": 3.7937231063842773, ""p995"": 7.041397571563721, ""std"": 1.396241307258606}",0.6909595131874084,0.0010166418505832553,0.0010166418505832553,0.017639178782701492,0.0003021906304638833,0.0003021906304638833,0.017131785679287838,-0.3374347686767578
UCI,53,1.0,0.5399999999999999,0.9565217391304348,0.24175824175824176,0.989010989010989,0.38596491228070173,0.6153846153846154,0.34726164209741095,0.6037918125830214,0.678556846512447,0.25120222568511963,0.038511812686920166,90,1,69,22,0.18576071235199634,6,3.28100785200013,0.016193434064986762,420177afb9c925d9f9d24daf6d1633b5d6f797eb229f159fc86a10aa5655ef34,"{""mean"": 3.5730268955230713, ""p995"": 7.041397571563721, ""std"": 1.5006635189056396}",0.6956155300140381,0.0006432118825614452,0.0006432118825614452,0.021673468872904778,0.00020614147069863975,0.00020614147069863975,0.009511235691317914,-0.18043363094329834
UCI,71,1.0,0.49999999999999994,0.5064935064935064,0.42857142857142855,0.5824175824175825,0.4642857142857143,0.5054945054945055,0.011121413488021757,0.5577828764641951,0.5923512566125464,0.248777374625206,0.01096451249751419,53,38,52,39,0.28867513459481287,10,5.174198429999933,0.015895686812785113,d3cffcd19bf732b42b6c9c29a9e9c5b183474a80a8321d3bd693d660878a411b,"{""mean"": 3.576669931411743, ""p995"": 6.9501566886901855, ""std"": 1.3719009160995483}",0.6897484660148621,0.0012138934107497334,0.0012138934107497334,0.014552184380590916,0.00026794365840032697,0.00026794365840032697,0.018412607440412784,-0.24255222082138062
UCI,89,1.0,0.4749999999999999,0.5167785234899329,0.8461538461538461,0.2087912087912088,0.6416666666666667,0.5274725274725275,0.07130498620401957,0.5978746528197078,0.6340881800376467,0.2463938146829605,0.03964399210699314,19,72,14,77,0.22282825891079322,14,5.806226825999829,0.01622947802213905,538ba33d59d9b6782b802cfb79d7ef294d4e916b9589691476f297b7a9c65056,"{""mean"": 3.6022658348083496, ""p995"": 7.041397571563721, ""std"": 1.4698303937911987}",0.6882253289222717,0.0005247386870905757,0.0005247386870905757,0.010110563598573208,0.0002880102547351271,0.0002880102547351271,0.028486073197321146,-0.5765858888626099
UCI,107,1.0,0.5199999999999999,0.6307692307692307,0.45054945054945056,0.7362637362637363,0.5256410256410257,0.5934065934065934,0.19493925957690475,0.5959425190194422,0.5729422964288939,0.25334644317626953,0.09610445551819854,67,24,50,41,0.287824837800531,32,11.264104335999946,0.018742489011536557,72a6a5968332b5d3b0cd4406cf8f915d2eafd626589f05f139ee08ef8d11000b,"{""mean"": 3.9672324657440186, ""p995"": 7.041397571563721, ""std"": 1.3015989065170288}",0.6732296347618103,0.00013693187793251127,0.00013693187793251127,0.029542554169893265,0.00034669620799832046,0.00034669620799832046,0.011735485225974049,0.08001593500375748
UCI,131,1.0,0.5149999999999999,0.5,0.10989010989010989,0.8901098901098901,0.18018018018018017,0.5,0.0,0.5963047941069919,0.5656952754198743,0.24810250103473663,0.02559113306003614,81,10,81,10,0.2,9,5.08267922899995,0.013308219781020644,16735f2549538e81b4dc4473b21111271b77e269521c02e8b36231ca1f178a0e,"{""mean"": 3.6984500885009766, ""p995"": 6.972746849060059, ""std"": 1.2706522941589355}",0.6904662847518921,0.0004755920672323555,0.0004755920672323555,0.013132446445524693,0.0002790640282910317,0.0002790640282910317,0.02124996507304485,-0.29060378670692444
UCI,149,1.0,0.5449999999999999,0.52,0.14285714285714285,0.8681318681318682,0.22413793103448276,0.5054945054945055,0.015961737689352443,0.5637000362275087,0.5912023245904099,0.24968023598194122,0.023374617099761963,79,12,78,13,0.19289712886816485,3,3.271919045000004,0.017364901098587255,3f57e4e9dee1a61cb6cd275938474d69326e63ed8540d8b6d0e3459eeaaca680,"{""mean"": 3.8637781143188477, ""p995"": 7.041397571563721, ""std"": 1.388183355331421}",0.6912157535552979,0.002628830960020423,0.002628830960020423,0.015270799398422241,0.0003471656527835876,0.0003471656527835876,0.022733954112412497,-0.3298857510089874
UCI,173,1.0,0.5199999999999999,0.5584415584415584,0.4725274725274725,0.6263736263736264,0.5119047619047619,0.5494505494505495,0.10009272139219581,0.5855572998430141,0.6564970450753427,0.24803434312343597,0.013758623829254751,57,34,48,43,0.36115755925730764,13,6.046456433999992,0.016524527473188506,927eee3000cb243c9de8399105d1b44e11e288034834a595003975ad65991c11,"{""mean"": 3.4952633380889893, ""p995"": 6.9501566886901855, ""std"": 1.447023630142212}",0.6901633143424988,0.0014134841039776802,0.0014134841039776802,0.013411414809525013,0.00031042835325933993,0.00031042835325933993,0.023146577573521062,0.056401871144771576
UCI,11,10.0,0.5099999999999999,0.6981132075471698,0.4065934065934066,0.8241758241758241,0.5138888888888888,0.6153846153846154,0.25397238934624633,0.6223886004105784,0.6421341104578068,0.2475152462720871,0.05996308271046524,75,16,54,37,0.2484646732989441,12,5.5039908819999255,0.02973017033027745,41f54d82025591e0f4b009a1d4e1e6114c5fd06f8b0958b3ca75bbe38fa4c916,"{""mean"": 3.8630316257476807, ""p995"": 7.041397571563721, ""std"": 1.4630961418151855}",0.6898799538612366,0.001316181500442326,0.01316181500442326,0.008188844658434391,0.00023450011212844402,0.00234500112128444,0.2863653200295017,-0.37728142738342285
UCI,23,10.0,0.5099999999999999,0.6829268292682927,0.3076923076923077,0.8571428571428571,0.42424242424242425,0.5824175824175823,0.19728305039201205,0.564545344765125,0.6358097948005199,0.2496221512556076,0.006286239722272855,78,13,63,28,0.28867513459481287,3,3.068824292000045,0.014017785714473815,788ddf11296cf599e8b7b21e810868a954c7b664dc801be0d087482f47611835,"{""mean"": 3.441904306411743, ""p995"": 6.972746849060059, ""std"": 1.4500681161880493}",0.6924870014190674,0.003828024957329035,0.03828024957329035,0.014016339555382729,0.00034610723378136754,0.0034610723378136754,0.24693125649089398,-0.0803108811378479
UCI,37,10.0,0.5349999999999999,0.5555555555555556,0.32967032967032966,0.7362637362637363,0.41379310344827586,0.532967032967033,0.07216878364870322,0.5832628909551986,0.5482963979255069,0.2501027584075928,0.033502280712127686,67,24,61,30,0.25362863675089403,7,4.053446296000175,0.017073478021542302,e9bef0c305983eb414264e82d44ce66ac774687dda75dd23925da6b5f2213469,"{""mean"": 3.7937231063842773, ""p995"": 7.041397571563721, ""std"": 1.396241307258606}",0.6909676790237427,0.0010143842082470655,0.010143842082470655,0.017642956227064133,0.0002972448128275573,0.0029724481282755733,0.16847789508857167,-0.3367404341697693
UCI,53,10.0,0.5399999999999999,0.8275862068965517,0.26373626373626374,0.945054945054945,0.4,0.6043956043956044,0.28523898777032847,0.6042748460330878,0.6794210700174753,0.25121092796325684,0.03858065605163574,86,5,67,24,0.18576071235199634,6,3.652717760000087,0.01879553296630847,6392ecbb420b108c2a249ab93872b5737465af0ecaa948dcba916f91375ef490,"{""mean"": 3.5730268955230713, ""p995"": 7.041397571563721, ""std"": 1.5006635189056396}",0.6956314444541931,0.0006416711257770658,0.0064167112577706575,0.021677641198039055,0.00020353325817268342,0.002035332581726834,0.09389086954308244,-0.1813994199037552
UCI,71,10.0,0.4599999999999999,0.5476190476190477,0.5054945054945055,0.5824175824175825,0.5257142857142857,0.543956043956044,0.08817334283548109,0.563941552952542,0.5946305847612765,0.2597976624965668,0.09446971134825068,53,38,45,46,0.36115755925730764,40,12.423001242000055,0.08945471428567864,282242de2d6117cd8005f1ff53f10853b61ba93bd2249d36b06de24f0df89210,"{""mean"": 3.576669931411743, ""p995"": 6.9501566886901855, ""std"": 1.3719009160995483}",0.6718833446502686,8.64216563059017e-05,0.0008642165630590171,0.01698792539536953,0.00023326861264649779,0.002332686126464978,0.13731436135814487,0.21860066056251526
UCI,89,10.0,0.48499999999999993,0.5099337748344371,0.8461538461538461,0.18681318681318682,0.6363636363636364,0.5164835164835164,0.04384821657704933,0.5952179688443424,0.6319891789001107,0.24788938462734222,0.0485753349877976,17,74,14,77,0.23542068319747259,8,4.13746252299984,0.019308060439390907,be1f8bd4d414b0f4a3b0fc8de64bf6d4287359977be5e4f95eed459913279b6a,"{""mean"": 3.6022658348083496, ""p995"": 7.041397571563721, ""std"": 1.4698303937911987}",0.6900913715362549,0.0014301030896604061,0.014301030896604061,0.010797165334224701,0.00029209215426817536,0.0029209215426817536,0.2705267032841535,-0.4068111479282379
UCI,107,10.0,0.5349999999999999,0.6190476190476191,0.42857142857142855,0.7362637362637363,0.5064935064935064,0.5824175824175825,0.17323973216880925,0.5886970172684458,0.5423361566964717,0.24934081733226776,0.045719831035687386,67,24,52,39,0.2684624220856097,26,10.923567847999948,0.04041141758179847,85eadad377e28979865d840aed58c9b94d635cf57609cc7fc70aa36158c6c2ee,"{""mean"": 3.9672324657440186, ""p995"": 7.041397571563721, ""std"": 1.3015989065170288}",0.6824970245361328,0.00011576030374271795,0.0011576030374271795,0.016771750524640083,0.00031199847580865026,0.0031199847580865026,0.18602618453588382,-0.34445521235466003
UCI,131,10.0,0.5399999999999999,0.5,0.10989010989010989,0.8901098901098901,0.18018018018018017,0.5,0.0,0.5993237531699069,0.5935528850023839,0.24723757803440094,0.09115012530442126,81,10,81,10,0.1846372364689991,13,6.574979134000159,0.038603730768744966,7918cbd90b32638adb2f865f79747b53ad522c6cbe5b4b9af5b6c0bc5c6fb181,"{""mean"": 3.6984500885009766, ""p995"": 6.972746849060059, ""std"": 1.2706522941589355}",0.688623309135437,0.00021611501870211214,0.0021611501870211214,0.01105005107820034,0.0002682463964447379,0.002682463964447379,0.2427557977301456,-0.5100785493850708
UCI,149,10.0,0.5499999999999999,1.0,0.054945054945054944,1.0,0.10416666666666667,0.5274725274725275,0.16807316136320358,0.5638207945900253,0.5907725554445467,0.2495521754026413,0.02330094575881958,91,0,86,5,0.1846372364689991,4,4.208123204999993,0.020397532966354038,7c376cb5b3350717d1f58f6256e0e6971d1603a17988ff2e793f115325400544,"{""mean"": 3.8637781143188477, ""p995"": 7.041397571563721, ""std"": 1.388183355331421}",0.6907212734222412,0.0022029306273907423,0.022029306273907423,0.015054766088724136,0.00033342366805300117,0.0033342366805300117,0.22147382834644774,-0.3533703088760376
UCI,173,10.0,0.49499999999999994,0.6190476190476191,0.42857142857142855,0.7362637362637363,0.5064935064935064,0.5824175824175825,0.17323973216880925,0.5905083927061949,0.6638365167537339,0.24439026415348053,0.044309723999474075,67,24,52,39,0.3803341794400215,30,12.848860310999953,0.01321769780208722,044a57ebebf5e8084a0a3216805424c560af73cb71d13cbc7c04440ae270cfa3,"{""mean"": 3.4952633380889893, ""p995"": 6.9501566886901855, ""std"": 1.447023630142212}",0.685164213180542,0.00026184573653154075,0.0026184573653154075,0.006262898910790682,0.00022695871302857995,0.0022695871302857995,0.3623860392150681,-0.5658019185066223
UCI,11,100.0,0.48499999999999993,0.6451612903225806,0.43956043956043955,0.7582417582417582,0.5228758169934641,0.5989010989010989,0.20868250309207573,0.6193696413476633,0.6402881476952456,0.24934804439544678,0.01712280511856079,69,22,51,40,0.22086305214969307,5,4.4764964099999816,0.037699362637495445,514aa3ab68618535cff7b0b7c0f342cd2d55b5f55672371d8391aa3f696e61b2,"{""mean"": 3.8630316257476807, ""p995"": 7.041397571563721, ""std"": 1.4630961418151855}",0.6925481557846069,0.003492994699627161,0.3492994699627161,0.010617203079164028,0.0003067687212023884,0.03067687212023884,2.889355312459019,-0.08985966444015503
UCI,23,100.0,0.5149999999999999,0.7045454545454546,0.34065934065934067,0.8571428571428571,0.45925925925925926,0.5989010989010989,0.23099715105270544,0.5755343557541359,0.6482509933672517,0.2488757073879242,0.016813562139049974,78,13,60,31,0.2997004492513102,13,7.22955504499987,0.014268214286048433,905cebd53b818bd1995daef472422f1f87315de58cf8d7b204778893e344a903,"{""mean"": 3.441904306411743, ""p995"": 6.972746849060059, ""std"": 1.4500681161880493}",0.6912710666656494,0.000933591858483851,0.0933591858483851,0.012877795845270157,0.00023520761169493198,0.0235207611694932,1.8264586154417148,-0.30231937766075134
UCI,37,100.0,0.5349999999999999,0.5636363636363636,0.34065934065934067,0.7362637362637363,0.4246575342465753,0.5384615384615385,0.0837557891245889,0.583142132592682,0.5485811328255361,0.250375360250473,0.03421896696090698,67,24,60,31,0.2773500981126146,7,5.299031548999892,0.025269703297243935,20cfbf20b7bbee4fd6d1c9dc06a8c31cdd5ca48db70e0a3bc7665be83a0f926b,"{""mean"": 3.7937231063842773, ""p995"": 7.041397571563721, ""std"": 1.396241307258606}",0.6920878887176514,0.0009916933486238122,0.09916933486238122,0.018857620656490326,0.00025538724730722606,0.025538724730722606,1.3542919966381235,-0.31533730030059814
UCI,53,100.0,0.5349999999999999,0.7741935483870968,0.26373626373626374,0.9230769230769231,0.39344262295081966,0.5934065934065934,0.2484732272699462,0.6031276415891801,0.6774113322055098,0.25066429376602173,0.03282201290130615,84,7,67,24,0.18576071235199634,9,5.780327704999991,0.016945868131707748,3b8078fae554ec68c63cb14a695d318cf60ccb00bd4e23d90b5b5b104840235f,"{""mean"": 3.5730268955230713, ""p995"": 7.041397571563721, ""std"": 1.5006635189056396}",0.6945430040359497,0.0002605239278636873,0.026052392786368728,0.020273225381970406,0.00015045319742057472,0.015045319742057472,0.7421275824930024,-0.20025905966758728
UCI,71,100.0,0.4799999999999999,0.5365853658536586,0.4835164835164835,0.5824175824175825,0.5086705202312138,0.532967032967033,0.06625891564490792,0.5646057239463833,0.5958759660080092,0.24981924891471863,0.018940001726150513,53,38,47,44,0.25362863675089403,7,4.2022098369998275,0.01883829120937922,8c9c224e124489de1c174440c466896ad6156c510f7a1e84941f44c4afe3b50c,"{""mean"": 3.576669931411743, ""p995"": 6.9501566886901855, ""std"": 1.3719009160995483}",0.6926702260971069,0.0018941934686154127,0.18941934686154127,0.01966341957449913,0.0003178876650054008,0.03178876650054008,1.6166448760400722,-0.22887581586837769
UCI,89,100.0,0.48999999999999994,0.5094339622641509,0.8901098901098901,0.14285714285714285,0.648,0.5164835164835164,0.04960880601391585,0.5926820432314938,0.6291916514968992,0.2490805685520172,0.055016929959202876,13,78,10,81,0.18917776913478018,3,3.131328905000146,0.014447928572655736,0c32d0236b11a034465249d6a7c951655ef896367dd0a8afeb3ff6ae93ab31c3,"{""mean"": 3.6022658348083496, ""p995"": 7.041397571563721, ""std"": 1.4698303937911987}",0.6917524933815002,0.0034241743851453066,0.34241743851453066,0.01186125073581934,0.0003840178542304784,0.03840178542304784,3.237583141808119,-0.1697966754436493
UCI,107,100.0,0.5249999999999999,0.625,0.43956043956043955,0.7362637362637363,0.5161290322580645,0.5879120879120879,0.18411492357966466,0.5856780582055308,0.5415660166188336,0.24875397980213165,0.030040919289484158,67,24,51,40,0.2673939106929519,30,10.74070057300014,0.02216069230803691,19e76d7e3695c28139fea0f7a5d4a776ec0bc773ccdedd5bcfd845da5e6f5f03,"{""mean"": 3.9672324657440186, ""p995"": 7.041397571563721, ""std"": 1.3015989065170288}",0.6873155832290649,3.980995825259015e-05,0.003980995825259015,0.018934104591608047,0.00016073277220129967,0.016073277220129967,0.8489061176546974,-0.6927490234375
UCI,131,100.0,0.49999999999999994,0.5,0.10989010989010989,0.8901098901098901,0.18018018018018017,0.5,0.0,0.5978746528197078,0.5673635475519784,0.24893754720687866,0.01876078529672308,81,10,81,10,0.1846372364689991,10,5.139587168999924,0.019492340659251185,71e6c80bc344a51a5e88af31ccd2d91bcdf7fc60bf8886b28509f353a0303436,"{""mean"": 3.6984500885009766, ""p995"": 6.972746849060059, ""std"": 1.2706522941589355}",0.691831648349762,0.00034503318602219224,0.034503318602219224,0.014678176492452621,0.0001973249454749748,0.01973249454749748,1.3443423682528781,-0.19746004045009613
UCI,149,100.0,0.5499999999999999,0.6666666666666666,0.10989010989010989,0.945054945054945,0.18867924528301888,0.5274725274725275,0.09990014975043672,0.5637000362275087,0.5906396962891731,0.2495299130678177,0.02340257167816162,86,5,81,10,0.21442250696755896,8,4.625839651999968,0.01975476373690281,73e1f1ad9ef6be411c8373708bcc20c0d9845bd72c741d08843988acc1d83f60,"{""mean"": 3.8637781143188477, ""p995"": 7.041397571563721, ""std"": 1.388183355331421}",0.6906207203865051,0.0010770574444904923,0.10770574444904923,0.015506519936025143,0.00025693108909763396,0.025693108909763396,1.6569229598752528,-0.3464767634868622
UCI,173,100.0,0.5349999999999999,0.6229508196721312,0.4175824175824176,0.7472527472527473,0.5,0.5824175824175825,0.17459574536303996,0.5820553073300325,0.6498552926249546,0.2504707872867584,0.03251171112060547,68,23,53,38,0.3209833376209784,4,3.506936411999959,0.012937499999739826,8f2d862e30b39318cb6d871a585c527ee0254729f0127383ff21213c1dc1db5a,"{""mean"": 3.4952633380889893, ""p995"": 6.9501566886901855, ""std"": 1.447023630142212}",0.6944103240966797,0.00395577447488904,0.395577447488904,0.018078479915857315,0.0004329700896050781,0.04329700896050781,2.394947427108093,0.23558162152767181
