dataset,lambda_el,seed,epoch,train_loss,validation_mcc,threshold,bce_loss,physics_loss_raw,physics_loss_weighted,bce_grad_norm,physics_grad_norm_raw,physics_grad_norm_weighted,weighted_to_bce_grad_ratio,gradient_cosine
SGCC,0,11,1,1.2455563031393906,0.19649924849291975,0.6549999999999999,1.190123438835144,0.006458777468651533,0.0,0.07363995909690857,0.0005986018804833293,0.0,0.0,-0.08754110336303711
SGCC,0,11,2,1.1849513218320649,0.20303526978318007,0.7799999999999999,1.1544283628463745,0.006481556221842766,0.0,0.1384226530790329,0.0006235524197109044,0.0,0.0,0.13598783314228058
SGCC,0,11,3,1.1753254450600723,0.20368514161110357,0.845,1.144540786743164,0.006503681186586618,0.0,0.058658551424741745,0.0007042124634608626,0.0,0.0,0.31764668226242065
SGCC,0,11,4,1.1720980148890923,0.20719136394800103,0.825,1.1431465148925781,0.006558844819664955,0.0,0.04166048765182495,0.00077199621591717,0.0,0.0,0.18620610237121582
SGCC,0,11,5,1.1697864388597423,0.21012892144951467,0.8549999999999999,1.1396480798721313,0.0065612634643912315,0.0,0.037803538143634796,0.0008705537184141576,0.0,0.0,-0.0671391487121582
SGCC,0,11,6,1.1681168295186142,0.20773265189430448,0.8599999999999999,1.1411172151565552,0.0065680984407663345,0.0,0.1432463377714157,0.0010360914748162031,0.0,0.0,-0.3910379111766815
SGCC,0,11,7,1.1675670177772128,0.20645136097291794,0.8699999999999999,1.1373120546340942,0.006612145807594061,0.0,0.05104682594537735,0.0010672559728845954,0.0,0.0,0.3437791168689728
SGCC,0,11,8,1.162943678683248,0.20990966754783555,0.815,1.135369896888733,0.006559756118804216,0.0,0.06005571410059929,0.0014320291811600327,0.0,0.0,0.17922046780586243
SGCC,0,11,9,1.1586311521201298,0.2053276027101404,0.7699999999999999,1.140636682510376,0.006582699716091156,0.0,0.13966622948646545,0.0017311223782598972,0.0,0.0,0.06706497818231583
SGCC,0,23,1,1.2383563950144012,0.16098818364121975,0.6749999999999999,1.2102936506271362,0.005653472151607275,0.0,0.07032682746648788,0.0005863861879333854,0.0,0.0,-0.454376220703125
SGCC,0,23,2,1.18286843443739,0.1623949947998129,0.8049999999999999,1.1898154020309448,0.005684589501470327,0.0,0.08036069571971893,0.0005296150338836014,0.0,0.0,-0.5317643880844116
SGCC,0,23,3,1.17544896438204,0.17080420340301358,0.705,1.1838045120239258,0.0057413410395383835,0.0,0.07099387794733047,0.0005302066565491259,0.0,0.0,0.053187813609838486
SGCC,0,23,4,1.1716017394230283,0.17521170525317364,0.615,1.179574966430664,0.005774231161922216,0.0,0.05142216011881828,0.0005960846319794655,0.0,0.0,0.07194769382476807
SGCC,0,23,5,1.1697337894604123,0.18261351824517974,0.6399999999999999,1.1751538515090942,0.005811072885990143,0.0,0.04985005781054497,0.0006982664344832301,0.0,0.0,0.07777342200279236
SGCC,0,23,6,1.1660173144833794,0.18594596659255755,0.6799999999999999,1.167763113975525,0.005823339801281691,0.0,0.05088724568486214,0.000817284919321537,0.0,0.0,-0.006761283613741398
SGCC,0,23,7,1.162643249692588,0.1764543092188373,0.7799999999999999,1.1561375856399536,0.005825599189847708,0.0,0.09446171671152115,0.0011328122345730662,0.0,0.0,0.10316766053438187
SGCC,0,23,8,1.1560739206856694,0.18121094768540938,0.6649999999999999,1.1526365280151367,0.005892881192266941,0.0,0.06650540232658386,0.0014405854744836688,0.0,0.0,0.1298038512468338
SGCC,0,23,9,1.1545345197463859,0.18585431907350042,0.705,1.1525835990905762,0.0059375520795583725,0.0,0.17221538722515106,0.0016459058970212936,0.0,0.0,0.06362085789442062
SGCC,0,23,10,1.152487078617359,0.188379206391831,0.6549999999999999,1.1525415182113647,0.006074678618460894,0.0,0.17478826642036438,0.0018877071561291814,0.0,0.0,0.09328630566596985
SGCC,0,23,11,1.1513806509560551,0.1889298962299898,0.61,1.1503124237060547,0.006146591622382402,0.0,0.07497741281986237,0.0019609543960541487,0.0,0.0,0.14245544373989105
SGCC,0,23,12,1.149536804906253,0.19120499240483319,0.6549999999999999,1.150408148765564,0.006218047812581062,0.0,0.20589303970336914,0.0028747711330652237,0.0,0.0,0.2755347490310669
SGCC,0,23,13,1.149066839752526,0.18882727923420603,0.6399999999999999,1.1478970050811768,0.006128961686044931,0.0,0.10286470502614975,0.002144130412489176,0.0,0.0,0.2848002314567566
SGCC,0,23,14,1.1453952337133473,0.18986931128914125,0.6499999999999999,1.14434015750885,0.006191140506416559,0.0,0.1568363457918167,0.002977953990921378,0.0,0.0,0.30204880237579346
SGCC,0,23,15,1.1455486170176803,0.19078707608935966,0.7599999999999999,1.1469889879226685,0.006261853501200676,0.0,0.13199979066848755,0.0028271556366235018,0.0,0.0,0.4565456807613373
SGCC,0,23,16,1.1429013034393047,0.19002483108240736,0.6749999999999999,1.1466426849365234,0.006268942728638649,0.0,0.25372064113616943,0.00330112362280488,0.0,0.0,-0.2728749215602875
SGCC,0,37,1,1.2475794492096737,0.18412052560142436,0.595,1.1917024850845337,0.0032665643375366926,0.0,0.04922104254364967,0.0004962771199643612,0.0,0.0,-0.20491628348827362
SGCC,0,37,2,1.1975649266407407,0.18919446041026597,0.7949999999999999,1.1667174100875854,0.0032605589367449284,0.0,0.02463584952056408,0.0004873044090345502,0.0,0.0,-0.19788064062595367
SGCC,0,37,3,1.187282364943932,0.19075026899028996,0.575,1.1632356643676758,0.003299377392977476,0.0,0.03229610621929169,0.0005483735003508627,0.0,0.0,-0.32003799080848694
SGCC,0,37,4,1.1829661326161747,0.19460209910053242,0.625,1.161314845085144,0.003345895791426301,0.0,0.04144249111413956,0.000631831877399236,0.0,0.0,-0.10145124047994614
SGCC,0,37,5,1.1803686372165023,0.19330386612924566,0.615,1.158410668373108,0.003409830154851079,0.0,0.04389597848057747,0.0007578398217447102,0.0,0.0,-0.053356245160102844
SGCC,0,37,6,1.1762584766437267,0.19287998640349546,0.8549999999999999,1.1531203985214233,0.003466605208814144,0.0,0.06540553271770477,0.0010087051196023822,0.0,0.0,-0.24162350594997406
SGCC,0,37,7,1.170733328523307,0.19543575296545915,0.565,1.1544411182403564,0.003554997267201543,0.0,0.07347781211137772,0.001424331683665514,0.0,0.0,0.5072113275527954
SGCC,0,37,8,1.1667892336845398,0.19810433056857882,0.5599999999999999,1.1517720222473145,0.0035843541845679283,0.0,0.09320974349975586,0.0018634366570040584,0.0,0.0,0.41878122091293335
SGCC,0,37,9,1.1641596781796422,0.2023089834300816,0.59,1.1502019166946411,0.003694349667057395,0.0,0.11147550493478775,0.002117438241839409,0.0,0.0,0.5433740019798279
SGCC,0,37,10,1.161380122447836,0.20309853131968797,0.49499999999999994,1.1500405073165894,0.0036459590774029493,0.0,0.2092549204826355,0.002343973144888878,0.0,0.0,-0.24159978330135345
SGCC,0,37,11,1.1609695594886253,0.19766860025202335,0.5249999999999999,1.1469175815582275,0.003886826802045107,0.0,0.07350200414657593,0.0029434356838464737,0.0,0.0,0.563589870929718
SGCC,0,37,12,1.1597356364644806,0.20343059869239818,0.5499999999999999,1.1442217826843262,0.0037789668422192335,0.0,0.06170279532670975,0.0025134370662271976,0.0,0.0,-0.3951280117034912
SGCC,0,37,13,1.1603611913220635,0.20466424726068516,0.57,1.1433850526809692,0.003894655266776681,0.0,0.09362419694662094,0.002548176096752286,0.0,0.0,0.24797584116458893
SGCC,0,37,14,1.1592735483728607,0.2023737826529789,0.5199999999999999,1.1437981128692627,0.003848074935376644,0.0,0.15477538108825684,0.0026230255607515574,0.0,0.0,-0.43521925806999207
SGCC,0,37,15,1.1586041727970386,0.20257961550370626,0.5349999999999999,1.14434814453125,0.004132973961532116,0.0,0.11469758301973343,0.0036858937237411737,0.0,0.0,0.6366848349571228
SGCC,0,37,16,1.1584643690750516,0.20092361913491863,0.5199999999999999,1.1410295963287354,0.004031258635222912,0.0,0.08854342997074127,0.003156953025609255,0.0,0.0,-0.1693703830242157
SGCC,0,37,17,1.1577095574346081,0.19997528069980663,0.61,1.143104076385498,0.004162503406405449,0.0,0.12572193145751953,0.0035138102248311043,0.0,0.0,0.1844240128993988
SGCC,0,53,1,1.2422752503691048,0.20922765064251778,0.6399999999999999,1.1289818286895752,0.002616755198687315,0.0,0.10042959451675415,0.0004629923787433654,0.0,0.0,-0.07798046618700027
SGCC,0,53,2,1.1942410078541985,0.21870223005326658,0.735,1.1154271364212036,0.0026513540651649237,0.0,0.07895660400390625,0.000527352443896234,0.0,0.0,-0.2436378300189972
SGCC,0,53,3,1.1838231045624306,0.2211501412460821,0.7499999999999999,1.1094105243682861,0.002693348564207554,0.0,0.064065121114254,0.0005889508756808937,0.0,0.0,-0.24614115059375763
SGCC,0,53,4,1.1794418199308987,0.22487146405596467,0.825,1.1067020893096924,0.0027469296474009752,0.0,0.09312215447425842,0.0006739833625033498,0.0,0.0,-0.12335000932216644
SGCC,0,53,5,1.1758430497399692,0.22329385738131793,0.7799999999999999,1.1012754440307617,0.0028136963956058025,0.0,0.08408493548631668,0.0007968867430463433,0.0,0.0,0.0754760205745697
SGCC,0,53,6,1.1715936856023197,0.22681919008927237,0.8099999999999999,1.1031379699707031,0.0028308930341154337,0.0,0.15852098166942596,0.0008410218870267272,0.0,0.0,0.07491155713796616
SGCC,0,53,7,1.1676914116431927,0.2248466645516993,0.7699999999999999,1.1072371006011963,0.002909088274464011,0.0,0.13026270270347595,0.0010075507452711463,0.0,0.0,0.08647502958774567
SGCC,0,53,8,1.1658615716572465,0.22724355329705387,0.7799999999999999,1.1022286415100098,0.002946296241134405,0.0,0.0867878720164299,0.001099127228371799,0.0,0.0,-0.039726316928863525
SGCC,0,53,9,1.1637407654318317,0.22271081352175828,0.7599999999999999,1.110679030418396,0.0031185001134872437,0.0,0.12761211395263672,0.0014956060331314802,0.0,0.0,0.1875576227903366
SGCC,0,53,10,1.1613441459063827,0.2197873736016743,0.7599999999999999,1.1120185852050781,0.003304111072793603,0.0,0.18176724016666412,0.0023409861605614424,0.0,0.0,0.3975210189819336
SGCC,0,53,11,1.1582361233645473,0.2204669603837391,0.6749999999999999,1.1129124164581299,0.003567997831851244,0.0,0.27213189005851746,0.0038870596326887608,0.0,0.0,0.3464024066925049
SGCC,0,53,12,1.156126288504436,0.22281651767381214,0.7599999999999999,1.1029292345046997,0.0033349907025694847,0.0,0.38610416650772095,0.0028368402272462845,0.0,0.0,-0.1572815179824829
SGCC,0,71,1,1.2308110779729382,0.18206000874893638,0.6849999999999999,1.2519410848617554,0.005947083700448275,0.0,0.053614191710948944,0.0007150904857553542,0.0,0.0,-0.009675847366452217
SGCC,0,71,2,1.186730331388013,0.18386256604747062,0.725,1.24508798122406,0.00595888402312994,0.0,0.22262510657310486,0.0006826398312114179,0.0,0.0,-0.06645511835813522
SGCC,0,71,3,1.1792889484043778,0.1966490204929616,0.6799999999999999,1.2457826137542725,0.005998976528644562,0.0,0.21078728139400482,0.0007554107578471303,0.0,0.0,-0.0521957091987133
SGCC,0,71,4,1.1757491765351131,0.19711799482922096,0.715,1.244528889656067,0.006010509096086025,0.0,0.18124207854270935,0.0008563913870602846,0.0,0.0,0.11509890854358673
SGCC,0,71,5,1.1718704248296803,0.1975507116802034,0.705,1.2412933111190796,0.0060019888915121555,0.0,0.13995665311813354,0.0010141805978491902,0.0,0.0,0.2996774911880493
SGCC,0,71,6,1.1679347013605053,0.19872931704958216,0.72,1.2431044578552246,0.006012747064232826,0.0,0.2390565127134323,0.0010916453320533037,0.0,0.0,0.15388666093349457
SGCC,0,71,7,1.163763243576576,0.19490141376801906,0.7499999999999999,1.2373127937316895,0.006015438120812178,0.0,0.2264951467514038,0.0012807013699784875,0.0,0.0,0.16232188045978546
SGCC,0,71,8,1.160546696391599,0.19602384868955208,0.6699999999999999,1.2385326623916626,0.006091315299272537,0.0,0.35155898332595825,0.0014966664602980018,0.0,0.0,0.09337268024682999
SGCC,0,71,9,1.158548294470228,0.19342419744043993,0.74,1.2256145477294922,0.006139088422060013,0.0,0.09039419144392014,0.001823530183173716,0.0,0.0,0.3123207688331604
SGCC,0,71,10,1.1567029480276436,0.19239498508214198,0.71,1.2269096374511719,0.006194105371832848,0.0,0.15225151181221008,0.002121260389685631,0.0,0.0,0.2746194005012512
SGCC,0,89,1,1.2504829743812824,0.16199169545296704,0.58,1.280976414680481,0.005706426687538624,0.0,0.06290589272975922,0.0007441453635692596,0.0,0.0,-0.047822706401348114
SGCC,0,89,2,1.1929825410760682,0.17196178764702322,0.7549999999999999,1.2493339776992798,0.005728474352508783,0.0,0.07424965500831604,0.0008533023647032678,0.0,0.0,-0.5762325525283813
SGCC,0,89,3,1.179888899984031,0.17571971660776942,0.73,1.2427563667297363,0.005787724629044533,0.0,0.05314883589744568,0.0007570781162939966,0.0,0.0,0.27821314334869385
SGCC,0,89,4,1.1750178727610359,0.17775562441789444,0.59,1.2425782680511475,0.005839779041707516,0.0,0.16946302354335785,0.0007803390035405755,0.0,0.0,0.1958363652229309
SGCC,0,89,5,1.1727073336469716,0.1781288151888377,0.625,1.2374058961868286,0.005867601837962866,0.0,0.1237105131149292,0.0008656105492264032,0.0,0.0,0.22794866561889648
SGCC,0,89,6,1.1706733087013508,0.18624004233930413,0.7799999999999999,1.2317265272140503,0.005870447494089603,0.0,0.06983541697263718,0.0010407483205199242,0.0,0.0,0.08759225904941559
SGCC,0,89,7,1.1682288420611415,0.18418982643344362,0.7499999999999999,1.2283133268356323,0.005907027050852776,0.0,0.1920960545539856,0.001195143093355,0.0,0.0,0.14336924254894257
SGCC,0,89,8,1.163364735142938,0.18061965513171688,0.6649999999999999,1.2165250778198242,0.005920184776186943,0.0,0.2241881787776947,0.001694973325356841,0.0,0.0,-0.10697386413812637
SGCC,0,89,9,1.1577995511992225,0.1766169169254711,0.7499999999999999,1.2129210233688354,0.006061106454581022,0.0,0.11514393240213394,0.0019158251816406846,0.0,0.0,0.31684383749961853
SGCC,0,89,10,1.1549508705221374,0.18434346865672038,0.6749999999999999,1.2094025611877441,0.006007855758070946,0.0,0.28570717573165894,0.00229023233987391,0.0,0.0,-0.3173779547214508
SGCC,0,107,1,1.240640839626049,0.22214384780628915,0.6649999999999999,1.1969637870788574,0.004451589658856392,0.0,0.05110892653465271,0.0006045594927854836,0.0,0.0,-0.2026243656873703
SGCC,0,107,2,1.1899592855881,0.224517644393936,0.7649999999999999,1.1846044063568115,0.0044707972556352615,0.0,0.03531515598297119,0.0006273329490795732,0.0,0.0,0.09282315522432327
SGCC,0,107,3,1.1822165446034794,0.2220814109894137,0.7,1.1845988035202026,0.0044932179152965546,0.0,0.057086262851953506,0.0006721406243741512,0.0,0.0,0.018758852034807205
SGCC,0,107,4,1.1799871654346072,0.22865482915656254,0.6749999999999999,1.1817171573638916,0.0045433808118104935,0.0,0.019248293712735176,0.0007770792581140995,0.0,0.0,-0.1386175900697708
SGCC,0,107,5,1.1785006790325558,0.22986136225792264,0.7449999999999999,1.1830817461013794,0.004563996568322182,0.0,0.11966253072023392,0.0008334230515174568,0.0,0.0,-0.06575337052345276
SGCC,0,107,6,1.1769437111657242,0.23087145257719988,0.6399999999999999,1.1790870428085327,0.0046276431530714035,0.0,0.08123514801263809,0.000972308567725122,0.0,0.0,-0.22554393112659454
SGCC,0,107,7,1.1730649574049588,0.2263707223067129,0.7599999999999999,1.1715171337127686,0.004712432157248259,0.0,0.04416091740131378,0.001156006008386612,0.0,0.0,-0.22460268437862396
SGCC,0,107,8,1.1680941715322692,0.22073409814636397,0.635,1.1597158908843994,0.004833363462239504,0.0,0.04869316518306732,0.001486713532358408,0.0,0.0,-0.0632127970457077
SGCC,0,107,9,1.1624493527001347,0.21883411423433508,0.695,1.15506112575531,0.004977933596819639,0.0,0.08925550431013107,0.0018565268255770206,0.0,0.0,0.22813481092453003
SGCC,0,107,10,1.1605375347466305,0.22015468979293515,0.7899999999999999,1.1573368310928345,0.0051421187818050385,0.0,0.12839612364768982,0.002288882853463292,0.0,0.0,0.4816737174987793
SGCC,0,131,1,1.2461751740554283,0.19465944237515936,0.615,1.2218341827392578,0.0031315756496042013,0.0,0.03658510744571686,0.0003969940007664263,0.0,0.0,-0.10986532270908356
SGCC,0,131,2,1.194227738627072,0.19496124121354783,0.71,1.2206921577453613,0.0031476751901209354,0.0,0.15963201224803925,0.00039553793612867594,0.0,0.0,0.25069746375083923
SGCC,0,131,3,1.1850621885266797,0.1977337795470805,0.6749999999999999,1.213749885559082,0.0031669752206653357,0.0,0.043586812913417816,0.00044124104897491634,0.0,0.0,0.25619205832481384
SGCC,0,131,4,1.1827607853659268,0.20292055403869194,0.715,1.2117109298706055,0.0031902524642646313,0.0,0.05305946618318558,0.0004930882132612169,0.0,0.0,0.318679541349411
SGCC,0,131,5,1.1812748086863551,0.20299629699141536,0.705,1.2113293409347534,0.003208825597539544,0.0,0.035035718232393265,0.000533879327122122,0.0,0.0,0.14655695855617523
SGCC,0,131,6,1.1787551435930976,0.20060597859822907,0.705,1.2084468603134155,0.0032406069803982973,0.0,0.021620215848088264,0.0006173881120048463,0.0,0.0,-0.005849822424352169
SGCC,0,131,7,1.1766302040938674,0.2007346995892221,0.73,1.2097148895263672,0.0032702076714485884,0.0,0.09069187194108963,0.0007263508741743863,0.0,0.0,0.24498294293880463
SGCC,0,131,8,1.1717979774392884,0.1935240883929714,0.57,1.2059886455535889,0.0033372158650308847,0.0,0.07240527868270874,0.0008967487374320626,0.0,0.0,0.20523950457572937
SGCC,0,131,9,1.1680046319961548,0.19060604367367434,0.5099999999999999,1.205201268196106,0.0034398953430354595,0.0,0.05194929614663124,0.001087429584003985,0.0,0.0,-0.43239259719848633
SGCC,0,149,1,1.245013280161496,0.1700591418882752,0.595,1.231062650680542,0.004463967401534319,0.0,0.06527002900838852,0.0005268356762826443,0.0,0.0,-0.18402332067489624
SGCC,0,149,2,1.197767709863597,0.18281179942189055,0.62,1.2075990438461304,0.004469908308237791,0.0,0.06644683331251144,0.0005384485702961683,0.0,0.0,-0.044572196900844574
SGCC,0,149,3,1.1837798829736381,0.18667961981020492,0.6,1.2029917240142822,0.004498520866036415,0.0,0.10731102526187897,0.0005740151973441243,0.0,0.0,-0.07205037772655487
SGCC,0,149,4,1.1800029246971524,0.18404224951737244,0.6399999999999999,1.1949125528335571,0.004541331902146339,0.0,0.03934253379702568,0.0006545553915202618,0.0,0.0,-0.36204707622528076
SGCC,0,149,5,1.175775028508285,0.187518391171696,0.625,1.1857168674468994,0.004600340034812689,0.0,0.04628726840019226,0.0007681380375288427,0.0,0.0,-0.5045554041862488
SGCC,0,149,6,1.1708537936210632,0.18294723469064303,0.575,1.1739085912704468,0.004716335330158472,0.0,0.20649410784244537,0.0009918365394696593,0.0,0.0,-0.1625364124774933
SGCC,0,149,7,1.163698690718618,0.1709884125827158,0.575,1.1690731048583984,0.004959633573889732,0.0,0.16553173959255219,0.0016538375057280064,0.0,0.0,-0.017477987334132195
SGCC,0,149,8,1.160744043259785,0.17913543002481885,0.615,1.1601049900054932,0.005035140551626682,0.0,0.0933765396475792,0.0018832169007509947,0.0,0.0,-0.2340652346611023
SGCC,0,149,9,1.1564072627445747,0.1785825128858036,0.74,1.1629279851913452,0.005132937803864479,0.0,0.22351126372814178,0.002568139461800456,0.0,0.0,-0.14468927681446075
SGCC,0,173,1,1.2414240569903934,0.1928727858204704,0.6649999999999999,1.1801029443740845,0.006572158541530371,0.0,0.04525558650493622,0.0008407828863710165,0.0,0.0,0.08184320479631424
SGCC,0,173,2,1.1921112393510753,0.19860573841358597,0.82,1.15974760055542,0.006556227337568998,0.0,0.02200073003768921,0.0009275020565837622,0.0,0.0,-0.17405155301094055
SGCC,0,173,3,1.1821560181420425,0.19831838073305208,0.845,1.1559897661209106,0.006583704613149166,0.0,0.056986112147569656,0.0010437051532790065,0.0,0.0,-0.525306761264801
SGCC,0,173,4,1.1774654635067643,0.1940457014198064,0.8049999999999999,1.1552226543426514,0.00661300215870142,0.0,0.10919999331235886,0.0012613818980753422,0.0,0.0,-0.5886371731758118
SGCC,0,173,5,1.1751982559417855,0.19521704483153943,0.725,1.1521533727645874,0.006694470532238483,0.0,0.05072158947587013,0.001477111829444766,0.0,0.0,0.167638897895813
SGCC,0,173,6,1.1705886875760967,0.19570812127877024,0.7599999999999999,1.1479437351226807,0.006734396331012249,0.0,0.07284173369407654,0.001963929273188114,0.0,0.0,0.41644519567489624
SGCC,0.000001,11,1,1.2455563031393906,0.19649924849291975,0.6549999999999999,1.190123438835144,0.0034731142222881317,3.4731142222881317e-09,0.07363995909690857,0.0003958732995670289,3.9587329956702887e-10,5.375794669386879e-09,-0.11171814054250717
SGCC,0.000001,11,2,1.1849513269703964,0.20303526978318007,0.7799999999999999,1.1544283628463745,0.0020586454775184393,2.0586454775184394e-09,0.1384226530790329,0.00045945809688419104,4.59458096884191e-10,3.319240649302263e-09,-0.46441489458084106
SGCC,0.000001,11,3,1.1753254471154049,0.20368514161110357,0.845,1.144540786743164,0.0013442063936963677,1.3442063936963677e-09,0.05865854024887085,0.0005286748055368662,5.286748055368662e-10,9.012750799693536e-09,-0.4599638283252716
SGCC,0.000001,11,4,1.1720980107784271,0.20719136394800103,0.825,1.1431465148925781,0.0009763077250681818,9.763077250681816e-10,0.04166049137711525,0.0006351482588797808,6.351482588797808e-10,1.524581774925193e-08,-0.35821831226348877
SGCC,0.000001,11,5,1.1697864347490772,0.21012892144951467,0.8549999999999999,1.1396480798721313,0.000758737965952605,7.58737965952605e-10,0.037803541868925095,0.0006833716761320829,6.833716761320829e-10,1.8076921958834273e-08,0.2855790853500366
SGCC,0.000001,11,6,1.1681168295186142,0.20773265189430448,0.8599999999999999,1.1411172151565552,0.0006505322526209056,6.505322526209056e-10,0.14324630796909332,0.0007409701938740909,7.409701938740909e-10,5.1727001161800405e-09,0.30731743574142456
SGCC,0.000001,11,7,1.1675670095558823,0.20645136097291794,0.8699999999999999,1.1373120546340942,0.0006064214394427836,6.064214394427836e-10,0.051046814769506454,0.0008370434516109526,8.370434516109525e-10,1.639756477246397e-08,-0.1790260672569275
SGCC,0.000001,11,8,1.1629436766279155,0.20990966754783555,0.815,1.135369896888733,0.0006252584862522781,6.252584862522781e-10,0.06005570665001869,0.0009418497793376446,9.418497793376445e-10,1.5682935592222383e-08,-0.19531594216823578
SGCC,0.000001,11,9,1.158631156230795,0.2053276027101404,0.7699999999999999,1.140636682510376,0.0007219529361464083,7.219529361464082e-10,0.13966625928878784,0.0011381319491192698,1.1381319491192699e-09,8.148939872198876e-09,-0.1909118890762329
SGCC,0.000001,23,1,1.2383563970697338,0.16098818364121975,0.6749999999999999,1.2102936506271362,0.003115425119176507,3.115425119176507e-09,0.07032684236764908,0.00045479205437004566,4.5479205437004565e-10,6.466834555041159e-09,-0.2911599576473236
SGCC,0.000001,23,2,1.1828684323820575,0.1623949947998129,0.8049999999999999,1.1898154020309448,0.0019179590744897723,1.9179590744897722e-09,0.08036068081855774,0.00043665344128385186,4.3665344128385184e-10,5.433670258092378e-09,0.15406852960586548
SGCC,0.000001,23,3,1.1754489684927052,0.17080420340301358,0.705,1.1838045120239258,0.0013188181910663843,1.3188181910663843e-09,0.07099388539791107,0.0005613371031358838,5.613371031358837e-10,7.906837328167992e-09,-0.5198076367378235
SGCC,0.000001,23,4,1.1716017353123631,0.17521170525317364,0.615,1.179574966430664,0.0009974674321711063,9.974674321711063e-10,0.05142213776707649,0.0006661437801085413,6.661437801085412e-10,1.2954416308515396e-08,-0.5059462189674377
SGCC,0.000001,23,5,1.1697337771284169,0.18261351824517974,0.6399999999999999,1.1751538515090942,0.0008327664108946919,8.327664108946919e-10,0.049850039184093475,0.0007852354319766164,7.852354319766163e-10,1.5751952151467417e-08,-0.47481581568717957
SGCC,0.000001,23,6,1.1660173083173817,0.18594596659255755,0.6799999999999999,1.167763113975525,0.0007546751294285059,7.546751294285058e-10,0.050887227058410645,0.0008800138020887971,8.80013802088797e-10,1.7293412373967197e-08,-0.3670274019241333
SGCC,0.000001,23,7,1.162643249692588,0.1764543092188373,0.7799999999999999,1.1561377048492432,0.0007721001747995615,7.721001747995614e-10,0.09446179121732712,0.001032332074828446,1.0323320748284458e-09,1.0928567641210314e-08,0.09669753164052963
SGCC,0.000001,23,8,1.1560739319899986,0.18121094768540938,0.6649999999999999,1.1526366472244263,0.0008400713559240103,8.400713559240103e-10,0.06650540977716446,0.001251516630873084,1.251516630873084e-09,1.8818268093775573e-08,0.0008256930741481483
SGCC,0.000001,23,9,1.154534517691053,0.18585431907350042,0.705,1.1525837182998657,0.0008847732096910477,8.847732096910476e-10,0.17221541702747345,0.0013797823339700699,1.37978233397007e-09,8.011955943235639e-09,0.04381765052676201
SGCC,0.000001,23,10,1.1524870899216881,0.188379206391831,0.6549999999999999,1.1525415182113647,0.0009666525293141603,9.666525293141602e-10,0.17478826642036438,0.0017570373602211475,1.7570373602211476e-09,1.0052375918618512e-08,-0.036382727324962616
SGCC,0.000001,23,11,1.151380649928389,0.1889298962299898,0.61,1.1503124237060547,0.0010038241744041443,1.0038241744041442e-09,0.07497739791870117,0.0019169147126376629,1.916914712637663e-09,2.556656760369565e-08,0.03219540789723396
SGCC,0.000001,23,12,1.1495368028509205,0.19120499240483319,0.6549999999999999,1.1504082679748535,0.0011766981333494186,1.1766981333494185e-09,0.20589299499988556,0.002697613090276718,2.697613090276718e-09,1.3102014909629235e-08,0.2563110888004303
SGCC,0.000001,23,13,1.1490668294758632,0.18882727923420603,0.6399999999999999,1.1478970050811768,0.001042369520291686,1.042369520291686e-09,0.10286464542150497,0.001977717038244009,1.977717038244009e-09,1.922640213398865e-08,0.09617071598768234
SGCC,0.000001,23,14,1.1453952275473496,0.18986931128914125,0.6499999999999999,1.14434015750885,0.0011839531362056732,1.183953136205673e-09,0.1568363755941391,0.0028398665599524975,2.8398665599524975e-09,1.810719324005229e-08,0.3172386884689331
SGCC,0.000001,23,15,1.1455486252390106,0.19078707608935966,0.7599999999999999,1.1469889879226685,0.0012234121095389128,1.2234121095389127e-09,0.13199983537197113,0.0027424870058894157,2.7424870058894155e-09,2.077644262328948e-08,0.27090534567832947
SGCC,0.000001,23,16,1.1429013054946373,0.19002483108240736,0.6749999999999999,1.1466426849365234,0.001281168544664979,1.2811685446649789e-09,0.2537204921245575,0.003274733666330576,3.274733666330576e-09,1.290685525205008e-08,-0.3509206771850586
SGCC,0.000001,37,1,1.2475794533203388,0.18412052560142436,0.595,1.1917024850845337,0.0020262692123651505,2.0262692123651504e-09,0.04922104626893997,0.0004833844432141632,4.833844432141632e-10,9.820686065326367e-09,-0.2842126488685608
SGCC,0.000001,37,2,1.1975649184194104,0.18919446041026597,0.7949999999999999,1.1667174100875854,0.0013628812739625573,1.3628812739625573e-09,0.02463584579527378,0.0004960030782967806,4.960030782967805e-10,2.0133389469093663e-08,-0.3137963116168976
SGCC,0.000001,37,3,1.187282369054597,0.19075026899028996,0.575,1.1632356643676758,0.0010158759541809559,1.0158759541809558e-09,0.03229610621929169,0.0005747326067648828,5.747326067648828e-10,1.7795724440043278e-08,-0.4254654347896576
SGCC,0.000001,37,4,1.182966130560842,0.19460209910053242,0.625,1.161314845085144,0.0008325063390657306,8.325063390657305e-10,0.04144248738884926,0.0006747780134901404,6.747780134901404e-10,1.6282275896202596e-08,-0.07459184527397156
SGCC,0.000001,37,5,1.1803686289951718,0.19330386612924566,0.615,1.158410668373108,0.0007636791560798883,7.636791560798883e-10,0.04389597102999687,0.0008066004957072437,8.066004957072437e-10,1.8375274012187655e-08,-0.010130907408893108
SGCC,0.000001,37,6,1.1762584684223965,0.19287998640349546,0.8549999999999999,1.1531203985214233,0.0007871382986195385,7.871382986195386e-10,0.0654054582118988,0.0009757752413861454,9.757752413861452e-10,1.49188656124823e-08,-0.29586881399154663
SGCC,0.000001,37,7,1.1707333305786396,0.19543575296545915,0.565,1.1544411182403564,0.0008738309843465686,8.738309843465686e-10,0.07347782701253891,0.0012724624248221517,1.2724624248221515e-09,1.731763821220526e-08,0.420509934425354
SGCC,0.000001,37,8,1.1667892316292072,0.19810433056857882,0.5599999999999999,1.1517720222473145,0.000950144836679101,9.501448366791009e-10,0.09320971369743347,0.0015907600754871964,1.5907600754871964e-09,1.7066462414539076e-08,0.30737826228141785
SGCC,0.000001,37,9,1.164159674068977,0.2023089834300816,0.59,1.1502019166946411,0.0010327870259061456,1.0327870259061455e-09,0.11147546768188477,0.0019018102902919054,1.9018102902919053e-09,1.7060348163051103e-08,0.41064611077308655
SGCC,0.000001,37,10,1.1613801286138337,0.20309853131968797,0.49499999999999994,1.1500405073165894,0.0010192216141149402,1.01922161411494e-09,0.20925505459308624,0.00201443862169981,2.01443862169981e-09,9.62671427754542e-09,-0.1650928258895874
SGCC,0.000001,37,11,1.160969565654623,0.19766860025202335,0.5249999999999999,1.1469175815582275,0.0011852646712213755,1.1852646712213754e-09,0.0735020786523819,0.0029194187372922897,2.9194187372922896e-09,3.9718859531841053e-08,0.5722249150276184
SGCC,0.000001,37,12,1.1597356405751458,0.20343059869239818,0.5499999999999999,1.1442217826843262,0.001096907421015203,1.0969074210152029e-09,0.06170273944735527,0.002318359911441803,2.3183599114418028e-09,3.7573046710832435e-08,-0.3889968991279602
SGCC,0.000001,37,13,1.1603611913220635,0.20466424726068516,0.57,1.1433850526809692,0.0011644508922472596,1.1644508922472596e-09,0.09362417459487915,0.002526885597035289,2.5268855970352887e-09,2.6989670221065947e-08,0.07845488935709
SGCC,0.000001,37,14,1.1592735586495235,0.2023737826529789,0.5199999999999999,1.1437981128692627,0.0011501683620736003,1.1501683620736002e-09,0.15477541089057922,0.002461419440805912,2.461419440805912e-09,1.5903168511347382e-08,-0.3330569863319397
SGCC,0.000001,37,15,1.1586041769077038,0.20257961550370626,0.5349999999999999,1.14434814453125,0.0013942575315013528,1.3942575315013527e-09,0.11469757556915283,0.0038053954485803843,3.805395448580384e-09,3.317764503475539e-08,0.5708551406860352
SGCC,0.000001,37,16,1.1584643762687157,0.20092361913491863,0.5199999999999999,1.1410295963287354,0.0013165042037144303,1.3165042037144302e-09,0.0885433778166771,0.003310099011287093,3.310099011287093e-09,3.7383925177786e-08,-0.14388702809810638
SGCC,0.000001,37,17,1.1577095636006058,0.19997528069980663,0.61,1.143104076385498,0.0013988679274916649,1.3988679274916648e-09,0.12572190165519714,0.0036714666057378054,3.671466605737805e-09,2.9203078838300665e-08,0.08170447498559952
SGCC,0.000001,53,1,1.2422752483137722,0.20922765064251778,0.6399999999999999,1.1289818286895752,0.0015089849475771189,1.5089849475771187e-09,0.10042959451675415,0.00042642903281375766,4.2642903281375765e-10,4.2460495321687145e-09,-0.21480689942836761
SGCC,0.000001,53,2,1.194241009909531,0.21870223005326658,0.735,1.1154271364212036,0.0009911275701597333,9.911275701597333e-10,0.07895661145448685,0.0005028217565268278,5.028217565268277e-10,6.368329988637753e-09,-0.40108630061149597
SGCC,0.000001,53,3,1.1838231107284283,0.2211501412460821,0.7499999999999999,1.1094105243682861,0.0007316858391277492,7.316858391277492e-10,0.064065121114254,0.0005788996932096779,5.788996932096779e-10,9.036113303793897e-09,-0.2388869673013687
SGCC,0.000001,53,4,1.1794418260968964,0.22487146405596467,0.825,1.1067020893096924,0.0006126532680355012,6.126532680355012e-10,0.09312213957309723,0.0006856599356979132,6.856599356979132e-10,7.363017418212314e-09,0.02842995524406433
SGCC,0.000001,53,5,1.1758430517953018,0.22329385738131793,0.7799999999999999,1.1012754440307617,0.0005862973048351705,5.862973048351704e-10,0.08408493548631668,0.000836642924696207,8.36642924696207e-10,9.949974033486125e-09,0.18301184475421906
SGCC,0.000001,53,6,1.1715936856023197,0.22681919008927237,0.8099999999999999,1.1031379699707031,0.000558544765226543,5.585447652265429e-10,0.15852096676826477,0.0008864501724019647,8.864501724019646e-10,5.592005842973626e-09,0.23526781797409058
SGCC,0.000001,53,7,1.1676914136985252,0.2248466645516993,0.7699999999999999,1.1072369813919067,0.0006160404300317168,6.160404300317168e-10,0.13026271760463715,0.0010540734510868788,1.0540734510868786e-09,8.091904348918292e-09,0.14505967497825623
SGCC,0.000001,53,8,1.1658615613805836,0.22724355329705387,0.7799999999999999,1.1022286415100098,0.0006349931354634464,6.349931354634463e-10,0.08678784221410751,0.001116111408919096,1.1161114089190959e-09,1.2860227659141755e-08,-0.15247268974781036
SGCC,0.000001,53,9,1.1637407613211666,0.22271081352175828,0.7599999999999999,1.110679030418396,0.0007855431758798659,7.855431758798659e-10,0.12761211395263672,0.0015141286421567202,1.5141286421567202e-09,1.1865085494302598e-08,0.15434589982032776
SGCC,0.000001,53,10,1.1613441489893814,0.2197873736016743,0.7599999999999999,1.1120184659957886,0.000994389527477324,9.94389527477324e-10,0.18176721036434174,0.0022179491352289915,2.2179491352289915e-09,1.2202141028534476e-08,0.3047439157962799
SGCC,0.000001,53,11,1.1582361171985496,0.2204669603837391,0.6749999999999999,1.1129124164581299,0.0012526947539299726,1.2526947539299725e-09,0.27213186025619507,0.0037414981052279472,3.741498105227947e-09,1.3748842571044646e-08,0.2837504744529724
SGCC,0.000001,53,12,1.1561262946704338,0.22281651767381214,0.7599999999999999,1.1029293537139893,0.0010473072761669755,1.0473072761669754e-09,0.38610410690307617,0.0026213026139885187,2.6213026139885188e-09,6.789108344414853e-09,-0.22184057533740997
SGCC,0.000001,71,1,1.2308110718069405,0.18206000874893638,0.6849999999999999,1.2519410848617554,0.00305395619943738,3.0539561994373796e-09,0.053614191710948944,0.000515621795784682,5.15621795784682e-10,9.617263253068555e-09,-0.12871570885181427
SGCC,0.000001,71,2,1.186730331388013,0.18386256604747062,0.725,1.24508798122406,0.001754722441546619,1.754722441546619e-09,0.22262509167194366,0.0005152649246156216,5.152649246156215e-10,2.3144961816564087e-09,-0.4434279203414917
SGCC,0.000001,71,3,1.179288952515043,0.1966490204929616,0.6799999999999999,1.2457826137542725,0.0011477147927507758,1.1477147927507757e-09,0.21078726649284363,0.000611387484241277,6.113874842412769e-10,2.9004953402250887e-09,-0.47643229365348816
SGCC,0.000001,71,4,1.175749172424448,0.19711799482922096,0.715,1.2445287704467773,0.0008406576234847307,8.406576234847307e-10,0.18124207854270935,0.0006949396338313818,6.949396338313818e-10,3.834317281169453e-09,-0.40109968185424805
SGCC,0.000001,71,5,1.1718704289403454,0.1975507116802034,0.705,1.2412933111190796,0.0006911962991580367,6.911962991580366e-10,0.13995666801929474,0.0007767584174871445,7.767584174871444e-10,5.549992211732697e-09,-0.283139169216156
SGCC,0.000001,71,6,1.1679347023881714,0.19872931704958216,0.72,1.2431044578552246,0.0006245169206522405,6.245169206522405e-10,0.2390565127134323,0.0008709155372343957,8.709155372343957e-10,3.643136626352451e-09,-0.33351215720176697
SGCC,0.000001,71,7,1.1637632415212433,0.19490141376801906,0.7499999999999999,1.2373127937316895,0.0006045073387213051,6.045073387213051e-10,0.226495161652565,0.0009621859062463045,9.621859062463044e-10,4.248152142526828e-09,-0.3149058222770691
SGCC,0.000001,71,8,1.1605466902256012,0.19602384868955208,0.6699999999999999,1.2385326623916626,0.000649564026389271,6.49564026389271e-10,0.35155895352363586,0.0011373149463906884,1.1373149463906884e-09,3.2350618153555997e-09,-0.2804240882396698
SGCC,0.000001,71,9,1.158548287276564,0.19342419744043993,0.74,1.2256146669387817,0.0007252609939314425,7.252609939314424e-10,0.09039422869682312,0.001315366243943572,1.315366243943572e-09,1.4551440538922372e-08,0.030145850032567978
SGCC,0.000001,71,10,1.1567029469999774,0.19239498508214198,0.71,1.2269096374511719,0.0007909387932159007,7.909387932159006e-10,0.15225142240524292,0.0015443856827914715,1.5443856827914714e-09,1.0143653559313408e-08,0.07418063282966614
SGCC,0.000001,89,1,1.2504829784919476,0.16199169545296704,0.58,1.280976414680481,0.002867872128263116,2.8678721282631156e-09,0.06290589272975922,0.0005814364994876087,5.814364994876087e-10,9.242957603120471e-09,-0.24832884967327118
SGCC,0.000001,89,2,1.1929825328547379,0.17196178764702322,0.7549999999999999,1.2493339776992798,0.0016465327935293317,1.6465327935293316e-09,0.07424965500831604,0.0005269797402434051,5.269797402434051e-10,7.097403216006631e-09,0.001590596977621317
SGCC,0.000001,89,3,1.179888899984031,0.17571971660776942,0.73,1.2427563667297363,0.0010785323102027178,1.0785323102027177e-09,0.053148820996284485,0.0006541231996379793,6.541231996379792e-10,1.2307388712982129e-08,-0.4777030348777771
SGCC,0.000001,89,4,1.1750178778993672,0.17775562441789444,0.59,1.2425782680511475,0.0008046709699556231,8.046709699556232e-10,0.16946300864219666,0.0007971397717483342,7.971397717483341e-10,4.703916082544073e-09,-0.511092483997345
SGCC,0.000001,89,5,1.1727073233703087,0.1781288151888377,0.625,1.2374058961868286,0.0006769787869416177,6.769787869416177e-10,0.12371049076318741,0.0009091155952773988,9.091155952773988e-10,7.348734854004191e-09,-0.5231360793113708
SGCC,0.000001,89,6,1.170673312812016,0.18624004233930413,0.7799999999999999,1.2317265272140503,0.0006416942924261093,6.416942924261093e-10,0.06983543187379837,0.0010135688353329897,1.0135688353329895e-09,1.4513676054365056e-08,-0.4163520038127899
SGCC,0.000001,89,7,1.1682288235631482,0.18418982643344362,0.7499999999999999,1.2283133268356323,0.0006694269832223654,6.694269832223653e-10,0.1920960545539856,0.001172845484688878,1.172845484688878e-09,6.105515740091726e-09,-0.4732699990272522
SGCC,0.000001,89,8,1.1633647526132649,0.18061965513171688,0.6649999999999999,1.2165250778198242,0.0008093613432720304,8.093613432720303e-10,0.2241881787776947,0.0015006983885541558,1.5006983885541558e-09,6.6939229210753805e-09,-0.44728410243988037
SGCC,0.000001,89,9,1.1577995388672269,0.1766169169254711,0.7499999999999999,1.2129210233688354,0.0009745046845637262,9.745046845637261e-10,0.11514395475387573,0.0017752215499058366,1.7752215499058365e-09,1.541740991700724e-08,0.3385963439941406
SGCC,0.000001,89,10,1.1549508705221374,0.18434346865672038,0.6749999999999999,1.2094025611877441,0.0009749680757522583,9.749680757522583e-10,0.28570717573165894,0.0019070178968831897,1.9070178968831897e-09,6.674728739309977e-09,-0.46176666021347046
SGCC,0.000001,107,1,1.240640839626049,0.22214384780628915,0.6649999999999999,1.1969637870788574,0.0022119907662272453,2.211990766227245e-09,0.05110892653465271,0.0005390049773268402,5.390049773268402e-10,1.0546200319065315e-08,-0.15732359886169434
SGCC,0.000001,107,2,1.1899592835327675,0.224517644393936,0.7649999999999999,1.1846044063568115,0.0012945232447236776,1.2945232447236775e-09,0.03531515598297119,0.0005849766894243658,5.849766894243658e-10,1.656446568454742e-08,0.3441292941570282
SGCC,0.000001,107,3,1.1822165446034794,0.2220814109894137,0.7,1.1845988035202026,0.0008755972958169878,8.755972958169877e-10,0.05708625912666321,0.0006514567066915333,6.514567066915333e-10,1.1411795354221386e-08,0.24455715715885162
SGCC,0.000001,107,4,1.1799871674899398,0.22865482915656254,0.6749999999999999,1.1817173957824707,0.0006972916889935732,6.972916889935731e-10,0.019248271360993385,0.0007842128397896886,7.842128397896886e-10,4.0741987946974584e-08,-0.29873594641685486
SGCC,0.000001,107,5,1.1785006738942245,0.22986136225792264,0.7449999999999999,1.1830817461013794,0.0005952853243798018,5.952853243798018e-10,0.11966254562139511,0.0008471072069369256,8.471072069369256e-10,7.079134097791304e-09,0.22178132832050323
SGCC,0.000001,107,6,1.1769436988337287,0.23087145257719988,0.6399999999999999,1.1790870428085327,0.0005835859919898212,5.835859919898212e-10,0.0812351182103157,0.0010070294374600053,1.0070294374600052e-09,1.2396479006195706e-08,-0.45918160676956177
SGCC,0.000001,107,7,1.1730649666539554,0.2263707223067129,0.7599999999999999,1.1715171337127686,0.0006464655743911862,6.464655743911863e-10,0.044160958379507065,0.0011918646050617099,1.1918646050617097e-09,2.6989101885406445e-08,-0.4830525517463684
SGCC,0.000001,107,8,1.1680941756429344,0.22073409814636397,0.635,1.1597158908843994,0.0007884886581450701,7.884886581450701e-10,0.04869318753480911,0.0014517356175929308,1.4517356175929308e-09,2.9813936837779083e-08,-0.3333655595779419
SGCC,0.000001,107,9,1.162449346534137,0.21883411423433508,0.695,1.15506112575531,0.0009252128074876964,9.252128074876964e-10,0.08925550431013107,0.001727880327962339,1.7278803279623388e-09,1.9358809759884057e-08,-0.058260247111320496
SGCC,0.000001,107,10,1.1605375409126282,0.22015468979293515,0.7899999999999999,1.1573368310928345,0.0010748504428192973,1.0748504428192972e-09,0.12839610874652863,0.0020953763741999865,2.0953763741999864e-09,1.6319625218055043e-08,0.42146649956703186
SGCC,0.000001,131,1,1.2461751740554283,0.19465944237515936,0.615,1.2218341827392578,0.0016656448133289814,1.6656448133289813e-09,0.03658510372042656,0.00038020426291041076,3.8020426291041073e-10,1.0392324313628536e-08,-0.024500899016857147
SGCC,0.000001,131,2,1.1942277427377372,0.19496124121354783,0.71,1.2206921577453613,0.0009985162178054452,9.98516217805445e-10,0.15963201224803925,0.00040952052222564816,4.0952052222564813e-10,2.56540349556784e-09,0.5246908664703369
SGCC,0.000001,131,3,1.185062182360682,0.1977337795470805,0.6749999999999999,1.2137500047683716,0.0006729128654114902,6.729128654114901e-10,0.043586816638708115,0.00046406281762756407,4.6406281762756406e-10,1.0646861904923887e-08,0.3816908001899719
SGCC,0.000001,131,4,1.1827607874212593,0.20292055403869194,0.715,1.2117109298706055,0.0005179584259167314,5.179584259167313e-10,0.05305948480963707,0.0005318648763932288,5.318648763932287e-10,1.002393593344177e-08,0.5071841478347778
SGCC,0.000001,131,5,1.1812748086863551,0.20299629699141536,0.705,1.2113293409347534,0.00043303408892825246,4.3303408892825245e-10,0.03503573313355446,0.0005831683520227671,5.831683520227671e-10,1.6644959299117805e-08,0.17338743805885315
SGCC,0.000001,131,6,1.178755141537765,0.20060597859822907,0.705,1.208446979522705,0.0004102605162188411,4.102605162188411e-10,0.021620221436023712,0.000681515724863857,6.81515724863857e-10,3.15221436043348e-08,-0.04523129016160965
SGCC,0.000001,131,7,1.1766301999832023,0.2007346995892221,0.73,1.2097150087356567,0.00042699233745224774,4.269923374522477e-10,0.09069184958934784,0.000802673283033073,8.026732830330729e-10,8.850555884212007e-09,0.39785322546958923
SGCC,0.000001,131,8,1.171797979494621,0.1935240883929714,0.57,1.2059886455535889,0.00048886175500229,4.8886175500229e-10,0.07240529358386993,0.0009596723248250782,9.596723248250782e-10,1.3254173518590204e-08,0.3351997435092926
SGCC,0.000001,131,9,1.1680046319961548,0.19060604367367434,0.5099999999999999,1.205201268196106,0.0005673408741131425,5.673408741131424e-10,0.051949307322502136,0.0011511272750794888,1.1511272750794886e-09,2.2158664559919383e-08,-0.5510920882225037
SGCC,0.000001,149,1,1.2450132760508308,0.1700591418882752,0.595,1.231062650680542,0.0025177751667797565,2.5177751667797563e-09,0.06527002900838852,0.00046057687723077834,4.605768772307783e-10,7.056483415559458e-09,-0.36417484283447266
SGCC,0.000001,149,2,1.1977677119189296,0.18281179942189055,0.62,1.2075990438461304,0.00157841423060745,1.57841423060745e-09,0.06644683331251144,0.0004624314315151423,4.624314315151423e-10,6.959420162887881e-09,-0.4278676509857178
SGCC,0.000001,149,3,1.1837798829736381,0.18667961981020492,0.6,1.2029917240142822,0.001095522427931428,1.095522427931428e-09,0.10731100291013718,0.0005183804896660149,5.183804896660149e-10,4.830636892846016e-09,-0.48116782307624817
SGCC,0.000001,149,4,1.1800029288078178,0.18404224951737244,0.6399999999999999,1.1949126720428467,0.0008518111426383257,8.518111426383256e-10,0.039342544972896576,0.0006056232377886772,6.056232377886772e-10,1.539359586945624e-08,-0.6591321229934692
SGCC,0.000001,149,5,1.1757750305636177,0.187518391171696,0.625,1.1857168674468994,0.0007461956702172756,7.461956702172755e-10,0.046287260949611664,0.0007323031313717365,7.323031313717365e-10,1.5820835287033337e-08,-0.5107713937759399
SGCC,0.000001,149,6,1.1708537977317284,0.18294723469064303,0.575,1.1739085912704468,0.0007698551053181291,7.69855105318129e-10,0.20649410784244537,0.000993245397694409,9.932453976944088e-10,4.810042320685747e-09,-0.45839932560920715
SGCC,0.000001,149,7,1.1636986845526203,0.1709884125827158,0.575,1.169073224067688,0.0009540095925331116,9.540095925331115e-10,0.16553173959255219,0.0016468605026602745,1.6468605026602745e-09,9.948910744935903e-09,-0.20896995067596436
SGCC,0.000001,149,8,1.160744043259785,0.17913543002481885,0.615,1.1601049900054932,0.0009970205137506127,9.970205137506126e-10,0.09337655454874039,0.0018533312249928713,1.8533312249928712e-09,1.984792900048026e-08,-0.38859832286834717
SGCC,0.000001,149,9,1.1564072586339096,0.1785825128858036,0.74,1.1629279851913452,0.0010884737130254507,1.0884737130254506e-09,0.22351129353046417,0.0024253546725958586,2.4253546725958586e-09,1.0851150446522235e-08,-0.16938556730747223
SGCC,0.000001,173,1,1.2414240652117237,0.1928727858204704,0.6649999999999999,1.1801029443740845,0.003685415256768465,3.685415256768465e-09,0.04525557905435562,0.0006526013603433967,6.526013603433966e-10,1.4420351567252503e-08,-0.02593199349939823
SGCC,0.000001,173,2,1.1921112372957428,0.19860573841358597,0.82,1.15974760055542,0.0023190558422356844,2.3190558422356845e-09,0.02200072817504406,0.0006434896495193243,6.434896495193243e-10,2.9248561429400764e-08,-0.412544310092926
SGCC,0.000001,173,3,1.1821560222527077,0.19831838073305208,0.845,1.1559897661209106,0.0016342957969754934,1.6342957969754934e-09,0.05698610097169876,0.0007120220107026398,7.120220107026398e-10,1.2494660953488539e-08,-0.6673458814620972
SGCC,0.000001,173,4,1.1774654696727622,0.1940457014198064,0.8049999999999999,1.1552226543426514,0.0012843272415921092,1.2843272415921092e-09,0.10919999331235886,0.0008710043039172888,8.710043039172888e-10,7.976230377833838e-09,-0.5893973708152771
SGCC,0.000001,173,5,1.175198261080117,0.19521704483153943,0.725,1.1521532535552979,0.0011554596712812781,1.155459671281278e-09,0.050721604377031326,0.0010928697884082794,1.0928697884082794e-09,2.154643572164236e-08,0.17798009514808655
SGCC,0.000001,173,6,1.1705886772994338,0.19570812127877024,0.7599999999999999,1.1479437351226807,0.001150070340372622,1.150070340372622e-09,0.07284174114465714,0.0013581574894487858,1.3581574894487856e-09,1.864531885298578e-08,0.27157163619995117
SGCC,0.00001,11,1,1.2455563113607209,0.19649924849291975,0.6549999999999999,1.190123438835144,0.0008472484769299626,8.472484769299627e-09,0.07363997399806976,0.0003939621092285961,3.939621092285961e-09,5.349840417365201e-08,-0.1420842409133911
SGCC,0.00001,11,2,1.1849513125830684,0.20303526978318007,0.7799999999999999,1.1544283628463745,0.00025236152578145266,2.5236152578145268e-09,0.13842268288135529,0.00046998861944302917,4.699886194430292e-09,3.395315057185139e-08,-0.631331741809845
SGCC,0.00001,11,3,1.1753254450600723,0.20368514161110357,0.845,1.144540786743164,0.00022978617926128209,2.297861792612821e-09,0.05865856632590294,0.0005449057789519429,5.44905778951943e-09,9.289449318015789e-08,-0.5839672088623047
SGCC,0.00001,11,4,1.1720980118060935,0.20719136394800103,0.825,1.1431465148925781,0.0002775632601696998,2.775632601696998e-09,0.041660480201244354,0.0006401888094842434,6.4018880948424345e-09,1.5366813017799102e-07,-0.4232461154460907
SGCC,0.00001,11,5,1.16978644502574,0.21012892144951467,0.8549999999999999,1.1396480798721313,0.0003110008838120848,3.110008838120848e-09,0.0378035306930542,0.0006857437547296286,6.857437547296286e-09,1.8139674844064846e-07,0.2699112594127655
SGCC,0.00001,11,6,1.1681168243802826,0.20773265189430448,0.8599999999999999,1.1411172151565552,0.0003545051731634885,3.545051731634885e-09,0.1432463675737381,0.0007420570473186672,7.420570473186673e-09,5.1802852657794825e-08,0.32227659225463867
SGCC,0.00001,11,7,1.1675670136665475,0.20645136097291794,0.8699999999999999,1.1373120546340942,0.0004047219699714333,4.0472196997143335e-09,0.05104687809944153,0.000832658086437732,8.32658086437732e-09,1.6311635842169976e-07,-0.20267976820468903
SGCC,0.00001,11,8,1.162943693070576,0.20990966754783555,0.815,1.1353697776794434,0.00048570422222837806,4.857042222283781e-09,0.06005572900176048,0.0009341866243630648,9.341866243630648e-09,1.5555329023408905e-07,-0.2052503228187561
SGCC,0.00001,11,9,1.1586311582861275,0.2053276027101404,0.7699999999999999,1.140636682510376,0.0006209150305949152,6.209150305949152e-09,0.13966627418994904,0.0011290780967101455,1.1290780967101455e-08,8.084114101694843e-08,-0.18889421224594116
SGCC,0.00001,23,1,1.2383563991250663,0.16098818364121975,0.6749999999999999,1.2102936506271362,0.0008385663968510926,8.385663968510927e-09,0.07032683491706848,0.00043655518675222993,4.3655518675222995e-09,6.207519324124695e-08,0.01019583735615015
SGCC,0.00001,23,2,1.182868430326725,0.1623949947998129,0.8049999999999999,1.1898154020309448,0.0002680542238522321,2.6805422385223212e-09,0.08036069571971893,0.000505917239934206,5.059172399342061e-09,6.29558063681701e-08,0.4873727560043335
SGCC,0.00001,23,3,1.175448960271375,0.17080420340301358,0.705,1.1838045120239258,0.00021827983437106013,2.1827983437106015e-09,0.07099389284849167,0.0006038268911652267,6.038268911652267e-09,8.505335697731859e-08,-0.6521229147911072
SGCC,0.00001,23,4,1.171601734284697,0.17521170525317364,0.615,1.179574966430664,0.00025195974740199745,2.5195974740199745e-09,0.05142213776707649,0.0006930273375473917,6.930273375473917e-09,1.3477217549502756e-07,-0.5938339829444885
SGCC,0.00001,23,5,1.1697337791837494,0.18261351824517974,0.6399999999999999,1.1751537322998047,0.0003093628620263189,3.0936286202631893e-09,0.04985003545880318,0.0007983645773492754,7.983645773492754e-09,1.601532616780295e-07,-0.5305739045143127
SGCC,0.00001,23,6,1.166017316538712,0.18594596659255755,0.6799999999999999,1.167763113975525,0.00037485521170310676,3.748552117031068e-09,0.05088719353079796,0.0008854707702994347,8.854707702994348e-09,1.7400660340278542e-07,-0.3928055167198181
SGCC,0.00001,23,7,1.1626432435265903,0.1764543092188373,0.7799999999999999,1.1561377048492432,0.0004899966297671199,4.8999662976712e-09,0.0944618359208107,0.0010308241471648216,1.0308241471648217e-08,1.091259911599625e-07,0.10098875313997269
SGCC,0.00001,23,8,1.1560739453496605,0.18121094768540938,0.6649999999999999,1.1526366472244263,0.0006240280345082283,6.240280345082284e-09,0.06650542467832565,0.0012452419614419341,1.2452419614419342e-08,1.8723915642444772e-07,-0.0023597015533596277
SGCC,0.00001,23,9,1.1545345197463859,0.18585431907350042,0.705,1.1525837182998657,0.0007154844934120774,7.154844934120775e-09,0.17221535742282867,0.0013718970585614443,1.3718970585614443e-08,7.966171421013973e-08,0.04443797096610069
SGCC,0.00001,23,10,1.1524870950600197,0.188379206391831,0.6549999999999999,1.1525415182113647,0.0008304489310830832,8.304489310830832e-09,0.174788236618042,0.0017475943313911557,1.7475943313911557e-08,9.998352092824796e-08,-0.03701431304216385
SGCC,0.00001,23,11,1.1513806478730564,0.1889298962299898,0.61,1.1503124237060547,0.0008924126159399748,8.924126159399749e-09,0.07497752457857132,0.001904526841826737,1.904526841826737e-08,2.5401303290973855e-07,0.033617474138736725
SGCC,0.00001,23,12,1.1495368131275834,0.19120499240483319,0.6549999999999999,1.150408148765564,0.0010838815942406654,1.0838815942406656e-08,0.20589293539524078,0.0026781312189996243,2.6781312189996243e-08,1.30073973342435e-07,0.25847327709198
SGCC,0.00001,23,13,1.1490668366695274,0.18882727923420603,0.6399999999999999,1.1478970050811768,0.0009660801733843982,9.660801733843983e-09,0.10286460816860199,0.0019619809463620186,1.9619809463620187e-08,1.907343041783818e-07,0.09821876138448715
SGCC,0.00001,23,14,1.1453952419346776,0.18986931128914125,0.6499999999999999,1.14434015750885,0.0011179044377058744,1.1179044377058746e-08,0.15683607757091522,0.002814424689859152,2.814424689859152e-08,1.7945008147673024e-07,0.31959906220436096
SGCC,0.00001,23,15,1.1455486242113442,0.19078707608935966,0.7599999999999999,1.146989107131958,0.0011655770940706134,1.1655770940706135e-08,0.13199977576732635,0.0027153203263878822,2.7153203263878825e-08,2.0570643477259605e-07,0.2714770436286926
SGCC,0.00001,23,16,1.1429013229649643,0.19002483108240736,0.6749999999999999,1.1466426849365234,0.0012287930585443974,1.2287930585443975e-08,0.2537204325199127,0.003240964375436306,3.240964375436306e-08,1.277376182614676e-07,-0.35258615016937256
SGCC,0.00001,37,1,1.2475794492096737,0.18412052560142436,0.595,1.1917026042938232,0.0005686879740096629,5.686879740096629e-09,0.04922104626893997,0.00048413642798550427,4.841364279855043e-09,9.835963773305844e-08,-0.35677507519721985
SGCC,0.00001,37,2,1.1975649225300755,0.18919446041026597,0.7949999999999999,1.1667174100875854,0.0002655642747413367,2.655642747413367e-09,0.02463584765791893,0.0005040030227974057,5.040030227974058e-09,2.0458115742382396e-07,-0.35952261090278625
SGCC,0.00001,37,3,1.1872823731652622,0.19075026899028996,0.575,1.1632356643676758,0.0002430907334201038,2.430907334201038e-09,0.03229610249400139,0.0005795522592961788,5.7955225929617884e-09,1.794495974874441e-07,-0.4515381157398224
SGCC,0.00001,37,4,1.182966126450177,0.19460209910053242,0.625,1.161314845085144,0.0002825463889166713,2.825463889166713e-09,0.04144247993826866,0.0006786364829167724,6.786364829167724e-09,1.637538303517663e-07,-0.05477617308497429
SGCC,0.00001,37,5,1.1803686372165023,0.19330386612924566,0.615,1.1584105491638184,0.0003622471122071147,3.622471122071147e-09,0.04389597102999687,0.0008084347355179489,8.08434735517949e-09,1.841706007518309e-07,0.01048950757831335
SGCC,0.00001,37,6,1.1762584612287323,0.19287998640349546,0.8549999999999999,1.1531203985214233,0.0004876179446000606,4.876179446000606e-09,0.06540562212467194,0.0009791979100555182,9.791979100555183e-09,1.4971158109145955e-07,-0.30217885971069336
SGCC,0.00001,37,7,1.1707333367446373,0.19543575296545915,0.565,1.1544411182403564,0.0006471959059126675,6.471959059126676e-09,0.07347774505615234,0.0012716103810817003,1.2716103810817004e-08,1.7306061585176905e-07,0.42318394780158997
SGCC,0.00001,37,8,1.1667892357398724,0.19810433056857882,0.5599999999999999,1.1517720222473145,0.0007754610269330442,7.754610269330443e-09,0.0932096540927887,0.001593203516677022,1.593203516677022e-08,1.7092687792736726e-07,0.3045811355113983
SGCC,0.00001,37,9,1.1641596730413108,0.2023089834300816,0.59,1.1502019166946411,0.0008934507495723665,8.934507495723665e-09,0.11147545278072357,0.0019025831716135144,1.9025831716135146e-08,1.7067283640964146e-07,0.40299615263938904
SGCC,0.00001,37,10,1.1613801327244988,0.20309853131968797,0.49499999999999994,1.1500405073165894,0.0009078478906303644,9.078478906303645e-09,0.20925499498844147,0.002017874037846923,2.017874037846923e-08,9.643134387106905e-08,-0.15504871308803558
SGCC,0.00001,37,11,1.1609695738759533,0.19766860025202335,0.5249999999999999,1.1469175815582275,0.0010911402059718966,1.0911402059718968e-08,0.0735018327832222,0.0029078798834234476,2.9078798834234478e-08,3.9562005099921964e-07,0.5719162821769714
SGCC,0.00001,37,12,1.1597356498241425,0.20343059869239818,0.5499999999999999,1.1442217826843262,0.001017606700770557,1.017606700770557e-08,0.06170301139354706,0.002313772914931178,2.3137729149311783e-08,3.749854120042436e-07,-0.3880719840526581
SGCC,0.00001,37,13,1.160361174879403,0.20466424726068516,0.57,1.1433850526809692,0.0010962989181280136,1.0962989181280137e-08,0.09362433850765228,0.002514531835913658,2.5145318359136583e-08,2.685767265216123e-07,0.07301830500364304
SGCC,0.00001,37,14,1.1592735668708538,0.2023737826529789,0.5199999999999999,1.1437981128692627,0.001092138234525919,1.092138234525919e-08,0.15477558970451355,0.002451161155477166,2.4511611554771663e-08,1.5836871693764806e-07,-0.3270704448223114
SGCC,0.00001,37,15,1.1586041789630364,0.20257961550370626,0.5349999999999999,1.1443482637405396,0.0013396290596574545,1.3396290596574545e-08,0.11469748616218567,0.0037641937378793955,3.764193737879396e-08,3.2818450201748217e-07,0.5670531392097473
SGCC,0.00001,37,16,1.1584643937390426,0.20092361913491863,0.5199999999999999,1.1410295963287354,0.0012705012923106551,1.2705012923106552e-08,0.08854339271783829,0.0032887286506593227,3.288728650659323e-08,3.714256422429545e-07,-0.14106924831867218
SGCC,0.00001,37,17,1.1577095697666038,0.19997528069980663,0.61,1.143104076385498,0.0013542833039537072,1.3542833039537073e-08,0.1257217824459076,0.003634151304140687,3.634151304140687e-08,2.890629796554387e-07,0.07816290110349655
SGCC,0.00001,53,1,1.2422752503691048,0.20922765064251778,0.6399999999999999,1.1289818286895752,0.00025247407029382885,2.5247407029382886e-09,0.10042960196733475,0.00040509679820388556,4.050967982038856e-09,4.0336393878733626e-08,-0.350816935300827
SGCC,0.00001,53,2,1.1942410037435334,0.21870223005326658,0.735,1.1154271364212036,0.00019162458193022758,1.916245819302276e-09,0.07895660400390625,0.0005073013599030674,5.073013599030674e-09,6.425065595247352e-08,-0.4562161862850189
SGCC,0.00001,53,3,1.1838231127837608,0.2211501412460821,0.7499999999999999,1.1094105243682861,0.00023294529819395393,2.3294529819395397e-09,0.0640651285648346,0.0005844391998834908,5.844391998834909e-09,9.122579053158883e-08,-0.21242940425872803
SGCC,0.00001,53,4,1.1794418178755661,0.22487146405596467,0.825,1.1067019701004028,0.00029115049983374774,2.911504998337478e-09,0.09312213957309723,0.0006864203023724258,6.8642030237242584e-09,7.371182680286387e-08,0.0648118183016777
SGCC,0.00001,53,5,1.175843041518639,0.22329385738131793,0.7799999999999999,1.1012754440307617,0.00037247466389089823,3.7247466389089826e-09,0.0840848982334137,0.0008321088389493525,8.321088389493526e-09,9.89605572976348e-08,0.19839532673358917
SGCC,0.00001,53,6,1.1715936814916545,0.22681919008927237,0.8099999999999999,1.1031379699707031,0.0004139061493333429,4.139061493333429e-09,0.1585209220647812,0.0008816387853585184,8.816387853585184e-09,5.5616556721656446e-08,0.25105756521224976
SGCC,0.00001,53,7,1.1676913993111973,0.2248466645516993,0.7699999999999999,1.1072371006011963,0.0005139727727510035,5.139727727510035e-09,0.13026268780231476,0.0010442381026223302,1.0442381026223302e-08,8.016402242575054e-08,0.14964188635349274
SGCC,0.00001,53,8,1.1658615675465813,0.22724355329705387,0.7799999999999999,1.1022286415100098,0.0005613227258436382,5.613227258436382e-09,0.08678780496120453,0.0011053720954805613,1.1053720954805614e-08,1.2736490984818427e-07,-0.15325051546096802
SGCC,0.00001,53,9,1.1637407695424968,0.22271081352175828,0.7599999999999999,1.110679030418396,0.0007318640709854662,7.318640709854663e-09,0.12761199474334717,0.001498183119110763,1.4981831191107634e-08,1.1740143409903625e-07,0.15467970073223114
SGCC,0.00001,53,10,1.1613441592660443,0.2197873736016743,0.7599999999999999,1.1120184659957886,0.0009497730061411858,9.497730061411859e-09,0.18176671862602234,0.0022090806160122156,2.209080616012216e-08,1.215338337353886e-07,0.3107760548591614
SGCC,0.00001,53,11,1.1582361274752124,0.2204669603837391,0.6749999999999999,1.1129124164581299,0.001215623109601438,1.2156231096014381e-08,0.2721315622329712,0.003721297951415181,3.721297951415181e-08,1.3674628260243428e-07,0.28623759746551514
SGCC,0.00001,53,12,1.1561263008364315,0.22281651767381214,0.7599999999999999,1.1029292345046997,0.0010177863296121359,1.017786329612136e-08,0.3861042559146881,0.002597324550151825,2.597324550151825e-08,6.727003161357845e-08,-0.2230561226606369
SGCC,0.00001,71,1,1.2308110779729382,0.18206000874893638,0.6849999999999999,1.2519410848617554,0.0005295882001519203,5.2958820015192036e-09,0.053614240139722824,0.0004421577032189816,4.421577032189817e-09,8.247019860146945e-08,-0.26079562306404114
SGCC,0.00001,71,2,1.1867303334433457,0.18386256604747062,0.725,1.2450878620147705,0.00019349799549672753,1.9349799549672753e-09,0.22262482345104218,0.0005182514432817698,5.182514432817698e-09,2.3279140001013383e-08,-0.593375563621521
SGCC,0.00001,71,3,1.1792889535427094,0.1966490204929616,0.6799999999999999,1.2457826137542725,0.0002193815162172541,2.193815162172541e-09,0.21078695356845856,0.0006353743956424296,6.353743956424296e-09,3.014296591349878e-08,-0.5587608218193054
SGCC,0.00001,71,4,1.1757491683137828,0.19711799482922096,0.715,1.244528889656067,0.0002689958782866597,2.6899587828665973e-09,0.18124163150787354,0.0007222292479127645,7.222292479127646e-09,3.9848970785798155e-08,-0.4636133313179016
SGCC,0.00001,71,5,1.1718704371616757,0.1975507116802034,0.705,1.2412933111190796,0.0003262048994656652,3.2620489946566523e-09,0.13995681703090668,0.0007975242915563285,7.975242915563286e-09,5.6983597403491334e-08,-0.3363371789455414
SGCC,0.00001,71,6,1.1679347034158378,0.19872931704958216,0.72,1.2431044578552246,0.00038337428122758865,3.833742812275887e-09,0.2390565127134323,0.0008799407514743507,8.799407514743508e-09,3.680890102036981e-08,-0.3607533872127533
SGCC,0.00001,71,7,1.163763243576576,0.19490141376801906,0.7499999999999999,1.2373127937316895,0.0004413762653712183,4.413762653712183e-09,0.22649508714675903,0.0009650303982198238,9.650303982198239e-09,4.2607122758231216e-08,-0.33249929547309875
SGCC,0.00001,71,8,1.160546696391599,0.19602384868955208,0.6699999999999999,1.2385326623916626,0.0005353845190256834,5.3538451902568346e-09,0.3515584468841553,0.0011342217912897468,1.1342217912897468e-08,3.2262680682040134e-08,-0.2867841124534607
SGCC,0.00001,71,9,1.1585482903595627,0.19342419744043993,0.74,1.2256146669387817,0.0006423640297725797,6.423640297725797e-09,0.09039418399333954,0.0013079565251246095,1.3079565251246096e-08,1.4469476545316046e-07,0.027695277705788612
SGCC,0.00001,71,10,1.156702966525637,0.19239498508214198,0.71,1.2269096374511719,0.0007292053196579218,7.292053196579218e-09,0.1522517055273056,0.001533139613457024,1.5331396134570243e-08,1.0069769715532435e-07,0.07549123466014862
SGCC,0.00001,89,1,1.2504829682152847,0.16199169545296704,0.58,1.280976414680481,0.0005031240871176124,5.031240871176124e-09,0.06290584057569504,0.0005161876324564219,5.161876324564219e-09,8.205718701672696e-08,-0.4953850209712982
SGCC,0.00001,89,2,1.192982540048402,0.17196178764702322,0.7549999999999999,1.2493338584899902,0.00023885040718596429,2.388504071859643e-09,0.07424968481063843,0.0006214652094058692,6.214652094058693e-09,8.369937340351191e-08,0.3747352957725525
SGCC,0.00001,89,3,1.1798888907350342,0.17571971660776942,0.73,1.2427564859390259,0.0002556546241976321,2.556546241976321e-09,0.05314885452389717,0.000735031848307699,7.35031848307699e-09,1.3829683723046348e-07,-0.661310613155365
SGCC,0.00001,89,4,1.1750178686503707,0.17775562441789444,0.59,1.2425782680511475,0.00029993680072948337,2.9993680072948338e-09,0.16946296393871307,0.0008588263881392777,8.588263881392778e-09,5.067929700851188e-08,-0.6125674247741699
SGCC,0.00001,89,5,1.1727073233703087,0.1781288151888377,0.625,1.2374058961868286,0.00035445086541585624,3.5445086541585626e-09,0.12371057271957397,0.000958889489993453,9.58889489993453e-09,7.751071463932635e-08,-0.5969269275665283
SGCC,0.00001,89,6,1.170673316922681,0.18624004233930413,0.7799999999999999,1.2317265272140503,0.0004289004427846521,4.289004427846522e-09,0.06983533501625061,0.0010525675024837255,1.0525675024837256e-08,1.5072133644648432e-07,-0.4498574137687683
SGCC,0.00001,89,7,1.1682288471994728,0.18418982643344362,0.7499999999999999,1.2283133268356323,0.0005224524647928774,5.224524647928775e-09,0.1920958310365677,0.0011995219392701983,1.1995219392701984e-08,6.244393398844014e-08,-0.5042710900306702
SGCC,0.00001,89,8,1.1633647536409313,0.18061965513171688,0.6649999999999999,1.2165250778198242,0.000707823783159256,7.078237831592561e-09,0.22418829798698425,0.001517453812994063,1.517453812994063e-08,6.768657537523043e-08,-0.4627232253551483
SGCC,0.00001,89,9,1.157799581001545,0.1766169169254711,0.7499999999999999,1.2129210233688354,0.0009005514439195395,9.005514439195395e-09,0.11514335870742798,0.001786801964044571,1.7868019640445712e-08,1.551806360438662e-07,0.34541019797325134
SGCC,0.00001,89,10,1.1549508818264664,0.18434346865672038,0.6749999999999999,1.2094025611877441,0.0009188810363411903,9.188810363411903e-09,0.2857070863246918,0.0019125834805890918,1.9125834805890918e-08,6.694210861873887e-08,-0.4678748846054077
SGCC,0.00001,107,1,1.240640835515384,0.22214384780628915,0.6649999999999999,1.1969637870788574,0.00032936164643615484,3.293616464361549e-09,0.051108915358781815,0.0005217324942350388,5.217324942350388e-09,1.0208248219953505e-07,-0.05833012983202934
SGCC,0.00001,107,2,1.1899592876434326,0.224517644393936,0.7649999999999999,1.1846044063568115,0.00023176072863861918,2.317607286386192e-09,0.0353151299059391,0.0006041134474799037,6.041134474799038e-09,1.710636345070636e-07,0.4042952358722687
SGCC,0.00001,107,3,1.1822165487141445,0.2220814109894137,0.7,1.1845988035202026,0.0002552217338234186,2.5522173382341864e-09,0.05708615109324455,0.0006682720268145204,6.682720268145204e-09,1.1706377361524417e-07,0.25457778573036194
SGCC,0.00001,107,4,1.1799871654346072,0.22865482915656254,0.6749999999999999,1.1817171573638916,0.0003144076035823673,3.1440760358236733e-09,0.01924828439950943,0.0007985810516402125,7.985810516402127e-09,4.148842749126076e-07,-0.29894137382507324
SGCC,0.00001,107,5,1.1785006769772233,0.22986136225792264,0.7449999999999999,1.1830817461013794,0.0003482495667412877,3.4824956674128775e-09,0.11966273188591003,0.000856653437949717,8.56653437949717e-09,7.158899219904788e-08,0.21916233003139496
SGCC,0.00001,107,6,1.1769437132210567,0.23087145257719988,0.6399999999999999,1.1790871620178223,0.00042018614476546645,4.201861447654665e-09,0.08123508840799332,0.001011942862533033,1.011942862533033e-08,1.2456967578476355e-07,-0.46260663866996765
SGCC,0.00001,107,7,1.1730649748752857,0.2263707223067129,0.7599999999999999,1.1715171337127686,0.0005359348724596202,5.359348724596203e-09,0.04416091367602348,0.00119254388846457,1.1925438884645702e-08,2.7004511211280585e-07,-0.48630017042160034
SGCC,0.00001,107,8,1.1680941797535995,0.22073409814636397,0.635,1.1597158908843994,0.0007098547066561878,7.098547066561878e-09,0.048693183809518814,0.0014486659783869982,1.4486659783869983e-08,2.975089868951648e-07,-0.33357346057891846
SGCC,0.00001,107,9,1.1624493629767978,0.21883411423433508,0.695,1.15506112575531,0.0008675507851876318,8.675507851876319e-09,0.08925548195838928,0.001721210777759552,1.7212107777595522e-08,1.9284090343739079e-07,-0.057879503816366196
SGCC,0.00001,107,10,1.160537522414635,0.22015468979293515,0.7899999999999999,1.1573368310928345,0.0010294304229319096,1.0294304229319096e-08,0.12839607894420624,0.0020867742132395506,2.0867742132395507e-08,1.6252631937041834e-07,0.4212765097618103
SGCC,0.00001,131,1,1.2461751740554283,0.19465944237515936,0.615,1.2218341827392578,0.00027276499895378947,2.727649989537895e-09,0.036585114896297455,0.0003821934515144676,3.821934515144676e-09,1.0446692667163032e-07,0.16861774027347565
SGCC,0.00001,131,2,1.1942277519867337,0.19496124121354783,0.71,1.2206921577453613,0.00015163590433076024,1.5163590433076024e-09,0.1596321016550064,0.0004404314677231014,4.404314677231014e-09,2.759040713972136e-08,0.61952143907547
SGCC,0.00001,131,3,1.1850621885266797,0.1977337795470805,0.6749999999999999,1.2137500047683716,0.0001574154302943498,1.574154302943498e-09,0.04358678311109543,0.0004920417559333146,4.920417559333146e-09,1.1288783452524642e-07,0.36039385199546814
SGCC,0.00001,131,4,1.1827607874212593,0.20292055403869194,0.715,1.2117109298706055,0.00018658334738574922,1.865833473857492e-09,0.05305948853492737,0.0005565746687352657,5.565746687352658e-09,1.048963501351677e-07,0.5171241760253906
SGCC,0.00001,131,5,1.1812748086863551,0.20299629699141536,0.705,1.2113293409347534,0.00020589379710145295,2.0589379710145298e-09,0.03503572195768356,0.0006042480817995965,6.042480817995966e-09,1.7246628527575725e-07,0.14208677411079407
SGCC,0.00001,131,6,1.1787551394824325,0.20060597859822907,0.705,1.208446979522705,0.0002497415407560766,2.497415407560766e-09,0.02162022702395916,0.0006998163880780339,6.9981638807803395e-09,3.2368595727626245e-07,-0.07042583078145981
SGCC,0.00001,131,7,1.1766302184811954,0.2007346995892221,0.73,1.2097150087356567,0.0003093284321948886,3.093284321948886e-09,0.09069191664457321,0.0008173785754479468,8.173785754479469e-09,9.012694909197917e-08,0.40134501457214355
SGCC,0.00001,131,8,1.1717979712732907,0.1935240883929714,0.57,1.2059886455535889,0.00040075156721286476,4.007515672128648e-09,0.07240543514490128,0.0009691585437394679,9.69158543739468e-09,1.338516289281241e-07,0.33995282649993896
SGCC,0.00001,131,9,1.168004625830157,0.19060604367367434,0.5099999999999999,1.205201268196106,0.0004990839515812695,4.9908395158126956e-09,0.05194929987192154,0.0011583821615204215,1.1583821615204216e-08,2.2298320947084102e-07,-0.5617654919624329
SGCC,0.00001,149,1,1.2450132760508308,0.1700591418882752,0.595,1.231062650680542,0.0005419772933237255,5.419772933237255e-09,0.06527002900838852,0.00044437238830141723,4.4437238830141725e-09,6.808214965620843e-08,-0.5376263856887817
SGCC,0.00001,149,2,1.1977677139742622,0.18281179942189055,0.62,1.20759916305542,0.00024771891185082495,2.4771891185082497e-09,0.06644681096076965,0.00048221158795058727,4.822115879505873e-09,7.257106563553307e-08,-0.5832167863845825
SGCC,0.00001,149,3,1.183779878862973,0.18667961981020492,0.6,1.2029918432235718,0.00023261102614924312,2.3261102614924314e-09,0.10731100291013718,0.0005440320819616318,5.4403208196163185e-09,5.0696766147755354e-08,-0.5740082263946533
SGCC,0.00001,149,4,1.180002932918483,0.18404224951737244,0.6399999999999999,1.1949125528335571,0.00027866277378052473,2.7866277378052477e-09,0.039342526346445084,0.0006321730324998498,6.321730324998499e-09,1.606844021487125e-07,-0.6876438856124878
SGCC,0.00001,149,5,1.175775038784948,0.187518391171696,0.625,1.1857167482376099,0.0003531634574756026,3.5316345747560267e-09,0.046287260949611664,0.0007547165732830763,7.547165732830763e-09,1.6305060135328837e-07,-0.5024266839027405
SGCC,0.00001,149,6,1.1708537956763958,0.18294723469064303,0.575,1.1739085912704468,0.0004922208609059453,4.922208609059454e-09,0.2064940631389618,0.0010084857931360602,1.0084857931360602e-08,4.883848851661134e-08,-0.4835948348045349
SGCC,0.00001,149,7,1.1636986845526203,0.1709884125827158,0.575,1.1690731048583984,0.0007506225956603885,7.506225956603885e-09,0.16553190350532532,0.0016471183625981212,1.6471183625981212e-08,9.950458659137765e-08,-0.2236582189798355
SGCC,0.00001,149,8,1.160744036066121,0.17913543002481885,0.615,1.1601049900054932,0.0008444112027063966,8.444112027063967e-09,0.09337644279003143,0.0018517569405958056,1.851756940595806e-08,1.9831093210090603e-07,-0.3946298658847809
SGCC,0.00001,149,9,1.1564072699382388,0.1785825128858036,0.74,1.1629279851913452,0.0009697533096186817,9.697533096186817e-09,0.22351108491420746,0.002404871629551053,2.4048716295510533e-08,1.0759518394687851e-07,-0.17339429259300232
SGCC,0.00001,173,1,1.2414240569903934,0.1928727858204704,0.6649999999999999,1.1801029443740845,0.0010479675838723779,1.047967583872378e-08,0.04525553807616234,0.0005252259434200823,5.2522594342008235e-09,1.1605782756049852e-07,-0.17766952514648438
SGCC,0.00001,173,2,1.1921112393510753,0.19860573841358597,0.82,1.15974760055542,0.0003908504149876535,3.908504149876535e-09,0.022000707685947418,0.0005572826485149562,5.5728264851495626e-09,2.533021466718142e-07,-0.5516377091407776
SGCC,0.00001,173,3,1.1821560243080402,0.19831838073305208,0.845,1.1559897661209106,0.00029388899565674365,2.938889956567437e-09,0.05698620527982712,0.0006586936651729047,6.5869366517290475e-09,1.1558826595637165e-07,-0.6525257229804993
SGCC,0.00001,173,4,1.1774654737834274,0.1940457014198064,0.8049999999999999,1.1552226543426514,0.000338509154971689,3.38509154971689e-09,0.1091998964548111,0.0008378765196539462,8.378765196539462e-09,7.672869177130353e-08,-0.5222196578979492
SGCC,0.00001,173,5,1.1751982672461148,0.19521704483153943,0.725,1.1521533727645874,0.00046642569941468537,4.664256994146854e-09,0.05072162300348282,0.0010856537846848369,1.0856537846848369e-08,2.140416099481458e-07,0.1593567430973053
SGCC,0.00001,173,6,1.170588695797427,0.19570812127877024,0.7599999999999999,1.1479437351226807,0.0006407987675629556,6.407987675629556e-09,0.07284168154001236,0.0013521690852940083,1.3521690852940083e-08,1.8563122881111055e-07,0.22203803062438965
SGCC,0.0001,11,1,1.2455565025066506,0.19649924849291975,0.6549999999999999,1.190123438835144,0.00024735729675740004,2.4735729675740006e-08,0.07363999634981155,0.0003810399502981454,3.8103995029814544e-08,5.174361341465772e-07,-0.21695095300674438
SGCC,0.0001,11,2,1.1849513238873974,0.20303526978318007,0.7799999999999999,1.1544283628463745,0.000172876549186185,1.7287654918618502e-08,0.13842301070690155,0.0004565211711451411,4.5652117114514115e-08,3.298015039651061e-07,-0.6161890625953674
SGCC,0.0001,11,3,1.1753254430047397,0.20368514161110357,0.845,1.144540786743164,0.00021863443544134498,2.18634435441345e-08,0.05865873396396637,0.0005342939402908087,5.342939402908087e-08,9.108514694828252e-07,-0.570045530796051
SGCC,0.0001,11,4,1.1720980231104225,0.20719136394800103,0.825,1.1431465148925781,0.00027374824276193976,2.7374824276193977e-08,0.04166054725646973,0.0006309518357738853,6.309518357738853e-08,1.514506835183018e-06,-0.4151957929134369
SGCC,0.0001,11,5,1.16978644502574,0.21012892144951467,0.8549999999999999,1.1396480798721313,0.00030730507569387555,3.0730507569387555e-08,0.03780379891395569,0.0006758484523743391,6.758484523743391e-08,1.7877791962459155e-06,0.2566242814064026
SGCC,0.0001,11,6,1.168116842878276,0.20773265189430448,0.8599999999999999,1.1411172151565552,0.00035025260876864195,3.50252608768642e-08,0.14324726164340973,0.0007316347328014672,7.316347328014672e-08,5.107495420210897e-07,0.3044283986091614
SGCC,0.0001,11,7,1.1675670568285317,0.20645136097291794,0.8699999999999999,1.1373119354248047,0.0004003338108304888,4.0033381083048885e-08,0.051047127693891525,0.0008226995123550296,8.226995123550297e-08,1.6116470201583482e-06,-0.19159278273582458
SGCC,0.0001,11,8,1.162943735204894,0.20990966754783555,0.815,1.1353697776794434,0.0004802604380529374,4.8026043805293744e-08,0.060056015849113464,0.0009226647671312094,9.226647671312094e-08,1.5363402884555979e-06,-0.19530360400676727
SGCC,0.0001,11,9,1.1586312898274125,0.2053276027101404,0.7699999999999999,1.140636682510376,0.0006127906963229179,6.127906963229179e-08,0.1396665722131729,0.0011133661027997732,1.1133661027997733e-07,7.971600399130896e-07,-0.18434280157089233
SGCC,0.0001,23,1,1.2383565491643445,0.16098818364121975,0.6749999999999999,1.2102936506271362,0.00023687092470936477,2.3687092470936477e-08,0.07032687962055206,0.00044447844265960157,4.444784426596016e-08,6.320178643753004e-07,0.102141834795475
SGCC,0.0001,23,2,1.1828684426587204,0.1623949947998129,0.8049999999999999,1.1898154020309448,0.00016659886750858277,1.6659886750858277e-08,0.08036059141159058,0.0005094183143228292,5.094183143228293e-08,6.339155864516881e-07,0.5128074288368225
SGCC,0.0001,23,3,1.1754489705480378,0.17080420340301358,0.705,1.1838045120239258,0.00020288799714762717,2.028879971476272e-08,0.07099378854036331,0.0005991619545966387,5.991619545966387e-08,8.439639113723123e-07,-0.6544157862663269
SGCC,0.0001,23,4,1.1716017640870193,0.17521170525317364,0.615,1.179574966430664,0.0002484373690094799,2.484373690094799e-08,0.05142197012901306,0.0006871845107525587,6.871845107525587e-08,1.336363638010125e-06,-0.592759370803833
SGCC,0.0001,23,5,1.1697338100137382,0.18261351824517974,0.6399999999999999,1.1751538515090942,0.0003067177894990891,3.067177894990891e-08,0.04985016584396362,0.0007905071252025664,7.905071252025665e-08,1.5857662894782311e-06,-0.5266342163085938
SGCC,0.0001,23,6,1.1660173740880242,0.18594596659255755,0.6799999999999999,1.1677632331848145,0.00037113495636731386,3.711349563673139e-08,0.05088666453957558,0.0008755403105169535,8.755403105169534e-08,1.7205692659145075e-06,-0.390306293964386
SGCC,0.0001,23,7,1.1626433339612237,0.1764543092188373,0.7799999999999999,1.1561379432678223,0.0004835540021304041,4.8355400213040413e-08,0.0944628044962883,0.0010173850459977984,1.0173850459977984e-07,1.0770218515349862e-06,0.09793022274971008
SGCC,0.0001,23,8,1.156074008037304,0.18121094768540938,0.6649999999999999,1.1526365280151367,0.0006137461168691516,6.137461168691516e-08,0.06650545448064804,0.0012265447294339538,1.2265447294339539e-07,1.8442768927935942e-06,0.0008220826857723296
SGCC,0.0001,23,9,1.154534652315337,0.18585431907350042,0.705,1.1525834798812866,0.0007007058593444526,7.007058593444526e-08,0.17221516370773315,0.0013471016427502036,1.3471016427502035e-07,7.822201098599968e-07,0.04548121243715286
SGCC,0.0001,23,10,1.1524872574312934,0.188379206391831,0.6549999999999999,1.1525413990020752,0.0008094756631180644,8.094756631180644e-08,0.1747879832983017,0.0017025308916345239,1.7025308916345239e-07,9.740548861010093e-07,-0.034616172313690186
SGCC,0.0001,23,11,1.1513808051059986,0.1889298962299898,0.61,1.1503124237060547,0.0008657348807901144,8.657348807901145e-08,0.07497748732566833,0.0018404321745038033,1.8404321745038033e-07,2.454646374730854e-06,0.04017796739935875
SGCC,0.0001,23,12,1.149536932336873,0.19120499240483319,0.6549999999999999,1.1504080295562744,0.0010412278352305293,1.0412278352305294e-07,0.20589274168014526,0.0025574674364179373,2.5574674364179373e-07,1.2421357914554207e-06,0.2554318606853485
SGCC,0.0001,23,13,1.149066999040801,0.18882727923420603,0.6399999999999999,1.1478970050811768,0.0009280645754188299,9.2806457541883e-08,0.10286399722099304,0.0018688130658119917,1.868813065811992e-07,1.8167805221461824e-06,0.12032580375671387
SGCC,0.0001,23,14,1.1453954125272816,0.18986931128914125,0.6499999999999999,1.14434015750885,0.001061203540302813,1.0612035403028131e-07,0.15683422982692719,0.00263424264267087,2.63424264267087e-07,1.6796350169078916e-06,0.3022480905056
SGCC,0.0001,23,15,1.1455487680846248,0.19078707608935966,0.7599999999999999,1.146989345550537,0.0011009324807673693,1.1009324807673693e-07,0.13199982047080994,0.0025091776624321938,2.509177662432194e-07,1.9008947538584465e-06,0.29046252369880676
SGCC,0.0001,23,16,1.1429015038342312,0.19002483108240736,0.6749999999999999,1.146642804145813,0.0011530891060829163,1.1530891060829164e-07,0.25371840596199036,0.0029205908067524433,2.920590806752443e-07,1.151115070141966e-06,-0.3159983158111572
SGCC,0.0001,37,1,1.2475795211463139,0.18412052560142436,0.595,1.1917026042938232,0.0002118350676028058,2.118350676028058e-08,0.04922105371952057,0.00048052470083348453,4.8052470083348456e-08,9.762584595845686e-07,-0.3698131740093231
SGCC,0.0001,37,2,1.1975649225300755,0.18919446041026597,0.7949999999999999,1.1667174100875854,0.00019228848395869136,1.9228848395869137e-08,0.024635858833789825,0.0005010137101635337,5.010137101635337e-08,2.033676656225834e-06,-0.36182844638824463
SGCC,0.0001,37,3,1.1872823711099296,0.19075026899028996,0.575,1.1632356643676758,0.00022599793737754226,2.2599793737754226e-08,0.03229609876871109,0.0005785014946013689,5.7850149460136894e-08,1.7912426474303121e-06,-0.45304837822914124
SGCC,0.0001,37,4,1.1829661428928375,0.19460209910053242,0.625,1.161314845085144,0.0002781898365356028,2.7818983653560283e-08,0.04144247621297836,0.0006783076096326113,6.783076096326114e-08,1.6367448849984226e-06,-0.05682898312807083
SGCC,0.0001,37,5,1.1803686495484977,0.19330386612924566,0.615,1.1584105491638184,0.00036082632141187787,3.608263214118779e-08,0.04389588534832001,0.00080719223478809,8.071922347880901e-08,1.838879039306091e-06,0.010396144352853298
SGCC,0.0001,37,6,1.17625853111004,0.19287998640349546,0.8549999999999999,1.1531203985214233,0.00048607547068968415,4.860754706896842e-08,0.06540679186582565,0.0009773470228537917,9.773470228537918e-08,1.4942592274800824e-06,-0.30392783880233765
SGCC,0.0001,37,7,1.1707333942939495,0.19543575296545915,0.565,1.1544411182403564,0.0006457284325733781,6.457284325733781e-08,0.07347717136144638,0.0012686135014519095,1.2686135014519096e-07,1.7265410166803913e-06,0.42743921279907227
SGCC,0.0001,37,8,1.1667893775578202,0.19810433056857882,0.5599999999999999,1.1517720222473145,0.0007704192539677024,7.704192539677025e-08,0.09320887923240662,0.0015882476000115275,1.5882476000115276e-07,1.7039659881022686e-06,0.3102323114871979
SGCC,0.0001,37,9,1.1641598456892475,0.2023089834300816,0.59,1.1502020359039307,0.0008846962009556592,8.846962009556592e-08,0.1114744171500206,0.0018889299826696515,1.8889299826696516e-07,1.6944963974357972e-06,0.40747779607772827
SGCC,0.0001,37,10,1.1613803022894367,0.20309853131968797,0.49499999999999994,1.1500405073165894,0.000893862103112042,8.93862103112042e-08,0.20925505459308624,0.0019955600146204233,1.9955600146204233e-07,9.536496112368491e-07,-0.16416969895362854
SGCC,0.0001,37,11,1.1609697156939014,0.19766860025202335,0.5249999999999999,1.1469175815582275,0.0010694932425394654,1.0694932425394655e-07,0.07350043952465057,0.002845680806785822,2.845680806785822e-07,3.8716514148618635e-06,0.5714266300201416
SGCC,0.0001,37,12,1.1597358378870735,0.20343059869239818,0.5499999999999999,1.1442217826843262,0.000992682995274663,9.92682995274663e-08,0.06170472130179405,0.0022548839915543795,2.2548839915543796e-07,3.6543135500537774e-06,-0.38236963748931885
SGCC,0.0001,37,13,1.16036129203336,0.20466424726068516,0.57,1.1433851718902588,0.0010613501071929932,1.0613501071929932e-07,0.09362476319074631,0.002421435434371233,2.4214354343712333e-07,2.586319422178857e-06,0.08993200212717056
SGCC,0.0001,37,14,1.1592736819694782,0.2023737826529789,0.5199999999999999,1.1437981128692627,0.0010475586168467999,1.0475586168467999e-07,0.1547766774892807,0.002333296462893486,2.3332964628934862e-07,1.5075245836408928e-06,-0.3339608907699585
SGCC,0.0001,37,15,1.1586043464726414,0.20257961550370626,0.5349999999999999,1.14434814453125,0.0012620097259059548,1.2620097259059548e-07,0.11469751596450806,0.003459193045273423,3.459193045273423e-07,3.015926732313744e-06,0.5687628388404846
SGCC,0.0001,37,16,1.158464520141996,0.20092361913491863,0.5199999999999999,1.141029715538025,0.0011768316617235541,1.1768316617235542e-07,0.08854352682828903,0.0029248003847897053,2.924800384789705e-07,3.303234566725269e-06,-0.1404259204864502
SGCC,0.0001,37,17,1.1577097074738865,0.19997528069980663,0.61,1.1431041955947876,0.0012287301942706108,1.2287301942706108e-07,0.12572067975997925,0.0031177594792097807,3.117759479209781e-07,2.4799098168750594e-06,0.11140158772468567
SGCC,0.0001,53,1,1.2422752914757564,0.20922765064251778,0.6399999999999999,1.1289818286895752,0.0001561225508339703,1.561225508339703e-08,0.10042952746152878,0.0004005323862656951,4.005323862656951e-08,3.9881934764566704e-07,-0.3338460326194763
SGCC,0.0001,53,2,1.1942410263521919,0.21870223005326658,0.735,1.1154271364212036,0.00018795253708958626,1.8795253708958628e-08,0.07895644009113312,0.0005047697341069579,5.0476973410695793e-08,6.393015357890282e-07,-0.4553699195384979
SGCC,0.0001,53,3,1.1838231066177631,0.2211501412460821,0.7499999999999999,1.1094105243682861,0.0002321241336176172,2.321241336176172e-08,0.0640651062130928,0.0005812747403979301,5.812747403979302e-08,9.073187804676374e-07,-0.21567842364311218
SGCC,0.0001,53,4,1.1794418199308987,0.22487146405596467,0.825,1.1067019701004028,0.00028979944181628525,2.8979944181628528e-08,0.09312213212251663,0.0006818620022386312,6.818620022386313e-08,7.322233573234083e-07,0.058894380927085876
SGCC,0.0001,53,5,1.1758430785146252,0.22329385738131793,0.7799999999999999,1.1012754440307617,0.00036994938272982836,3.699493827298284e-08,0.08408502489328384,0.0008246690267696977,8.246690267696977e-08,9.80756118959735e-07,0.19120630621910095
SGCC,0.0001,53,6,1.1715937236259724,0.22681919008927237,0.8099999999999999,1.1031379699707031,0.0004104170948266983,4.1041709482669834e-08,0.15852095186710358,0.0008719308534637094,8.719308534637095e-08,5.500413940200756e-07,0.2433221936225891
SGCC,0.0001,53,7,1.167691434251851,0.2248466645516993,0.7699999999999999,1.1072368621826172,0.0005082239513285458,5.0822395132854584e-08,0.130262553691864,0.0010288082994520664,1.0288082994520664e-07,7.897958932124975e-07,0.14360946416854858
SGCC,0.0001,53,8,1.1658616518152172,0.22724355329705387,0.7799999999999999,1.1022285223007202,0.000554206722881645,5.54206722881645e-08,0.08678732067346573,0.0010883441427722573,1.0883441427722574e-07,1.2540358825768046e-06,-0.15156404674053192
SGCC,0.0001,53,9,1.1637409709650894,0.22271081352175828,0.7599999999999999,1.110678791999817,0.0007196750957518816,7.196750957518816e-08,0.12761083245277405,0.0014697260921820998,1.4697260921821e-07,1.1517251818931697e-06,0.1501934826374054
SGCC,0.0001,53,10,1.1613444192656155,0.2197873736016743,0.7599999999999999,1.1120182275772095,0.0009286529966630042,9.286529966630042e-08,0.1817607432603836,0.0021492464002221823,2.1492464002221825e-07,1.1824590732132147e-06,0.3117300570011139
SGCC,0.0001,53,11,1.158236328897805,0.2204669603837391,0.6749999999999999,1.112912654876709,0.0011760625056922436,1.1760625056922436e-07,0.2721281349658966,0.003567400388419628,3.5674003884196286e-07,1.31092670328509e-06,0.2879016697406769
SGCC,0.0001,53,12,1.1561264786226997,0.22281651767381214,0.7599999999999999,1.1029295921325684,0.000976725947111845,9.76725947111845e-08,0.3861069083213806,0.002428574487566948,2.428574487566948e-07,6.289901670304992e-07,-0.21050094068050385
SGCC,0.0001,71,1,1.230811211569556,0.18206000874893638,0.6849999999999999,1.2519409656524658,0.0001941341906785965,1.9413419067859652e-08,0.05361424759030342,0.0004402393533382565,4.402393533382565e-08,8.211238115330326e-07,-0.26685622334480286
SGCC,0.0001,71,2,1.186730327277348,0.18386256604747062,0.725,1.2450878620147705,0.00016800461162347347,1.6800461162347347e-08,0.22262495756149292,0.000522975402418524,5.2297540241852406e-08,2.3491319578312286e-07,-0.6092683672904968
SGCC,0.0001,71,3,1.1792889484043778,0.1966490204929616,0.6799999999999999,1.245782494544983,0.0002173226239392534,2.173226239392534e-08,0.21078704297542572,0.0006341919652186334,6.341919652186334e-08,3.008685715528396e-07,-0.5594387054443359
SGCC,0.0001,71,4,1.1757491734521142,0.19711799482922096,0.715,1.2445287704467773,0.00026766792871057987,2.676679287105799e-08,0.18124163150787354,0.0007183665875345469,7.183665875345469e-08,3.963584864900863e-07,-0.46200600266456604
SGCC,0.0001,71,5,1.1718704433276736,0.1975507116802034,0.705,1.2412933111190796,0.00032401978387497365,3.2401978387497365e-08,0.13995659351348877,0.0007903403020463884,7.903403020463884e-08,5.64703871540155e-07,-0.33104026317596436
SGCC,0.0001,71,6,1.1679347342458264,0.19872931704958216,0.72,1.2431045770645142,0.00038032408338040113,3.803240833804011e-08,0.23905669152736664,0.0008722632192075253,8.722632192075253e-08,3.6487714007690543e-07,-0.3574136793613434
SGCC,0.0001,71,7,1.1637632733788983,0.19490141376801906,0.7499999999999999,1.2373127937316895,0.0004367709916550666,4.367709916550666e-08,0.22649513185024261,0.000954710238147527,9.54710238147527e-08,4.215146834938494e-07,-0.32578569650650024
SGCC,0.0001,71,8,1.1605467549685775,0.19602384868955208,0.6699999999999999,1.2385329008102417,0.0005283068167045712,5.283068167045713e-08,0.35155826807022095,0.0011188004864379764,1.1188004864379764e-07,3.182404136245503e-07,-0.2807620167732239
SGCC,0.0001,71,9,1.1585483849048615,0.19342419744043993,0.74,1.2256147861480713,0.0006307263392955065,6.307263392955065e-08,0.0903942808508873,0.0012842153664678335,1.2842153664678337e-07,1.4206820988888125e-06,0.03871343657374382
SGCC,0.0001,71,10,1.156703063126268,0.19239498508214198,0.71,1.2269097566604614,0.0007128764409571886,7.128764409571887e-08,0.15225209295749664,0.0014959087129682302,1.4959087129682304e-07,9.825209518701559e-07,0.08156291395425797
SGCC,0.0001,89,1,1.2504830956459045,0.16199169545296704,0.58,1.2809762954711914,0.00020973102073185146,2.0973102073185147e-08,0.06290584057569504,0.0005236784927546978,5.236784927546978e-08,8.324799223127014e-07,-0.5367071032524109
SGCC,0.0001,89,2,1.1929825338824043,0.17196178764702322,0.7549999999999999,1.2493339776992798,0.0002159329887945205,2.159329887945205e-08,0.07424964755773544,0.0006313530611805618,6.313530611805618e-08,8.50311189274846e-07,0.3860032558441162
SGCC,0.0001,89,3,1.1798889102606938,0.17571971660776942,0.73,1.2427563667297363,0.0002540373243391514,2.540373243391514e-08,0.05314892530441284,0.0007361810421571136,7.361810421571136e-08,1.385128745201533e-06,-0.6634791493415833
SGCC,0.0001,89,4,1.175017894342028,0.17775562441789444,0.59,1.2425782680511475,0.0002996034745592624,2.9960347455926244e-08,0.16946281492710114,0.0008579893037676811,8.579893037676811e-08,5.062994522643612e-07,-0.6123951077461243
SGCC,0.0001,89,5,1.172707345978967,0.1781288151888377,0.625,1.2374058961868286,0.0003538111923262477,3.5381119232624774e-08,0.12371037900447845,0.0009568729437887669,9.56872943788767e-08,7.734783059343203e-07,-0.5959070920944214
SGCC,0.0001,89,6,1.1706733498080024,0.18624004233930413,0.7799999999999999,1.2317266464233398,0.00042748579289764166,4.274857928976417e-08,0.06983496993780136,0.0010475978488102555,1.0475978488102556e-07,1.5001049613729346e-06,-0.4488275349140167
SGCC,0.0001,89,7,1.1682289376341064,0.18418982643344362,0.7499999999999999,1.2283135652542114,0.0005202831816859543,5.202831816859543e-08,0.19209513068199158,0.00119410187471658,1.19410187471658e-07,6.216200642240037e-07,-0.501643717288971
SGCC,0.0001,89,8,1.1633649201228702,0.18061965513171688,0.6649999999999999,1.2165254354476929,0.0007039087940938771,7.039087940938771e-08,0.2241886407136917,0.0015082643367350101,1.5082643367350103e-07,6.727657261909154e-07,-0.45879876613616943
SGCC,0.0001,89,9,1.1577997906454678,0.1766169169254711,0.7499999999999999,1.2129207849502563,0.0008940998814068735,8.940998814068736e-08,0.11513867229223251,0.0017737711314111948,1.773771131411195e-07,1.540552010977859e-06,0.342136949300766
SGCC,0.0001,89,10,1.154951064751066,0.18434346865672038,0.6749999999999999,1.2094025611877441,0.0009106668876484036,9.106668876484037e-08,0.285706102848053,0.001899571856483817,1.8995718564838172e-07,6.648691916441372e-07,-0.4660111367702484
SGCC,0.0001,107,1,1.2406409177286872,0.22214384780628915,0.6649999999999999,1.1969637870788574,0.00020509952446445823,2.0509952446445825e-08,0.05110890790820122,0.0005209063529036939,5.209063529036939e-08,1.0192085376571045e-06,-0.058838579803705215
SGCC,0.0001,107,2,1.189959295864763,0.224517644393936,0.7649999999999999,1.1846044063568115,0.0002281925262650475,2.281925262650475e-08,0.03531507030129433,0.0006045522750355303,6.045522750355304e-08,1.7118818393329745e-06,0.40465348958969116
SGCC,0.0001,107,3,1.1822165538524758,0.2220814109894137,0.7,1.1845988035202026,0.0002546870382502675,2.5468703825026753e-08,0.05708608031272888,0.0006671018782071769,6.67101878207177e-08,1.1685893908859399e-06,0.25281867384910583
SGCC,0.0001,107,4,1.1799871695452724,0.22865482915656254,0.6749999999999999,1.1817171573638916,0.00031332008074969053,3.1332008074969055e-08,0.01924823597073555,0.0007947314879857004,7.947314879857004e-08,4.128853621672068e-06,-0.2971598505973816
SGCC,0.0001,107,5,1.1785006790325558,0.22986136225792264,0.7449999999999999,1.1830817461013794,0.0003462565364316106,3.462565364316106e-08,0.119662806391716,0.0008515377412550151,8.515377412550152e-08,7.116143828914623e-07,0.21609197556972504
SGCC,0.0001,107,6,1.1769437306913837,0.23087145257719988,0.6399999999999999,1.1790871620178223,0.00041689936188049614,4.168993618804962e-08,0.08123492449522018,0.0010043965885415673,1.0043965885415674e-07,1.2364098259248896e-06,-0.45869821310043335
SGCC,0.0001,107,7,1.173065014954271,0.2263707223067129,0.7599999999999999,1.1715171337127686,0.0005301188211888075,5.301188211888075e-08,0.04416084662079811,0.0011806897819042206,1.1806897819042207e-07,2.6736121977973127e-06,-0.47961902618408203
SGCC,0.0001,107,8,1.168094330820544,0.22073409814636397,0.635,1.1597161293029785,0.0006994407158344984,6.994407158344985e-08,0.04869357496500015,0.0014324379153549671,1.432437915354967e-07,2.9417390618466017e-06,-0.325641930103302
SGCC,0.0001,107,9,1.1624495397353996,0.21883411423433508,0.695,1.1550612449645996,0.0008528559701517224,8.528559701517225e-08,0.08925563097000122,0.0016985127003863454,1.6985127003863455e-07,1.9029753999019008e-06,-0.05089407041668892
SGCC,0.0001,107,10,1.1605377382245556,0.22015468979293515,0.7899999999999999,1.1573370695114136,0.0010082905646413565,1.0082905646413565e-07,0.12839561700820923,0.0020548522006720304,2.0548522006720306e-07,1.6004068118155851e-06,0.41487354040145874
SGCC,0.0001,131,1,1.2461752316047405,0.19465944237515936,0.615,1.2218341827392578,0.00014679944433737546,1.4679944433737548e-08,0.03658513352274895,0.0003869547217618674,3.869547217618674e-08,1.05768295616922e-06,0.23881518840789795
SGCC,0.0001,131,2,1.1942277252674103,0.19496124121354783,0.71,1.2206921577453613,0.00014141884457785636,1.4141884457785636e-08,0.1596321314573288,0.000442775955889374,4.4277595588937404e-08,2.773727017531757e-07,0.6206785440444946
SGCC,0.0001,131,3,1.1850621946926774,0.1977337795470805,0.6749999999999999,1.2137500047683716,0.00015634966257493943,1.5634966257493943e-08,0.04358676075935364,0.0004922703956253827,4.922703956253827e-08,1.1294034864009535e-06,0.3583938777446747
SGCC,0.0001,131,4,1.1827607874212593,0.20292055403869194,0.715,1.211711049079895,0.00018613130669109523,1.8613130669109525e-08,0.05305953323841095,0.0005554929375648499,5.554929375648499e-08,1.0469239053967336e-06,0.5163806676864624
SGCC,0.0001,131,5,1.1812748230736831,0.20299629699141536,0.705,1.2113293409347534,0.00020532375492621213,2.0532375492621215e-08,0.03503573313355446,0.000602926011197269,6.02926011197269e-08,1.7208888105721813e-06,0.1409856230020523
SGCC,0.0001,131,6,1.1787551456484302,0.20060597859822907,0.705,1.208446979522705,0.0002489786420483142,2.4897864204831422e-08,0.021620236337184906,0.0006971576949581504,6.971576949581505e-08,3.224560934882569e-06,-0.06995681673288345
SGCC,0.0001,131,7,1.1766302246471931,0.2007346995892221,0.73,1.2097150087356567,0.00030807085568085313,3.0807085568085314e-08,0.0906919464468956,0.0008143059676513076,8.143059676513076e-08,8.97881233730188e-07,0.4002489149570465
SGCC,0.0001,131,8,1.1717979897712838,0.1935240883929714,0.57,1.2059887647628784,0.00039859674870967865,3.9859674870967865e-08,0.07240550220012665,0.0009643672383390367,9.643672383390368e-08,1.3318977274317558e-06,0.3384906053543091
SGCC,0.0001,131,9,1.168004657687812,0.19060604367367434,0.5099999999999999,1.205201268196106,0.0004955066833645105,4.9550668336451054e-08,0.0519493892788887,0.001151381991803646,1.1513819918036462e-07,2.216353277268549e-06,-0.5613301992416382
SGCC,0.0001,149,1,1.2450133890941226,0.1700591418882752,0.595,1.231062650680542,0.00023497987422160804,2.3497987422160806e-08,0.06527002900838852,0.0004509860591497272,4.509860591497273e-08,6.90954280243642e-07,-0.5689477920532227
SGCC,0.0001,149,2,1.197767705752932,0.18281179942189055,0.62,1.2075990438461304,0.0002014789351960644,2.014789351960644e-08,0.06644687056541443,0.000489460420794785,4.8946042079478505e-08,7.366192216876938e-07,-0.6075985431671143
SGCC,0.0001,149,3,1.1837798706416427,0.18667961981020492,0.6,1.2029918432235718,0.00022631979663856328,2.263197966385633e-08,0.10731106251478195,0.0005465894937515259,5.465894937515259e-08,5.093505561705103e-07,-0.5824428200721741
SGCC,0.0001,149,4,1.180002947305811,0.18404224951737244,0.6399999999999999,1.1949125528335571,0.00027757219504565,2.7757219504565002e-08,0.03934255614876747,0.0006320795509964228,6.320795509964228e-08,1.6066051951640278e-06,-0.6886762976646423
SGCC,0.0001,149,5,1.1757750552276085,0.187518391171696,0.625,1.1857168674468994,0.00035205751191824675,3.5205751191824674e-08,0.0462871789932251,0.0007527517736889422,7.527517736889423e-08,1.6262640974493608e-06,-0.5023223161697388
SGCC,0.0001,149,6,1.1708538491150429,0.18294723469064303,0.575,1.1739085912704468,0.0004895549500361085,4.8955495003610855e-08,0.20649412274360657,0.0010031919227913022,1.0031919227913023e-07,4.858210536272335e-07,-0.4825083911418915
SGCC,0.0001,149,7,1.163698793485247,0.1709884125827158,0.575,1.169073224067688,0.0007438268512487411,7.438268512487412e-08,0.16553182899951935,0.0016306453617289662,1.6306453617289663e-07,9.850947528246674e-07,-0.2247624397277832
SGCC,0.0001,149,8,1.1607442107693902,0.17913543002481885,0.615,1.1601051092147827,0.0008329552365466952,8.329552365466953e-08,0.09337616711854935,0.0018228759290650487,1.8228759290650488e-07,1.952185429447694e-06,-0.395209938287735
SGCC,0.0001,149,9,1.1564074497798393,0.1785825128858036,0.74,1.1629279851913452,0.00094871676992625,9.4871676992625e-08,0.22350941598415375,0.0023453880567103624,2.3453880567103624e-07,1.0493464207685302e-06,-0.17908796668052673
SGCC,0.0001,173,1,1.241424272800314,0.1928727858204704,0.6649999999999999,1.1801029443740845,0.0004860683111473918,4.8606831114739184e-08,0.04525555297732353,0.0005016401992179453,5.016401992179454e-08,1.1084610975128404e-06,-0.22070421278476715
SGCC,0.0001,173,2,1.1921112290744125,0.19860573841358597,0.82,1.15974760055542,0.00021773978369310498,2.17739783693105e-08,0.022000692784786224,0.0005468993331305683,5.468993331305683e-08,2.48582778042679e-06,-0.576665997505188
SGCC,0.0001,173,3,1.1821560284187054,0.19831838073305208,0.845,1.1559897661209106,0.0002507098251953721,2.507098251953721e-08,0.056986212730407715,0.0006544315256178379,6.54431525617838e-08,1.1484032615289676e-06,-0.6457777619361877
SGCC,0.0001,173,4,1.1774654820047576,0.1940457014198064,0.8049999999999999,1.1552226543426514,0.0003282287798356265,3.282287798356265e-08,0.1091999039053917,0.0008358680061064661,8.358680061064661e-08,7.654475656229909e-07,-0.5170395970344543
SGCC,0.0001,173,5,1.1751982744397789,0.19521704483153943,0.725,1.1521533727645874,0.0004629120812751353,4.629120812751353e-08,0.050721555948257446,0.0010824546916410327,1.0824546916410327e-07,2.1341117625517574e-06,0.15695728361606598
SGCC,0.0001,173,6,1.1705887358764122,0.19570812127877024,0.7599999999999999,1.1479437351226807,0.000636982440482825,6.369824404828251e-08,0.0728408470749855,0.0013452303828671575,1.3452303828671575e-07,1.8468077141968427e-06,0.22149962186813354
SGCC,0.001,11,1,1.2455581323853855,0.19649924849291975,0.6549999999999999,1.190123438835144,0.00020495297212619334,2.0495297212619335e-07,0.07364022731781006,0.0003728078445419669,3.728078445419669e-07,5.062556949112003e-06,-0.23633114993572235
SGCC,0.001,11,2,1.1849515540846463,0.20303526978318007,0.7799999999999999,1.1544286012649536,0.00017111717897932976,1.7111717897932977e-07,0.13842536509037018,0.000451015803264454,4.51015803264454e-07,3.2581875653353777e-06,-0.6061367988586426
SGCC,0.001,11,3,1.175325724585303,0.20368514161110357,0.845,1.1445409059524536,0.00021617130551021546,2.1617130551021546e-07,0.05866081267595291,0.0005271014524623752,5.271014524623751e-07,8.985580465346199e-06,-0.558844804763794
SGCC,0.001,11,4,1.172098359157299,0.20719136394800103,0.825,1.1431465148925781,0.00027079356368631124,2.7079356368631126e-07,0.04166136682033539,0.0006237877532839775,6.237877532839775e-07,1.4972810565098879e-05,-0.41104641556739807
SGCC,0.001,11,5,1.169786849926258,0.21012892144951467,0.8549999999999999,1.1396480798721313,0.0003031743108294904,3.031743108294904e-07,0.03780568391084671,0.0006662890664301813,6.662890664301813e-07,1.7624044786530586e-05,0.25261011719703674
SGCC,0.001,11,6,1.1681173207431004,0.20773265189430448,0.8599999999999999,1.1411173343658447,0.00034466374199837446,3.446637419983745e-07,0.14325734972953796,0.0007193183992058039,7.193183992058039e-07,5.021162268908629e-06,0.3056962490081787
SGCC,0.001,11,7,1.1675677587246072,0.20645136097291794,0.8699999999999999,1.1373116970062256,0.0003915385459549725,3.915385459549725e-07,0.051049716770648956,0.0008043766138143837,8.043766138143838e-07,1.5756730197509347e-05,-0.1990698277950287
SGCC,0.001,11,8,1.1629447423178574,0.20990966754783555,0.815,1.135369896888733,0.0004647016176022589,4.647016176022589e-07,0.06005831062793732,0.0008922010893002152,8.922010893002153e-07,1.4855580850873788e-05,-0.21755726635456085
SGCC,0.001,11,9,1.1586326545682446,0.2053276027101404,0.7699999999999999,1.1406365633010864,0.0005809262511320412,5.809262511320413e-07,0.13967140018939972,0.0010511100990697742,1.0511100990697742e-06,7.525592910534504e-06,-0.23317712545394897
SGCC,0.001,23,1,1.238357926237172,0.16098818364121975,0.6749999999999999,1.2102936506271362,0.00018442167493049055,1.8442167493049056e-07,0.07032714784145355,0.00044448705739341676,4.444870573934168e-07,6.3202770343463134e-06,0.10371771454811096
SGCC,0.001,23,2,1.1828686040023277,0.1623949947998129,0.8049999999999999,1.189815640449524,0.00016635641804896295,1.6635641804896294e-07,0.0803602784872055,0.000508704804815352,5.08704804815352e-07,6.3303016663430925e-06,0.5122021436691284
SGCC,0.001,23,3,1.175449252128601,0.17080420340301358,0.705,1.1838048696517944,0.0002022566768573597,2.022566768573597e-07,0.07099351286888123,0.0005970066995359957,5.970066995359957e-07,8.40931340640397e-06,-0.6530346870422363
SGCC,0.001,23,4,1.1716021453512127,0.17521170525317364,0.615,1.1795752048492432,0.0002471238549333066,2.471238549333066e-07,0.0514209158718586,0.0006823554867878556,6.823554867878556e-07,1.3269998700301097e-05,-0.5893853902816772
SGCC,0.001,23,5,1.1697342806848987,0.18261351824517974,0.6399999999999999,1.1751543283462524,0.00030409585451707244,3.0409585451707245e-07,0.04985027387738228,0.0007824553176760674,7.824553176760673e-07,1.5696108703448417e-05,-0.522786021232605
SGCC,0.001,23,6,1.1660181715570648,0.18594596659255755,0.6799999999999999,1.16776442527771,0.00036624824861064553,3.662482486106455e-07,0.050882481038570404,0.0008625970222055912,8.625970222055912e-07,1.695273116795774e-05,-0.3853731155395508
SGCC,0.001,23,7,1.1626445548287754,0.1764543092188373,0.7799999999999999,1.1561397314071655,0.00047346350038424134,4.7346350038424135e-07,0.09447050094604492,0.0009943441255018115,9.943441255018116e-07,1.0525445673985711e-05,0.10304365307092667
SGCC,0.001,23,8,1.1560751641618794,0.18121094768540938,0.6649999999999999,1.1526371240615845,0.0005945556331425905,5.945556331425906e-07,0.06650535762310028,0.0011862864485010505,1.1862864485010504e-06,1.783745687413611e-05,0.004724306985735893
SGCC,0.001,23,9,1.1545355926299918,0.18585431907350042,0.705,1.1525840759277344,0.0006732968613505363,6.732968613505363e-07,0.17221477627754211,0.0012789311585947871,1.278931158594787e-06,7.426372964266758e-06,0.08452363312244415
SGCC,0.001,23,10,1.1524883097615735,0.188379206391831,0.6549999999999999,1.1525413990020752,0.0007644169381819665,7.644169381819666e-07,0.17478686571121216,0.0015791581245139241,1.579158124513924e-06,9.034764243230119e-06,-0.07621835172176361
SGCC,0.001,23,11,1.1513818111912957,0.1889298962299898,0.61,1.1503121852874756,0.0008113103685900569,8.113103685900569e-07,0.07497774809598923,0.0016591810854151845,1.6591810854151845e-06,2.212897996470954e-05,0.08137369900941849
SGCC,0.001,23,12,1.1495378819005242,0.19120499240483319,0.6549999999999999,1.1504079103469849,0.0009524081251583993,9.524081251583994e-07,0.2058897465467453,0.002233011182397604,2.233011182397604e-06,1.0845664827173025e-05,0.1928897649049759
SGCC,0.001,23,13,1.1490681027543956,0.18882727923420603,0.6399999999999999,1.147897481918335,0.0008591506630182266,8.591506630182266e-07,0.10285821557044983,0.0016712300712242723,1.6712300712242722e-06,1.6247900684993028e-05,0.17558474838733673
SGCC,0.001,23,14,1.1453966477821613,0.18986931128914125,0.6499999999999999,1.1443400382995605,0.0009624180966056883,9.624180966056884e-07,0.15681686997413635,0.0022140180226415396,2.2140180226415396e-06,1.4118493903154013e-05,0.20928412675857544
SGCC,0.001,23,15,1.145549892351545,0.19078707608935966,0.7599999999999999,1.1469899415969849,0.000984641956165433,9.84641956165433e-07,0.13200004398822784,0.0021237777546048164,2.1237777546048166e-06,1.6089220052034386e-05,0.29597413539886475
SGCC,0.001,23,16,1.142902835689742,0.19002483108240736,0.6749999999999999,1.146643042564392,0.0010353481629863381,1.0353481629863382e-06,0.25370076298713684,0.002303210087120533,2.303210087120533e-06,9.078451558450025e-06,-0.20453737676143646
SGCC,0.001,37,1,1.247580228180721,0.18412052560142436,0.595,1.1917024850845337,0.00019573536701500416,1.9573536701500416e-07,0.04922107607126236,0.0004794578126166016,4.794578126166016e-07,9.740904727934875e-06,-0.3716217279434204
SGCC,0.001,37,2,1.1975651465613266,0.18919446041026597,0.7949999999999999,1.1667171716690063,0.00019229325698688626,1.9229325698688626e-07,0.02463606186211109,0.0005012093461118639,5.012093461118638e-07,2.034454000469516e-05,-0.3622201681137085
SGCC,0.001,37,3,1.1872826547458255,0.19075026899028996,0.575,1.1632359027862549,0.00022582992096431553,2.2582992096431554e-07,0.03229634836316109,0.0005781074869446456,5.781074869446456e-07,1.7900088283790788e-05,-0.4531833529472351
SGCC,0.001,37,4,1.1829665179910331,0.19460209910053242,0.625,1.161314845085144,0.000277713465038687,2.77713465038687e-07,0.04144228994846344,0.0006773404311388731,6.773404311388731e-07,1.634418445460413e-05,-0.057313259690999985
SGCC,0.001,37,5,1.1803691346069862,0.19330386612924566,0.615,1.158410668373108,0.00035986935836263,3.5986935836263e-07,0.04389490559697151,0.0008055784273892641,8.055784273892641e-07,1.8352435582976724e-05,0.011041201651096344
SGCC,0.001,37,6,1.1762594426500386,0.19287998640349546,0.8549999999999999,1.153120756149292,0.0004839769972022623,4.839769972022623e-07,0.06541644781827927,0.000974136870354414,9.74136870354414e-07,1.4891314078387054e-05,-0.3086588382720947
SGCC,0.001,37,7,1.1707344733435532,0.19543575296545915,0.565,1.154440999031067,0.0006403008010238409,6.403008010238409e-07,0.07347169518470764,0.0012600129703059793,1.2600129703059793e-06,1.7149637927072598e-05,0.42512452602386475
SGCC,0.001,37,8,1.166790517239735,0.19810433056857882,0.5599999999999999,1.151772379875183,0.0007582883699797094,7.582883699797094e-07,0.0932002142071724,0.001568060484714806,1.5680604847148061e-06,1.682464464329668e-05,0.31025010347366333
SGCC,0.001,37,9,1.1641609082961906,0.2023089834300816,0.59,1.1502026319503784,0.000863070716150105,8.63070716150105e-07,0.11146575212478638,0.001840831246227026,1.840831246227026e-06,1.6514769883454495e-05,0.41566622257232666
SGCC,0.001,37,10,1.161381433750021,0.20309853131968797,0.49499999999999994,1.1500412225723267,0.0008586319163441658,8.586319163441659e-07,0.20925582945346832,0.0018906573532149196,1.8906573532149195e-06,9.035147829109057e-06,-0.18350054323673248
SGCC,0.001,37,11,1.1609708605141476,0.19766860025202335,0.5249999999999999,1.1469179391860962,0.001000709249638021,1.000709249638021e-06,0.07348746061325073,0.0025442929472774267,2.544292947277427e-06,3.4622137246890503e-05,0.5675023198127747
SGCC,0.001,37,12,1.1597371995449066,0.20343059869239818,0.5499999999999999,1.1442227363586426,0.0009150558616966009,9.15055861696601e-07,0.06171957030892372,0.0019409852102398872,1.9409852102398874e-06,3.144845630850496e-05,-0.35259488224983215
SGCC,0.001,37,13,1.1603622457076763,0.20466424726068516,0.57,1.1433851718902588,0.0009578108438290656,9.578108438290655e-07,0.093629390001297,0.001947788754478097,1.947788754478097e-06,2.0803176806461254e-05,0.1456146389245987
SGCC,0.001,37,14,1.1592745575411567,0.2023737826529789,0.5199999999999999,1.1437983512878418,0.0009429373312741518,9.429373312741519e-07,0.15478742122650146,0.0018372590420767665,1.8372590420767664e-06,1.186956296266667e-05,-0.2871779799461365
SGCC,0.001,37,15,1.158605431688243,0.20257961550370626,0.5349999999999999,1.144348382949829,0.0010819371091201901,1.0819371091201902e-06,0.11469879746437073,0.0026253736577928066,2.6253736577928067e-06,2.2889286686796655e-05,0.5193105936050415
SGCC,0.001,37,16,1.1584656043299313,0.20092361913491863,0.5199999999999999,1.1410298347473145,0.0010343403555452824,1.0343403555452825e-06,0.08854440599679947,0.002167746890336275,2.167746890336275e-06,2.4482030975673727e-05,-0.0667293593287468
SGCC,0.001,37,17,1.1577109262861054,0.19997528069980663,0.61,1.1431043148040771,0.001050290185958147,1.0502901859581472e-06,0.1257125437259674,0.0023469768930226564,2.3469768930226565e-06,1.8669393072967154e-05,0.14296531677246094
SGCC,0.001,53,1,1.242275727206263,0.20922765064251778,0.6399999999999999,1.1289817094802856,0.00015549852105323225,1.5549852105323225e-07,0.1004294753074646,0.0004008796240668744,4.008796240668744e-07,3.9916530763461865e-06,-0.3331179916858673
SGCC,0.001,53,2,1.1942412555217743,0.21870223005326658,0.735,1.1154272556304932,0.00018749135779216886,1.8749135779216887e-07,0.07895665615797043,0.0005031449836678803,5.031449836678803e-07,6.372420111880452e-06,-0.45474132895469666
SGCC,0.001,53,3,1.1838234149176499,0.2211501412460821,0.7499999999999999,1.1094106435775757,0.0002308014954905957,2.308014954905957e-07,0.06406480818986893,0.0005776026519015431,5.776026519015432e-07,9.015911671657577e-06,-0.21643774211406708
SGCC,0.001,53,4,1.1794421981120933,0.22487146405596467,0.825,1.1067020893096924,0.0002869208110496402,2.8692081104964016e-07,0.0931217148900032,0.0006749804015271366,6.749804015271366e-07,7.2483673901885694e-06,0.056733209639787674
SGCC,0.001,53,5,1.1758436375650867,0.22329385738131793,0.7799999999999999,1.1012754440307617,0.0003639443020801991,3.6394430208019915e-07,0.08408627659082413,0.0008102835854515433,8.102835854515434e-07,9.636335657892184e-06,0.1874430626630783
SGCC,0.001,53,6,1.1715944018857232,0.22681919008927237,0.8099999999999999,1.1031378507614136,0.0004016626626253128,4.016626626253128e-07,0.15852074325084686,0.0008509872131980956,8.509872131980956e-07,5.368301937945584e-06,0.24240541458129883
SGCC,0.001,53,7,1.1676922173335635,0.2248466645516993,0.7699999999999999,1.107236385345459,0.0004908048431389034,4.908048431389034e-07,0.13026131689548492,0.000986404367722571,9.864043677225708e-07,7.5725041879778605e-06,0.13145489990711212
SGCC,0.001,53,8,1.1658627267541557,0.22724355329705387,0.7799999999999999,1.102228045463562,0.0005297951865941286,5.297951865941286e-07,0.08678310364484787,0.001026142155751586,1.026142155751586e-06,1.1824215920543491e-05,-0.18099087476730347
SGCC,0.001,53,9,1.163742600843824,0.22271081352175828,0.7599999999999999,1.110676884651184,0.0006657858612015843,6.657858612015843e-07,0.12760013341903687,0.001327355275861919,1.327355275861919e-06,1.0402459937113897e-05,0.09973326325416565
SGCC,0.001,53,10,1.1613464519895356,0.2197873736016743,0.7599999999999999,1.1120154857635498,0.0008353574085049331,8.353574085049331e-07,0.18170413374900818,0.0017684862250462174,1.7684862250462175e-06,9.732779263509026e-06,0.21613135933876038
SGCC,0.001,53,11,1.1582379669978702,0.2204669603837391,0.6749999999999999,1.112914800643921,0.0010089217685163021,1.0089217685163021e-06,0.2720988988876343,0.002723893616348505,2.723893616348505e-06,1.0010674896091225e-05,0.2443838268518448
SGCC,0.001,53,12,1.1561279019405102,0.22281651767381214,0.7599999999999999,1.1029324531555176,0.0008907343144528568,8.907343144528568e-07,0.38612911105155945,0.0018698286730796099,1.8698286730796099e-06,4.842495993082307e-06,-0.32823190093040466
SGCC,0.001,71,1,1.2308124797097568,0.18206000874893638,0.6849999999999999,1.2519410848617554,0.000174664004589431,1.7466400458943098e-07,0.05361432582139969,0.0004403509956318885,4.4035099563188854e-07,8.213308456004614e-06,-0.26317137479782104
SGCC,0.001,71,2,1.1867304865656227,0.18386256604747062,0.725,1.2450878620147705,0.0001674926606938243,1.674926606938243e-07,0.22262603044509888,0.0005211505922488868,5.211505922488869e-07,2.3409238857061964e-06,-0.6085742712020874
SGCC,0.001,71,3,1.1792892238189434,0.1966490204929616,0.6799999999999999,1.245782494544983,0.00021626288071274757,2.1626288071274757e-07,0.21078719198703766,0.0006307850708253682,6.307850708253682e-07,2.9925208684603485e-06,-0.5589410066604614
SGCC,0.001,71,4,1.1757495259416515,0.19711799482922096,0.715,1.2445286512374878,0.0002656377328094095,2.656377328094095e-07,0.18124079704284668,0.0007119410438463092,7.119410438463092e-07,3.928150038305123e-06,-0.46015867590904236
SGCC,0.001,71,5,1.1718709797694766,0.1975507116802034,0.705,1.2412933111190796,0.0003204386157449335,3.204386157449335e-07,0.13995391130447388,0.0007804037304595113,7.804037304595113e-07,5.576148056067685e-06,-0.3287426233291626
SGCC,0.001,71,6,1.1679353529009326,0.19872931704958216,0.72,1.2431046962738037,0.0003747873706743121,3.747873706743121e-07,0.23905782401561737,0.0008589454810135067,8.589454810135066e-07,3.5930448398852353e-06,-0.35582295060157776
SGCC,0.001,71,7,1.1637639136149966,0.19490141376801906,0.7499999999999999,1.2373132705688477,0.00042832616600207984,4.283261660020799e-07,0.22649510204792023,0.000936005380935967,9.36005380935967e-07,4.132563452687527e-06,-0.32567375898361206
SGCC,0.001,71,8,1.1605475308566258,0.19602384868955208,0.6699999999999999,1.2385331392288208,0.0005130643839947879,5.13064383994788e-07,0.3515562415122986,0.0010853147832676768,1.0853147832676768e-06,3.0871725633399367e-06,-0.2871295213699341
SGCC,0.001,71,9,1.1585491700419064,0.19342419744043993,0.74,1.2256150245666504,0.0006048455834388733,6.048455834388733e-07,0.09039416164159775,0.0012212935835123062,1.2212935835123063e-06,1.351075734685822e-05,0.026485593989491463
SGCC,0.001,71,10,1.1567038266823209,0.19239498508214198,0.71,1.22691011428833,0.0006729591987095773,6.729591987095774e-07,0.1522546410560608,0.0013783061876893044,1.3783061876893043e-06,9.052638252135817e-06,0.03820406273007393
SGCC,0.001,89,1,1.2504842712961395,0.16199169545296704,0.58,1.28097665309906,0.00019548521959222853,1.9548521959222853e-07,0.06290585547685623,0.0005232554976828396,5.232554976828396e-07,8.318072995213476e-06,-0.538456380367279
SGCC,0.001,89,2,1.1929828113523022,0.17196178764702322,0.7549999999999999,1.2493339776992798,0.00021554980776272714,2.1554980776272716e-07,0.07424932718276978,0.0006299067754298449,6.299067754298449e-07,8.483669809953785e-06,0.38467955589294434
SGCC,0.001,89,3,1.1798891938965896,0.17571971660776942,0.73,1.2427566051483154,0.00025314994854852557,2.531499485485256e-07,0.053149573504924774,0.0007329737418331206,7.329737418331206e-07,1.3790773725873908e-05,-0.6620910167694092
SGCC,0.001,89,4,1.1750182273059055,0.17775562441789444,0.59,1.2425785064697266,0.0002982563164550811,2.982563164550811e-07,0.1694614589214325,0.0008535776869393885,8.535776869393886e-07,5.037001878610837e-06,-0.6097075939178467
SGCC,0.001,89,5,1.1727078084287972,0.1781288151888377,0.625,1.2374062538146973,0.00035160925472155213,3.5160925472155217e-07,0.12370841950178146,0.0009499023435637355,9.499023435637355e-07,7.678558560438616e-06,-0.5919756293296814
SGCC,0.001,89,6,1.1706740465657464,0.18624004233930413,0.7799999999999999,1.2317273616790771,0.00042391722672618926,4.2391722672618924e-07,0.06983081251382828,0.0010371939279139042,1.0371939279139042e-06,1.485295517231041e-05,-0.44734135270118713
SGCC,0.001,89,7,1.1682301903593129,0.18418982643344362,0.7499999999999999,1.2283154726028442,0.0005152195226401091,5.152195226401091e-07,0.1920878291130066,0.0011808931594714522,1.1808931594714522e-06,6.1476729937778865e-06,-0.4949183464050293
SGCC,0.001,89,8,1.1633666651002292,0.18061965513171688,0.6649999999999999,1.2165286540985107,0.0006950523238629103,6.950523238629102e-07,0.2241910696029663,0.0014883261173963547,1.4883261173963547e-06,6.638650326402932e-06,-0.4521785080432892
SGCC,0.001,89,9,1.1578013958602116,0.1766169169254711,0.7499999999999999,1.212920069694519,0.0008786087855696678,8.786087855696678e-07,0.11509281396865845,0.0017414394533261657,1.7414394533261657e-06,1.5130740080787204e-05,0.33442142605781555
SGCC,0.001,89,10,1.1549522588992942,0.18434346865672038,0.6749999999999999,1.2094030380249023,0.0008902263944037259,8.902263944037259e-07,0.28569498658180237,0.001854875823482871,1.8548758234828711e-06,6.492503931117352e-06,-0.4581642150878906
SGCC,0.001,107,1,1.2406416823124062,0.22214384780628915,0.6649999999999999,1.1969637870788574,0.00020768475951626897,2.0768475951626899e-07,0.05110898241400719,0.0005206822534091771,5.206822534091771e-07,1.0187685780777281e-05,-0.05745450034737587
SGCC,0.001,107,2,1.189959534283342,0.224517644393936,0.7649999999999999,1.1846044063568115,0.0002275431907037273,2.275431907037273e-07,0.035314515233039856,0.0006026574992574751,6.026574992574751e-07,1.7065433159157048e-05,0.4032653272151947
SGCC,0.001,107,3,1.1822168405713707,0.2220814109894137,0.7,1.184598684310913,0.0002531573409214616,2.531573409214616e-07,0.05708543583750725,0.0006633248412981629,6.63324841298163e-07,1.161986120569012e-05,0.2506404221057892
SGCC,0.001,107,4,1.179987524090142,0.22865482915656254,0.6749999999999999,1.1817173957824707,0.0003104757925029844,3.104757925029844e-07,0.019247697666287422,0.0007876576855778694,7.876576855778694e-07,4.0922176731685756e-05,-0.29648250341415405
SGCC,0.001,107,5,1.1785011250397255,0.22986136225792264,0.7449999999999999,1.183081865310669,0.00034230356686748564,3.423035668674857e-07,0.11966381967067719,0.0008422515238635242,8.422515238635242e-07,7.038481022764078e-06,0.21457511186599731
SGCC,0.001,107,6,1.176944243496862,0.23087145257719988,0.6399999999999999,1.1790874004364014,0.0004109337169211358,4.109337169211358e-07,0.08123385161161423,0.000991331529803574,9.91331529803574e-07,1.2203428867847017e-05,-0.45498010516166687
SGCC,0.001,107,7,1.1730658206446418,0.2263707223067129,0.7599999999999999,1.171518087387085,0.0005202029715292156,5.202029715292156e-07,0.04416019842028618,0.001162495813332498,1.1624958133324982e-06,2.632451517243352e-05,-0.4751722514629364
SGCC,0.001,107,8,1.1680955753244202,0.22073409814636397,0.635,1.159717321395874,0.0006815886008553207,6.815886008553207e-07,0.04869718849658966,0.0014035647036507726,1.4035647036507726e-06,2.8822294407182592e-05,-0.3220940828323364
SGCC,0.001,107,9,1.1624507544369533,0.21883411423433508,0.695,1.155062198638916,0.0008215834968723357,8.215834968723357e-07,0.08925627917051315,0.0016420785104855895,1.6420785104855895e-06,1.839734443050892e-05,-0.06237317621707916
SGCC,0.001,107,10,1.160539185178691,0.22015468979293515,0.7899999999999999,1.1573389768600464,0.0009491895907558501,9.4918959075585e-07,0.12839116156101227,0.0019117632182314992,1.9117632182314994e-06,1.4890146603456173e-05,0.3907710611820221
SGCC,0.001,131,1,1.2461757742125412,0.19465944237515936,0.615,1.2218341827392578,0.00014367123367264867,1.4367123367264868e-07,0.03658539056777954,0.00038644109736196697,3.8644109736196695e-07,1.0562716192575036e-05,0.23851153254508972
SGCC,0.001,131,2,1.1942278105637123,0.19496124121354783,0.71,1.2206921577453613,0.00014107425522524863,1.4107425522524865e-07,0.15963289141654968,0.00044181066914461553,4.418106691446155e-07,2.7676668963650153e-06,0.6203080415725708
SGCC,0.001,131,3,1.1850623693959466,0.1977337795470805,0.6749999999999999,1.2137501239776611,0.00015576726582366973,1.5576726582366974e-07,0.043586473912000656,0.0004903388908132911,4.903388908132911e-07,1.1249794874512347e-05,0.3574911952018738
SGCC,0.001,131,4,1.1827610361165013,0.20292055403869194,0.715,1.211711049079895,0.00018519545847084373,1.8519545847084373e-07,0.053059566766023636,0.0005526014138013124,5.526014138013125e-07,1.0414736634358789e-05,0.5147446990013123
SGCC,0.001,131,5,1.1812751395949002,0.20299629699141536,0.705,1.211329460144043,0.0002040036051766947,2.040036051766947e-07,0.03503591939806938,0.0005990600911900401,5.990600911900401e-07,1.709845499938702e-05,0.13959062099456787
SGCC,0.001,131,6,1.178755507386964,0.20060597859822907,0.705,1.2084470987319946,0.00024695834144949913,2.4695834144949916e-07,0.021620238199830055,0.0006918396102264524,6.918396102264523e-07,3.199962941351361e-05,-0.07123855501413345
SGCC,0.001,131,7,1.176630675792694,0.2007346995892221,0.73,1.2097151279449463,0.0003044935583602637,3.044935583602637e-07,0.09069216996431351,0.0008058696985244751,8.058696985244751e-07,8.885769287928353e-06,0.39714619517326355
SGCC,0.001,131,8,1.1717985539600766,0.1935240883929714,0.57,1.2059890031814575,0.0003923160256817937,3.923160256817937e-07,0.07240580767393112,0.000951681227888912,9.51681227888912e-07,1.314371399839455e-05,0.3352868854999542
SGCC,0.001,131,9,1.1680053010069091,0.19060604367367434,0.5099999999999999,1.205201506614685,0.00048508422332815826,4.850842233281583e-07,0.05195013806223869,0.001131485216319561,1.131485216319561e-06,2.1780215770822184e-05,-0.5605366826057434
SGCC,0.001,149,1,1.245014336602441,0.1700591418882752,0.595,1.231062650680542,0.00021287686831783503,2.1287686831783504e-07,0.06527005881071091,0.0004521898808889091,4.521898808889091e-07,6.927983352984265e-06,-0.57368004322052
SGCC,0.001,149,2,1.1977679318395154,0.18281179942189055,0.62,1.20759916305542,0.0002013480116147548,2.013480116147548e-07,0.0664474293589592,0.0004891764256171882,4.891764256171883e-07,7.36185628754097e-06,-0.6083768606185913
SGCC,0.001,149,3,1.183780146056208,0.18667961981020492,0.6,1.2029919624328613,0.0002257770102005452,2.257770102005452e-07,0.10731089860200882,0.0005450762109830976,5.450762109830975e-07,5.079411486475931e-06,-0.5813730359077454
SGCC,0.001,149,4,1.1800032967123493,0.18404224951737244,0.6399999999999999,1.1949129104614258,0.0002763326629064977,2.7633266290649774e-07,0.03934263065457344,0.0006291492027230561,6.291492027230561e-07,1.599153875212256e-05,-0.6877666711807251
SGCC,0.001,149,5,1.1757756142780698,0.187518391171696,0.625,1.1857178211212158,0.00034941028570756316,3.494102857075632e-07,0.046286441385746,0.0007472058641724288,7.472058641724288e-07,1.614308298072213e-05,-0.5014467835426331
SGCC,0.001,149,6,1.1708548007340267,0.18294723469064303,0.575,1.1739094257354736,0.00048311727005057037,4.831172700505704e-07,0.20649515092372894,0.0009892405942082405,9.892405942082406e-07,4.7906238465310336e-06,-0.4796546697616577
SGCC,0.001,149,7,1.1636998725348506,0.1709884125827158,0.575,1.1690733432769775,0.0007268132176250219,7.26813217625022e-07,0.16553087532520294,0.0015842149732634425,1.5842149732634425e-06,9.570510457043644e-06,-0.22753958404064178
SGCC,0.001,149,8,1.1607453309256455,0.17913543002481885,0.615,1.160105586051941,0.0008023122791200876,8.023122791200877e-07,0.0933721512556076,0.0017313670832663774,1.7313670832663774e-06,1.85426496014506e-05,-0.39607131481170654
SGCC,0.001,149,9,1.1564088299356658,0.1785825128858036,0.74,1.1629289388656616,0.0008878509397618473,8.878509397618473e-07,0.22349415719509125,0.0021071210503578186,2.1071210503578185e-06,9.428081148978237e-06,-0.18903090059757233
SGCC,0.001,173,1,1.2414260629949898,0.1928727858204704,0.6649999999999999,1.1801029443740845,0.00042304222006350756,4.230422200635076e-07,0.04525560885667801,0.0004985100822523236,4.985100822523236e-07,1.1015432006032164e-05,-0.23355980217456818
SGCC,0.001,173,2,1.1921115147656407,0.19860573841358597,0.82,1.1597477197647095,0.00021111353999003768,2.111135399900377e-07,0.02200053073465824,0.0005441433750092983,5.441433750092983e-07,2.4733193102114094e-05,-0.5788206458091736
SGCC,0.001,173,3,1.182156336718592,0.19831838073305208,0.845,1.1559898853302002,0.00024911481887102127,2.491148188710213e-07,0.05698634684085846,0.0006498202565126121,6.498202565126122e-07,1.1403086748608697e-05,-0.6446020007133484
SGCC,0.001,173,4,1.1774658786839451,0.1940457014198064,0.8049999999999999,1.155222773551941,0.00032528338488191366,3.2528338488191366e-07,0.10919993370771408,0.0008278790046460927,8.278790046460927e-07,7.581314168761348e-06,-0.5164147019386292
SGCC,0.001,173,5,1.1751988067709167,0.19472783471525773,0.725,1.1521532535552979,0.0004573127080220729,4.573127080220729e-07,0.050720781087875366,0.0010689124464988708,1.068912446498871e-06,2.1074447663709005e-05,0.1550692766904831
SGCC,0.001,173,6,1.1705895354007851,0.19570812127877024,0.7599999999999999,1.1479438543319702,0.0006269551813602448,6.269551813602447e-07,0.07283350825309753,0.0013254289515316486,1.3254289515316486e-06,1.8198065469066286e-05,0.22127050161361694
SGCC,0.01,11,1,1.2455744270620674,0.19649924849291975,0.6549999999999999,1.1901236772537231,0.00020036398200318217,2.003639820031822e-06,0.07364268600940704,0.00037037034053355455,3.7037034053355455e-06,5.029288862253664e-05,-0.24146701395511627
SGCC,0.01,11,2,1.1849536710772022,0.20303526978318007,0.7799999999999999,1.154430866241455,0.0001701975561445579,1.7019755614455789e-06,0.1384500116109848,0.0004482562653720379,4.482562653720379e-06,3.237675895842775e-05,-0.6026401519775391
SGCC,0.01,11,3,1.1753282423677116,0.20368514161110357,0.845,1.14454185962677,0.00021449147607199848,2.144914760719985e-06,0.058681078255176544,0.0005227159126661718,5.227159126661718e-06,8.907742124183966e-05,-0.5570050477981567
SGCC,0.01,11,4,1.1721013733025254,0.20719136394800103,0.825,1.1431465148925781,0.0002677963057067245,2.6779630570672453e-06,0.04166969656944275,0.0006164444494061172,6.164444494061172e-06,0.0001479359103032607,-0.4119260609149933
SGCC,0.01,11,5,1.1697904323709423,0.21012892144951467,0.8549999999999999,1.1396478414535522,0.00029864846146665514,2.9864846146665514e-06,0.03782479465007782,0.000655639567412436,6.55639567412436e-06,0.00017333592250211652,0.2560403645038605
SGCC,0.01,11,6,1.1681218116447842,0.20773265189430448,0.8599999999999999,1.1411184072494507,0.00033844317658804357,3.3844317658804358e-06,0.14335353672504425,0.0007046365644782782,7.0463656447827816e-06,4.91537621307376e-05,0.3194557726383209
SGCC,0.01,11,7,1.1675744508874828,0.20645136097291794,0.8699999999999999,1.137311339378357,0.0003815051750279963,3.815051750279963e-06,0.05107514560222626,0.0007814384298399091,7.814384298399091e-06,0.00015299778798982962,-0.2171085625886917
SGCC,0.01,11,8,1.162954142381405,0.21094312833473036,0.815,1.1353696584701538,0.00044960714876651764,4.496071487665176e-06,0.06008128076791763,0.0008608801290392876,8.608801290392877e-06,0.00014328591501980477,-0.24886922538280487
SGCC,0.01,11,9,1.1586457922540863,0.2053276027101404,0.7699999999999999,1.1406364440917969,0.0005595909897238016,5.595909897238016e-06,0.13972052931785583,0.0010025275405496359,1.002527540549636e-05,7.175234344188218e-05,-0.263651043176651
SGCC,0.01,11,10,1.1556052791661229,0.20480508367162562,0.7899999999999999,1.138253927230835,0.0006478230934590101,6.4782309345901014e-06,0.11458054929971695,0.0011485005961731076,1.1485005961731076e-05,0.0001002352147194624,-0.046223655343055725
SGCC,0.01,11,11,1.1531198846882786,0.2047233021563729,0.845,1.136791467666626,0.000701061449944973,7.01061449944973e-06,0.05558226630091667,0.0011941770790144801,1.1941770790144801e-05,0.00021484857644150893,-0.18222679197788239
SGCC,0.01,11,12,1.1515261335619564,0.2063779826148542,0.8549999999999999,1.1358416080474854,0.000721191696356982,7.21191696356982e-06,0.10815713554620743,0.0012421500869095325,1.2421500869095326e-05,0.00011484679957882714,-0.07725752890110016
SGCC,0.01,23,1,1.2383716414714683,0.16098818364121975,0.6749999999999999,1.2102934122085571,0.00017990078777074814,1.7990078777074815e-06,0.07032931596040726,0.000444275327026844,4.44275327026844e-06,6.317071635915729e-05,0.10403939336538315
SGCC,0.01,23,2,1.1828702945133736,0.1623949947998129,0.8049999999999999,1.1898164749145508,0.000166043930221349,1.66043930221349e-06,0.08035612851381302,0.0005071937339380383,5.0719373393803836e-06,6.311823918331916e-05,0.5100647807121277
SGCC,0.01,23,3,1.1754519363929485,0.17080420340301358,0.705,1.1838068962097168,0.00020163848239462823,2.0163848239462823e-06,0.07099039107561111,0.0005944508011452854,5.944508011452853e-06,8.373679763394205e-05,-0.6508395671844482
SGCC,0.01,23,4,1.1716055489819626,0.17521170525317364,0.615,1.179578423500061,0.0002458744856994599,2.458744856994599e-06,0.05141008272767067,0.000678082462400198,6.78082462400198e-06,0.0001318967849151565,-0.5867817401885986
SGCC,0.01,23,5,1.16973883324656,0.18261351824517974,0.6399999999999999,1.1751599311828613,0.0003014536923728883,3.014536923728883e-06,0.04985291510820389,0.0007748535717837512,7.748535717837513e-06,0.00015542793638084366,-0.5215309262275696
SGCC,0.01,23,6,1.1660258215049217,0.18594596659255755,0.6799999999999999,1.1677764654159546,0.0003614870074670762,3.614870074670762e-06,0.05084140971302986,0.0008504355209879577,8.504355209879577e-06,0.00016727221487133632,-0.38116422295570374
SGCC,0.01,23,7,1.1626562948884636,0.1764543092188373,0.7799999999999999,1.156156301498413,0.00046478366130031645,4.647836613003165e-06,0.09454949200153351,0.0009730916353873909,9.730916353873908e-06,0.0001029187587143893,0.12513810396194458
SGCC,0.01,23,8,1.1560862495981414,0.18121094768540938,0.6649999999999999,1.1526424884796143,0.0005790095310658216,5.790095310658217e-06,0.06650472432374954,0.0011504886206239462,1.1504886206239462e-05,0.00017299351772714507,0.009353303350508213
SGCC,0.01,23,9,1.154545240361115,0.18585431907350042,0.705,1.152588129043579,0.0006539816386066377,6.539816386066377e-06,0.17220817506313324,0.0012301631504669785,1.2301631504669786e-05,7.143465459848167e-05,0.1266682744026184
SGCC,0.01,23,10,1.1524988371750404,0.188379206391831,0.6549999999999999,1.152541160583496,0.0007322224555537105,7.322224555537105e-06,0.1747761219739914,0.0014957915991544724,1.4957915991544724e-05,8.558329262947387e-05,-0.10221901535987854
SGCC,0.01,23,11,1.1513919234275818,0.1889298962299898,0.61,1.1503095626831055,0.0007745457114651799,7.7454571146518e-06,0.07497686892747879,0.0015639163320884109,1.563916332088411e-05,0.00020858650867390923,0.09234655648469925
SGCC,0.01,23,12,1.149547047656158,0.19120499240483319,0.6549999999999999,1.1504069566726685,0.0009058210998773575,9.058210998773575e-06,0.20586058497428894,0.0020760081242769957,2.0760081242769956e-05,0.00010084534271270431,0.17246726155281067
SGCC,0.01,23,13,1.1490789682700717,0.18882727923420603,0.6399999999999999,1.147901177406311,0.0008206689381040633,8.206689381040633e-06,0.10280393809080124,0.0015868897316977382,1.5868897316977383e-05,0.00015436079212219702,0.17021556198596954
SGCC,0.01,23,14,1.1454087393037204,0.18986931128914125,0.6499999999999999,1.1443390846252441,0.0009186961106024683,9.186961106024683e-06,0.15665489435195923,0.0021051401272416115,2.1051401272416115e-05,0.00013438074411591363,0.18375621736049652
SGCC,0.01,23,15,1.1455609644281453,0.19078707608935966,0.7599999999999999,1.1469972133636475,0.0009384258883073926,9.384258883073926e-06,0.1320052444934845,0.0019941674545407295,1.9941674545407294e-05,0.0001510672899544652,0.278351753950119
SGCC,0.01,23,16,1.1429159281582668,0.19002483108240736,0.6749999999999999,1.1466445922851562,0.0009958395967260003,9.958395967260003e-06,0.2535315752029419,0.002162556629627943,2.1625566296279432e-05,8.529732945085452e-05,-0.16774514317512512
SGCC,0.01,37,1,1.2475871710941708,0.18412052560142436,0.595,1.1917026042938232,0.00019490325939841568,1.949032593984157e-06,0.04922151938080788,0.00047923362581059337,4.792336258105934e-06,9.736262347022408e-05,-0.37170323729515076
SGCC,0.01,37,2,1.1975669182580093,0.18919446041026597,0.7949999999999999,1.166717529296875,0.00019216808141209185,1.9216808141209184e-06,0.02463793009519577,0.0005010045715607703,5.010045715607703e-06,0.00020334685975039065,-0.362460196018219
SGCC,0.01,37,3,1.1872850122122929,0.19075026899028996,0.575,1.1632366180419922,0.00022553789312951267,2.2553789312951266e-06,0.032298535108566284,0.0005776607431471348,5.776607431471348e-06,0.00017885044668602523,-0.45323941111564636
SGCC,0.01,37,4,1.1829697818591678,0.19460209910053242,0.625,1.16131591796875,0.0002771392173599452,2.7713921735994517e-06,0.04144014045596123,0.0006763916462659836,6.763916462659836e-06,0.00016322136914202558,-0.056748874485492706
SGCC,0.01,37,5,1.1803736501726612,0.19330386612924566,0.615,1.158412218093872,0.0003588036051951349,3.5880360519513487e-06,0.04388542100787163,0.0008039858657866716,8.039858657866716e-06,0.0001832011286031556,0.012117472477257252
SGCC,0.01,37,6,1.1762682959951203,0.19287998640349546,0.8549999999999999,1.1531249284744263,0.0004820657486561686,4.820657486561686e-06,0.06551582366228104,0.0009712629253044724,9.712629253044725e-06,0.0001482486017898682,-0.3109699487686157
SGCC,0.01,37,7,1.1707450171996807,0.19543575296545915,0.565,1.1544408798217773,0.0006352214841172099,6.352214841172099e-06,0.07341539859771729,0.0012514394475147128,1.2514394475147128e-05,0.0001704600766893642,0.421416312456131
SGCC,0.01,37,8,1.166802078485489,0.19810433056857882,0.5599999999999999,1.1517750024795532,0.0007487119291909039,7.487119291909039e-06,0.09311436861753464,0.001546963700093329,1.546963700093329e-05,0.00016613587387865464,0.3093797564506531
SGCC,0.01,37,9,1.1641720903330837,0.2023089834300816,0.59,1.15020751953125,0.0008458989905193448,8.458989905193448e-06,0.11137945204973221,0.0017874956829473376,1.7874956829473375e-05,0.0001604870243165858,0.4175219237804413
SGCC,0.01,37,10,1.161393169699044,0.20325850474777615,0.49499999999999994,1.150046944618225,0.0008368935668841004,8.368935668841004e-06,0.20926634967327118,0.0017902754480019212,1.790275448001921e-05,8.555008728336347e-05,-0.18968196213245392
SGCC,0.01,37,11,1.1609822861079513,0.19766860025202335,0.5249999999999999,1.1469210386276245,0.0009617371833883226,9.617371833883226e-06,0.07336640357971191,0.0023615825921297073,2.3615825921297073e-05,0.0003218888315227105,0.5662710070610046
SGCC,0.01,37,12,1.1597504728826984,0.2036190403875055,0.5499999999999999,1.1442309617996216,0.0008787043043412268,8.787043043412268e-06,0.061861153692007065,0.0018101264722645283,1.8101264722645282e-05,0.0002926111726394153,-0.34735044836997986
SGCC,0.01,37,13,1.1603715943879094,0.20466424726068516,0.57,1.1433860063552856,0.0009218953200615942,9.218953200615943e-06,0.09367020428180695,0.0017999970586970448,1.799997058697045e-05,0.0001921632468401319,0.1790694296360016
SGCC,0.01,37,14,1.1592832721512893,0.2023737826529789,0.5199999999999999,1.1438007354736328,0.0009035418624989688,9.035418624989688e-06,0.15488891303539276,0.0017286991933360696,1.7286991933360696e-05,0.00011160896925792583,-0.30311718583106995
SGCC,0.01,37,15,1.1586163064529156,0.20257961550370626,0.5349999999999999,1.1443508863449097,0.0010292453225702047,1.0292453225702047e-05,0.11471235007047653,0.0024442030116915703,2.4442030116915703e-05,0.00021307235098835567,0.5032210350036621
SGCC,0.01,37,16,1.1584759940361153,0.20092361913491863,0.5199999999999999,1.1410322189331055,0.0009988176170736551,9.988176170736551e-06,0.08855248987674713,0.002045026747509837,2.045026747509837e-05,0.00023093949705493686,-0.06529241800308228
SGCC,0.01,37,17,1.1577227485590968,0.19997528069980663,0.61,1.1431059837341309,0.0010085037210956216,1.0085037210956216e-05,0.12563255429267883,0.002210293198004365,2.210293198004365e-05,0.00017593315764759298,0.13232165575027466
SGCC,0.01,53,1,1.2422800207960194,0.20922765064251778,0.6399999999999999,1.128981590270996,0.00015509325021412224,1.5509325021412224e-06,0.10042865574359894,0.0004009587864857167,4.009587864857167e-06,3.992473896189463e-05,-0.3347570300102234
SGCC,0.01,53,2,1.1942431813684002,0.21870223005326658,0.735,1.1154282093048096,0.0001869525876827538,1.869525876827538e-06,0.07895832508802414,0.0005016956711187959,5.016956711187959e-06,6.35393000750075e-05,-0.45388057827949524
SGCC,0.01,53,3,1.1838261957826286,0.2211501412460821,0.7499999999999999,1.1094117164611816,0.00022937833273317665,2.2937833273317664e-06,0.06406198441982269,0.0005740188644267619,5.740188644267619e-06,8.960366582855077e-05,-0.21680916845798492
SGCC,0.01,53,4,1.1794458812680737,0.22487146405596467,0.825,1.1067034006118774,0.00028383854078128934,2.8383854078128936e-06,0.09311670064926147,0.000668034830596298,6.68034830596298e-06,7.174167747980623e-05,0.0589759387075901
SGCC,0.01,53,5,1.1758487491772092,0.22329385738131793,0.7799999999999999,1.101275086402893,0.0003564164799172431,3.5641647991724313e-06,0.08409964293241501,0.0007926180842332542,7.926180842332542e-06,9.424749696859306e-05,0.18978966772556305
SGCC,0.01,53,6,1.1716007898593772,0.22681919008927237,0.8099999999999999,1.1031363010406494,0.0003903808246832341,3.9038082468323414e-06,0.1585184633731842,0.0008255462162196636,8.255462162196637e-06,5.207886820579143e-05,0.26252293586730957
SGCC,0.01,53,7,1.1676993082309592,0.2248466645516993,0.7699999999999999,1.1072304248809814,0.000471416802611202,4.7141680261120205e-06,0.13025063276290894,0.0009362646378576756,9.362646378576756e-06,7.18817727021663e-05,0.10147465765476227
SGCC,0.01,53,8,1.1658728040497879,0.22724355329705387,0.7799999999999999,1.1022231578826904,0.0005128546617925167,5.128546617925167e-06,0.08674301207065582,0.0009834195952862501,9.834195952862502e-06,0.00011337162173769267,-0.2294182926416397
SGCC,0.01,53,9,1.1637588091965378,0.22345248816244204,0.7599999999999999,1.1106582880020142,0.0006363256834447384,6.363256834447384e-06,0.12749631702899933,0.0012711118906736374,1.2711118906736375e-05,9.969793012801461e-05,0.07705970108509064
SGCC,0.01,53,10,1.1613664051582073,0.2197873736016743,0.7599999999999999,1.111989140510559,0.0007999431109055877,7.999431109055876e-06,0.18115857243537903,0.001652911421842873,1.6529114218428732e-05,9.124113750854833e-05,0.19127137959003448
SGCC,0.01,53,11,1.158254001674981,0.2209007075882347,0.6749999999999999,1.1129354238510132,0.0009522608015686274,9.522608015686274e-06,0.2718133330345154,0.0024420740082859993,2.4420740082859993e-05,8.984379025939467e-05,0.2126041203737259
SGCC,0.01,53,12,1.1561418021547383,0.22281651767381214,0.7599999999999999,1.1029592752456665,0.0008567036711610854,8.567036711610854e-06,0.38634273409843445,0.0017464010743424296,1.7464010743424295e-05,4.5203414486823824e-05,-0.35468652844429016
SGCC,0.01,71,1,1.2308250686217999,0.18206000874893638,0.6849999999999999,1.251941204071045,0.00017275125719606876,1.7275125719606878e-06,0.053615204989910126,0.0004400767502374947,4.400767502374947e-06,8.208058708724754e-05,-0.2622566819190979
SGCC,0.01,71,2,1.186732289092294,0.18386256604747062,0.725,1.2450878620147705,0.0001671058707870543,1.671058707870543e-06,0.22263671457767487,0.0005197447608225048,5.197447608225048e-06,2.3344970833243816e-05,-0.6080392599105835
SGCC,0.01,71,3,1.1792916049217355,0.1966490204929616,0.6799999999999999,1.2457818984985352,0.0002154540125047788,2.154540125047788e-06,0.21078814566135406,0.0006279935478232801,6.279935478232801e-06,2.9792640655997598e-05,-0.5583506226539612
SGCC,0.01,71,4,1.1757528761337543,0.19711799482922096,0.715,1.2445279359817505,0.000263979600276798,2.63979600276798e-06,0.18123407661914825,0.0007068000850267708,7.068000850267708e-06,3.899929297027654e-05,-0.4606292247772217
SGCC,0.01,71,5,1.1718758272713627,0.1975507116802034,0.705,1.24129319190979,0.00031724810833111405,3.1724810833111404e-06,0.1399279534816742,0.0007720800349488854,7.720800349488854e-06,5.517696898568603e-05,-0.33262401819229126
SGCC,0.01,71,6,1.1679410739191647,0.19872931704958216,0.72,1.2431073188781738,0.00036901829298585653,3.6901829298585654e-06,0.2390681356191635,0.0008454498602077365,8.454498602077365e-06,3.536438923648702e-05,-0.3635900914669037
SGCC,0.01,71,7,1.163769962458775,0.19490141376801906,0.7499999999999999,1.237316608428955,0.0004193242930341512,4.193242930341512e-06,0.22649484872817993,0.0009147085947915912,9.147085947915911e-06,4.038540390335091e-05,-0.3477351665496826
SGCC,0.01,71,8,1.160554904362251,0.19602384868955208,0.6699999999999999,1.2385363578796387,0.0004947551642544568,4.947551642544568e-06,0.351538747549057,0.001036758767440915,1.0367587674409152e-05,2.949201971814604e-05,-0.3208727240562439
SGCC,0.01,71,9,1.1585568837050735,0.19342419744043993,0.74,1.2256187200546265,0.0005803506355732679,5.803506355732679e-06,0.09039326012134552,0.0011422663228586316,1.1422663228586317e-05,0.00012636631551127077,-0.029387876391410828
SGCC,0.01,71,10,1.1567114314128613,0.1914054189420848,0.695,1.2269142866134644,0.0006402278668247163,6.402278668247163e-06,0.1522771418094635,0.0012613957514986396,1.2613957514986397e-05,8.283552846539233e-05,-0.019392723217606544
SGCC,0.01,89,1,1.2504960010791648,0.16199169545296704,0.58,1.2809773683547974,0.0001943485694937408,1.943485694937408e-06,0.06290590763092041,0.0005230223177932203,5.230223177932203e-06,8.314359294549578e-05,-0.5385156273841858
SGCC,0.01,89,2,1.1929852294510808,0.17196178764702322,0.7549999999999999,1.2493349313735962,0.00021485718025360256,2.148571802536026e-06,0.07424627244472504,0.0006271926104091108,6.2719261040911076e-06,8.447462610005694e-05,0.38165518641471863
SGCC,0.01,89,3,1.1798917980029666,0.17571971660776942,0.73,1.24275803565979,0.00025202331016771495,2.5202331016771496e-06,0.053156208246946335,0.0007290912908501923,7.2909129085019235e-06,0.00013716013893674904,-0.660310685634613
SGCC,0.01,89,4,1.1750215281700265,0.17775562441789444,0.59,1.2425806522369385,0.0002967024047393352,2.9670240473933517e-06,0.169449120759964,0.0008486568694934249,8.48656869493425e-06,5.008328551291831e-05,-0.6068518161773682
SGCC,0.01,89,5,1.1727121164058816,0.1781288151888377,0.625,1.2374095916748047,0.00034903528285212815,3.4903528285212815e-06,0.12368972599506378,0.0009422542061656713,9.422542061656714e-06,7.617885791122821e-05,-0.5885134339332581
SGCC,0.01,89,6,1.1706805280570327,0.18624004233930413,0.7799999999999999,1.2317360639572144,0.00041944917757064104,4.194491775706411e-06,0.06978964060544968,0.0010259388945996761,1.0259388945996761e-05,0.0001470044673821638,-0.44459736347198486
SGCC,0.01,89,7,1.1682422931852012,0.18418982643344362,0.7499999999999999,1.2283343076705933,0.0005076677771285176,5.0766777712851765e-06,0.19201530516147614,0.001163576147519052,1.1635761475190521e-05,6.059809381031046e-05,-0.49032625555992126
SGCC,0.01,89,8,1.1633837449139561,0.18061965513171688,0.6649999999999999,1.2165621519088745,0.0006794844521209598,6.794844521209598e-06,0.22421753406524658,0.0014558101538568735,1.4558101538568735e-05,6.492847046624094e-05,-0.4471378028392792
SGCC,0.01,89,9,1.157817812829182,0.1766169169254711,0.7499999999999999,1.21291184425354,0.0008481454569846392,8.481454569846392e-06,0.1146354079246521,0.0016875260043889284,1.6875260043889285e-05,0.00014720809520720775,0.3277169167995453
SGCC,0.01,89,10,1.154964502515464,0.18434346865672038,0.6749999999999999,1.2094066143035889,0.0008528861799277365,8.528861799277366e-06,0.28558218479156494,0.001770068658515811,1.770068658515811e-05,6.198106019140212e-05,-0.4547441899776459
SGCC,0.01,107,1,1.2406492541576255,0.22214384780628915,0.6649999999999999,1.1969640254974365,0.00020769645925611258,2.076964592561126e-06,0.0511091910302639,0.0005204083281569183,5.204083281569183e-06,0.00010182284588475733,-0.05652895197272301
SGCC,0.01,107,2,1.1899615351496071,0.224517644393936,0.7649999999999999,1.1846044063568115,0.00022674807405564934,2.2674807405564934e-06,0.03530910983681679,0.0006007655756548047,6.007655756548047e-06,0.00017014463928183963,0.4026890993118286
SGCC,0.01,107,3,1.1822194200137566,0.2220814109894137,0.7,1.1845989227294922,0.000251657678745687,2.51657678745687e-06,0.05707881227135658,0.0006597062456421554,6.597062456421554e-06,0.00011557813125225289,0.25007209181785583
SGCC,0.01,107,4,1.1799906882746467,0.22865482915656254,0.6749999999999999,1.1817177534103394,0.00030785519629716873,3.0785519629716875e-06,0.01924179121851921,0.0007813358097337186,7.813358097337186e-06,0.00040606188938466605,-0.29736366868019104
SGCC,0.01,107,5,1.178504867800351,0.22986136225792264,0.7449999999999999,1.183082938194275,0.0003385627642273903,3.385627642273903e-06,0.11967350542545319,0.0008335602469742298,8.335602469742298e-06,6.96528646011351e-05,0.21744461357593536
SGCC,0.01,107,6,1.1769491166904056,0.23087145257719988,0.6399999999999999,1.1790902614593506,0.0004033173026982695,4.0331730269826946e-06,0.08122195303440094,0.0009733304032124579,9.73330403212458e-06,0.00011983587772141003,-0.4555968940258026
SGCC,0.01,107,7,1.1730735003948212,0.2263707223067129,0.7599999999999999,1.1715266704559326,0.0005012874607928097,5.012874607928097e-06,0.04415270686149597,0.0011230114614591002,1.1230114614591002e-05,0.0002543471377602987,-0.47666051983833313
SGCC,0.01,107,8,1.1681077737232735,0.22073409814636397,0.635,1.1597293615341187,0.0006426170584745705,6.426170584745705e-06,0.04873226210474968,0.0013258338440209627,1.3258338440209628e-05,0.0002720649086986957,-0.34927716851234436
SGCC,0.01,107,9,1.1624629466698086,0.21883411423433508,0.695,1.15507173538208,0.0007667648023925722,7.667648023925722e-06,0.08926121145486832,0.0015167660312727094,1.5167660312727094e-05,0.00016992442815316338,-0.1271497756242752
SGCC,0.01,107,10,1.1605533073688377,0.22015468979293515,0.7899999999999999,1.1573573350906372,0.0008925057481974363,8.925057481974364e-06,0.12834973633289337,0.0017415540060028434,1.7415540060028434e-05,0.00013568816389975859,0.37052813172340393
SGCC,0.01,131,1,1.2461811961798832,0.19465944237515936,0.615,1.2218340635299683,0.0001428460527677089,1.428460527677089e-06,0.036588191986083984,0.0003858025011140853,3.8580250111408535e-06,0.00010544453829826359,0.23548561334609985
SGCC,0.01,131,2,1.1942288279533386,0.19496124121354783,0.71,1.2206926345825195,0.00014069316966924816,1.4069316966924816e-06,0.15963992476463318,0.000440440810052678,4.40440810052678e-06,2.75896402921792e-05,0.6191889047622681
SGCC,0.01,131,3,1.1850642171399346,0.1977337795470805,0.6749999999999999,1.2137503623962402,0.00015515256382059306,1.5515256382059306e-06,0.04358382523059845,0.000488366698846221,4.883666988462209e-06,0.00011205228000578488,0.3563450276851654
SGCC,0.01,131,4,1.1827633134249984,0.20292055403869194,0.715,1.2117114067077637,0.0001842163037508726,1.842163037508726e-06,0.05305953323841095,0.0005496655940078199,5.496655940078199e-06,0.00010359412540212567,0.513202965259552
SGCC,0.01,131,5,1.1812777868632613,0.20299629699141536,0.705,1.2113302946090698,0.00020258946460671723,2.0258946460671725e-06,0.035037849098443985,0.0005950310151092708,5.950310151092708e-06,0.0001698252119978723,0.13869896531105042
SGCC,0.01,131,6,1.1787586900694618,0.20060597859822907,0.705,1.2084482908248901,0.00024462153669446707,2.446215366944671e-06,0.021620647981762886,0.0006858660490252078,6.8586604902520775e-06,0.0003172273326885202,-0.07188580930233002
SGCC,0.01,131,7,1.1766347628215263,0.2007346995892221,0.73,1.2097173929214478,0.00030000353581272066,3.0000353581272068e-06,0.0906943827867508,0.0007959201466292143,7.959201466292143e-06,8.775848317978601e-05,0.39660701155662537
SGCC,0.01,131,8,1.17180374573017,0.1935240883929714,0.57,1.205991268157959,0.00038359820609912276,3.8359820609912275e-06,0.07240962982177734,0.0009350018226541579,9.350018226541579e-06,0.00012912672319351565,0.3372398614883423
SGCC,0.01,131,9,1.168011202894408,0.19060604367367434,0.5099999999999999,1.2052032947540283,0.00046889318036846817,4.688931803684682e-06,0.05195724964141846,0.0011001008097082376,1.1001008097082377e-05,0.00021173191754770575,-0.5615086555480957
SGCC,0.01,149,1,1.2450236452036891,0.1700591418882752,0.595,1.2310631275177002,0.00021068555361125618,2.106855536112562e-06,0.06527059525251389,0.00045195192797109485,4.5195192797109485e-06,6.924280776398894e-05,-0.5744251608848572
SGCC,0.01,149,2,1.197769650097551,0.18281179942189055,0.62,1.2076001167297363,0.00020096480147913098,2.0096480147913097e-06,0.06645317375659943,0.00048816189519129694,4.881618951912969e-06,7.345953061313611e-05,-0.6077601313591003
SGCC,0.01,149,3,1.1837825148270047,0.18667961981020492,0.6,1.2029939889907837,0.00022499891929328442,2.2499891929328444e-06,0.10731127113103867,0.0005430511082522571,5.430511082522571e-06,5.060522557682995e-05,-0.5801512598991394
SGCC,0.01,149,4,1.1800067414497506,0.18404224951737244,0.6399999999999999,1.194916844367981,0.000274805846856907,2.7480584685690703e-06,0.039343640208244324,0.0006255719345062971,6.255719345062971e-06,0.0001590020473944886,-0.6864091157913208
SGCC,0.01,149,5,1.1757806940325375,0.187518391171696,0.625,1.185726523399353,0.0003462997847236693,3.462997847236693e-06,0.046279728412628174,0.0007406126824207604,7.406126824207604e-06,0.00016002960860476273,-0.49984222650527954
SGCC,0.01,149,6,1.1708636756601005,0.18294723469064303,0.575,1.1739157438278198,0.00047510763397440314,4.751076339744031e-06,0.206505686044693,0.0009712480823509395,9.712480823509395e-06,4.7032510385246103e-05,-0.47710952162742615
SGCC,0.01,149,7,1.1637105325172687,0.1709884125827158,0.575,1.169075846672058,0.000701734097674489,7.01734097674489e-06,0.16552242636680603,0.0015161962946876884,1.5161962946876884e-05,9.160065665831415e-05,-0.23628972470760345
SGCC,0.01,149,8,1.1607565633181869,0.17913543002481885,0.615,1.160110354423523,0.0007607763982377946,7.607763982377946e-06,0.09333313256502151,0.0015875962562859058,1.587596256285906e-05,0.00017009996478794818,-0.43818315863609314
SGCC,0.01,149,9,1.1564221854867607,0.1785825128858036,0.74,1.1629362106323242,0.0008372356533072889,8.372356533072888e-06,0.22333469986915588,0.0018512558890506625,1.8512558890506627e-05,8.289154753539193e-05,-0.21603840589523315
SGCC,0.01,173,1,1.2414440409890537,0.1928727858204704,0.6649999999999999,1.180103063583374,0.00041583090205676854,4.1583090205676855e-06,0.045256126672029495,0.0004982129321433604,4.982129321433604e-06,0.00011008740004505962,-0.23412108421325684
SGCC,0.01,173,2,1.192113843457452,0.19860573841358597,0.82,1.1597480773925781,0.000210111218621023,2.1011121862102302e-06,0.021999051794409752,0.0005421655951067805,5.421655951067805e-06,0.0002464495289040375,-0.5778617858886719
SGCC,0.01,173,3,1.182159082642917,0.19831838073305208,0.845,1.1559909582138062,0.0002480678667780012,2.480678667780012e-06,0.05698751285672188,0.0006467934581451118,6.467934581451118e-06,0.00011349740069746178,-0.6433692574501038
SGCC,0.01,173,4,1.1774696245275695,0.1940457014198064,0.8049999999999999,1.1552239656448364,0.00032357400050386786,3.235740005038679e-06,0.10919950902462006,0.0008233148255385458,8.233148255385459e-06,7.539546953026335e-05,-0.5155152082443237
SGCC,0.01,173,5,1.1752036748261288,0.19472783471525773,0.725,1.1521539688110352,0.00045399428927339613,4.539942892733961e-06,0.0507134385406971,0.0010613236809149384,1.0613236809149384e-05,0.00020927858797490832,0.15520696341991425
SGCC,0.01,173,6,1.1705971267716637,0.19570812127877024,0.7599999999999999,1.1479454040527344,0.0006193232838995755,6.193232838995755e-06,0.07276317477226257,0.0013110267464071512,1.3110267464071512e-05,0.00018017723257821846,0.22219450771808624
SGCC,0.1,11,1,1.2457370490863406,0.19649924849291975,0.6549999999999999,1.1901259422302246,0.00019957443873863667,1.995744387386367e-05,0.07366595417261124,0.00036949789500795305,3.694978950079531e-05,0.0005015857042211926,-0.2423519641160965
SGCC,0.1,11,2,1.1849748903307422,0.20303526978318007,0.7799999999999999,1.1544537544250488,0.00016954362217802554,1.6954362217802556e-05,0.13869400322437286,0.00044667659676633775,4.466765967663378e-05,0.0003220590554616299,-0.6023514270782471
SGCC,0.1,11,3,1.175353666831707,0.20368514161110357,0.845,1.144551396369934,0.0002132942754542455,2.1329427545424552e-05,0.05888454243540764,0.0005199990700930357,5.1999907009303575e-05,0.0008830824671235912,-0.5573580861091614
SGCC,0.1,11,4,1.1721316103277535,0.20713713549882531,0.82,1.1431465148925781,0.00026571578928269446,2.6571578928269446e-05,0.041754283010959625,0.0006118639721535146,6.118639721535147e-05,0.0014653921179604813,-0.4125978350639343
SGCC,0.1,11,5,1.1698261334978302,0.21012892144951467,0.8549999999999999,1.1396461725234985,0.0002956511452794075,2.9565114527940753e-05,0.03801259398460388,0.0006491023814305663,6.491023814305664e-05,0.0017075982283489262,0.25858578085899353
SGCC,0.1,11,6,1.1681659622439022,0.20773265189430448,0.8599999999999999,1.1411274671554565,0.00033430580515414476,3.3430580515414476e-05,0.14431680738925934,0.0006961295148357749,6.96129514835775e-05,0.0004823620529230082,0.3220473527908325
SGCC,0.1,11,7,1.1676402030320003,0.20712029749733113,0.7899999999999999,1.137304663658142,0.00037569605046883225,3.756960504688323e-05,0.05133549124002457,0.0007699085399508476,7.699085399508477e-05,0.0014997587854980448,-0.22256174683570862
SGCC,0.1,11,8,1.1630447917971118,0.21094312833473036,0.815,1.1353676319122314,0.00044189777690917253,4.418977769091726e-05,0.060289036482572556,0.0008465778664685786,8.465778664685787e-05,0.0014041986998967792,-0.25659868121147156
SGCC,0.1,11,9,1.1587736791577832,0.2053276027101404,0.7699999999999999,1.1406329870224,0.0005489300237968564,5.4893002379685646e-05,0.1402035802602768,0.0009831890929490328,9.831890929490328e-05,0.0007012581926394608,-0.27043652534484863
SGCC,0.1,11,10,1.1557154593796566,0.20480508367162562,0.7899999999999999,1.1382113695144653,0.0006336600054055452,6.336600054055453e-05,0.11435555666685104,0.0011229644296690822,0.00011229644296690823,0.0009819937591144647,-0.0613928884267807
SGCC,0.1,11,11,1.153234050191682,0.2047233021563729,0.845,1.1367923021316528,0.0006852268124930561,6.85226812493056e-05,0.055792540311813354,0.0011697859736159444,0.00011697859736159444,0.0020966709296229287,-0.18214130401611328
SGCC,0.1,11,12,1.1516194436056861,0.2063779826148542,0.8549999999999999,1.1358327865600586,0.0007037337054498494,7.037337054498494e-05,0.1081274002790451,0.0012194702867418528,0.00012194702867418528,0.0011278087548528472,-0.09041010588407516
SGCC,0.1,23,1,1.238508656107146,0.16098818364121975,0.6749999999999999,1.2102913856506348,0.0001792691764421761,1.7926917644217612e-05,0.07035212963819504,0.0004439096956048161,4.439096956048161e-05,0.0006309825983772524,0.10436107963323593
SGCC,0.1,23,2,1.1828868317192998,0.1623949947998129,0.8049999999999999,1.1898255348205566,0.00016567220154684037,1.6567220154684036e-05,0.08031489700078964,0.0005061159026809037,5.061159026809037e-05,0.0006301644172885232,0.5097968578338623
SGCC,0.1,23,3,1.1754783309739212,0.17080420340301358,0.705,1.1838279962539673,0.00020091647456865758,2.0091647456865758e-05,0.07096020132303238,0.0005926295416429639,5.926295416429639e-05,0.0008351576384981411,-0.6508374214172363
SGCC,0.1,23,4,1.1716395369891464,0.17641716569007182,0.7449999999999999,1.1796085834503174,0.0002445779391564429,2.445779391564429e-05,0.05130351707339287,0.0006751695764251053,6.751695764251053e-05,0.001316029806415091,-0.5871001482009888
SGCC,0.1,23,5,1.1697839704053155,0.18261351824517974,0.6399999999999999,1.1752140522003174,0.0002991397923324257,2.991397923324257e-05,0.04987584799528122,0.0007700268179178238,7.700268179178238e-05,0.0015438871695789042,-0.5229825377464294
SGCC,0.1,23,6,1.166101215214565,0.1855994909018633,0.6799999999999999,1.1678946018218994,0.00035768799716606736,3.576879971660674e-05,0.05043380707502365,0.0008430437301285565,8.430437301285565e-05,0.001671584556118226,-0.3817969560623169
SGCC,0.1,23,7,1.162772336910511,0.1764543092188373,0.7799999999999999,1.1563210487365723,0.0004578916705213487,4.578916705213487e-05,0.09532620012760162,0.0009605997474864125,9.605997474864126e-05,0.0010076975125417505,0.1372087597846985
SGCC,0.1,23,8,1.1561961502864444,0.18121094768540938,0.6649999999999999,1.152695655822754,0.0005688276723958552,5.688276723958552e-05,0.0664985403418541,0.0011319444747641683,0.00011319444747641683,0.0017022095055697394,0.009164403192698956
SGCC,0.1,23,9,1.1546402563308846,0.18585431907350042,0.705,1.1526294946670532,0.0006426110630854964,6.426110630854965e-05,0.172141432762146,0.0012091763783246279,0.0001209176378324628,0.0007024319241001034,0.12932536005973816
SGCC,0.1,23,10,1.1526031432480648,0.188379206391831,0.6549999999999999,1.152538537979126,0.0007185825961641967,7.185825961641967e-05,0.1746741235256195,0.0014635090483352542,0.00014635090483352541,0.0008378510902449731,-0.1123068779706955
SGCC,0.1,23,11,1.151491641998291,0.1889298962299898,0.61,1.1502851247787476,0.0007602378609590232,7.602378609590233e-05,0.07495532929897308,0.0015270072035491467,0.0001527007203549147,0.0020372229937892722,0.0842229425907135
SGCC,0.1,23,12,1.1496377669531723,0.18952585836941968,0.6549999999999999,1.1503961086273193,0.0008860866655595601,8.860866655595601e-05,0.20557264983654022,0.0020257977303117514,0.00020257977303117514,0.0009854412695086392,0.15662434697151184
SGCC,0.1,23,13,1.149186092204061,0.18762760137607792,0.6399999999999999,1.1479389667510986,0.0008020694949664176,8.020694949664176e-05,0.10227732360363007,0.0015432744985446334,0.00015432744985446336,0.001508911696326261,0.18194204568862915
SGCC,0.1,23,14,1.14552765262538,0.18986931128914125,0.6499999999999999,1.1443291902542114,0.0008967847679741681,8.96784767974168e-05,0.15504705905914307,0.002035541459918022,0.00020355414599180222,0.0013128539633515783,0.1592598855495453
SGCC,0.1,23,15,1.1456697901775097,0.19078707608935966,0.7599999999999999,1.1470673084259033,0.0009163744398392737,9.163744398392737e-05,0.13205379247665405,0.001928990357555449,0.0001928990357555449,0.001460761043948418,0.2852804660797119
SGCC,0.1,23,16,1.1430440894488632,0.19002483108240736,0.6749999999999999,1.146660327911377,0.0009723618277348578,9.723618277348579e-05,0.2519794702529907,0.002079946920275688,0.00020799469202756882,0.0008254430085861336,-0.14464864134788513
SGCC,0.1,23,17,1.1437312755091438,0.19712336480261886,0.7499999999999999,1.1447609663009644,0.0009516082354821265,9.516082354821265e-05,0.09061343967914581,0.002052447758615017,0.00020524477586150172,0.0022650588763461063,-0.05122177302837372
SGCC,0.1,23,18,1.1440099169468056,0.19126891174530244,0.7,1.1437228918075562,0.0009915814734995365,9.915814734995365e-05,0.09247682988643646,0.0022004556376487017,0.00022004556376487017,0.0023794669868667734,0.06178157031536102
SGCC,0.1,23,19,1.142654270961367,0.19976294332448014,0.73,1.1454256772994995,0.0009357333183288574,9.357333183288575e-05,0.13960424065589905,0.0020618876442313194,0.00020618876442313194,0.0014769520141680549,-0.022483931854367256
SGCC,0.1,23,20,1.1403699311716804,0.19745314368435346,0.7,1.151763677597046,0.001070310128852725,0.0001070310128852725,0.30193445086479187,0.0028772514779120684,0.00028772514779120686,0.0009529391129999006,0.2530251145362854
SGCC,0.1,37,1,1.2476569414138794,0.18412052560142436,0.595,1.191704273223877,0.00019472939311526716,1.947293931152672e-05,0.04922804981470108,0.0004789875529240817,4.7898755292408174e-05,0.0009729972134322507,-0.37172383069992065
SGCC,0.1,37,2,1.1975843084269557,0.18919446041026597,0.7949999999999999,1.1667194366455078,0.000191781364264898,1.91781364264898e-05,0.024652672931551933,0.0005003089900128543,5.0030899001285436e-05,0.002029431013026298,-0.3629794120788574
SGCC,0.1,37,3,1.1873080319371716,0.19075026899028996,0.575,1.163243293762207,0.00022475974401459098,2.24759744014591e-05,0.03231758996844292,0.0005763375665992498,5.7633756659924985e-05,0.001783355649855156,-0.4538719356060028
SGCC,0.1,37,4,1.1830020248889923,0.19460209910053242,0.625,1.1613271236419678,0.0002757325710263103,2.7573257102631033e-05,0.04141604155302048,0.0006741486140526831,6.741486140526831e-05,0.0016277475798589867,-0.05630921199917793
SGCC,0.1,37,5,1.1804186331814732,0.19330386612924566,0.615,1.1584265232086182,0.00035633533843792975,3.563353384379298e-05,0.04379026219248772,0.0008004010887816548,8.004010887816549e-05,0.0018278061119235884,0.013150143437087536
SGCC,0.1,37,6,1.1763565375887115,0.19287998640349546,0.8549999999999999,1.153165578842163,0.00047790457028895617,4.779045702889562e-05,0.06652046740055084,0.0009651616564951837,9.651616564951838e-05,0.0014509243458610927,-0.3128403425216675
SGCC,0.1,37,7,1.1708506253258935,0.19581197847550336,0.565,1.1544369459152222,0.000628833076916635,6.28833076916635e-05,0.07284284383058548,0.0012400521663948894,0.00012400521663948893,0.0017023664936516554,0.41686007380485535
SGCC,0.1,37,8,1.1669175244610885,0.1970777579531352,0.5599999999999999,1.1518009901046753,0.0007392442785203457,7.392442785203457e-05,0.09228256344795227,0.001524740015156567,0.00015247400151565673,0.0016522514743714577,0.3048592805862427
SGCC,0.1,37,9,1.1642832776595806,0.20249903310256673,0.59,1.150259017944336,0.0008342221844941378,8.342221844941378e-05,0.11052206158638,0.0017568942857906222,0.00017568942857906225,0.0015896322060709102,0.4208994209766388
SGCC,0.1,37,10,1.1615099999411354,0.20309853131968797,0.49499999999999994,1.1501041650772095,0.0008234442793764174,8.234442793764174e-05,0.2093798667192459,0.0017484977142885327,0.00017484977142885328,0.0008350839752100259,-0.19403907656669617
SGCC,0.1,37,11,1.161095493826373,0.19822148580507204,0.5199999999999999,1.1469550132751465,0.0009387315367348492,9.387315367348492e-05,0.0722210481762886,0.0022769924253225327,0.00022769924253225328,0.003152809994898562,0.5587069988250732
SGCC,0.1,37,12,1.1598814468959282,0.2031514834227294,0.5449999999999999,1.1443166732788086,0.0008493049535900354,8.493049535900355e-05,0.06322319805622101,0.0017226780764758587,0.0001722678076475859,0.0027247563069238818,-0.35872331261634827
SGCC,0.1,37,13,1.16046431146819,0.20448164802233484,0.57,1.1433961391448975,0.000897558405995369,8.97558405995369e-05,0.09393975138664246,0.001719404594041407,0.00017194045940414072,0.0018303269581421246,0.1840401142835617
SGCC,0.1,37,14,1.1593678573082233,0.2023737826529789,0.5199999999999999,1.1438246965408325,0.0008802886004559696,8.802886004559696e-05,0.15581874549388885,0.0016738056438043714,0.00016738056438043715,0.0010742004362177446,-0.3215945065021515
SGCC,0.1,37,15,1.1587235177385395,0.2015789393227734,0.5349999999999999,1.1443753242492676,0.0010019898181781173,0.00010019898181781174,0.1148153766989708,0.0023766611702740192,0.00023766611702740194,0.0020699850826647365,0.48834988474845886
SGCC,0.1,37,16,1.1585779107850174,0.2020913121815965,0.5199999999999999,1.1410554647445679,0.0009808357572183013,9.808357572183013e-05,0.08860980719327927,0.0019929073750972748,0.0001992907375097275,0.0022490821707243595,-0.05246101692318916
SGCC,0.1,37,17,1.1578396764294854,0.20063938810336368,0.61,1.1431246995925903,0.0009854859672486782,9.854859672486782e-05,0.12481731176376343,0.0021643193904310465,0.00021643193904310467,0.0017339897485753937,0.12053562700748444
SGCC,0.1,53,1,1.242322969025579,0.20922765064251778,0.6399999999999999,1.1289805173873901,0.0001548693689983338,1.548693689983338e-05,0.10042019188404083,0.000400491408072412,4.00491408072412e-05,0.0003988156172165806,-0.335275262594223
SGCC,0.1,53,2,1.1942625076606357,0.21870223005326658,0.735,1.1154371500015259,0.00018635056039784104,1.8635056039784104e-05,0.07897521555423737,0.0005005153361707926,5.005153361707926e-05,0.000633762545196292,-0.4541642963886261
SGCC,0.1,53,3,1.1838538913891232,0.2211501412460821,0.7499999999999999,1.1094223260879517,0.00022823091421741992,2.2823091421741994e-05,0.06403501331806183,0.0005719322361983359,5.7193223619833594e-05,0.0008931554887910294,-0.2170112431049347
SGCC,0.1,53,4,1.179482404527993,0.22487146405596467,0.825,1.1067161560058594,0.00028177935746498406,2.8177935746498406e-05,0.09306763857603073,0.0006642924272455275,6.642924272455275e-05,0.0007137738073184698,0.06099051237106323
SGCC,0.1,53,5,1.1758997686978043,0.22521656628042616,0.7999999999999999,1.1012712717056274,0.0003521320759318769,3.521320759318769e-05,0.08423352986574173,0.0007842385675758123,7.842385675758124e-05,0.0009310289724600118,0.19275280833244324
SGCC,0.1,53,6,1.1716641403477768,0.22681919008927237,0.8099999999999999,1.1031219959259033,0.0003848944033961743,3.8489440339617434e-05,0.15849201381206512,0.0008167360792867839,8.16736079286784e-05,0.0005153168665364074,0.27066901326179504
SGCC,0.1,53,7,1.1677694382338688,0.2248466645516993,0.7699999999999999,1.107173204421997,0.00046444186591543257,4.644418659154326e-05,0.13014504313468933,0.000925196916796267,9.251969167962671e-05,0.0007108967767898506,0.09779835492372513
SGCC,0.1,53,8,1.1659722533719292,0.22745755164619502,0.7749999999999999,1.1021758317947388,0.0005041012191213667,5.041012191213668e-05,0.08635592460632324,0.0009724406991153955,9.724406991153956e-05,0.0011260845200239923,-0.22808566689491272
SGCC,0.1,53,9,1.1639177141518429,0.22345248816244204,0.7599999999999999,1.1104769706726074,0.0006211973377503455,6.211973377503455e-05,0.126502126455307,0.0012416767422109842,0.00012416767422109842,0.0009815461423485767,0.06903290748596191
SGCC,0.1,53,10,1.1615644457011387,0.2197873736016743,0.7599999999999999,1.1117212772369385,0.0007758848369121552,7.758848369121552e-05,0.1758071929216385,0.001576352515257895,0.0001576352515257895,0.0008966370994618596,0.1575057953596115
SGCC,0.1,53,11,1.1584216243234173,0.2196033479804051,0.6749999999999999,1.1131526231765747,0.0009283395484089851,9.283395484089852e-05,0.268906831741333,0.002344175474718213,0.00023441754747182132,0.0008717426253317073,0.19740642607212067
SGCC,0.1,53,12,1.15628133868349,0.2251126358400239,0.7599999999999999,1.1032224893569946,0.0008420435478910804,8.420435478910804e-05,0.3878887891769409,0.0017058155499398708,0.0001705815549939871,0.0004397692321965354,-0.3634929060935974
SGCC,0.1,71,1,1.2309510522875293,0.18206000874893638,0.6849999999999999,1.2519432306289673,0.00017237153952009976,1.7237153952009975e-05,0.053624387830495834,0.00043975102016702294,4.3975102016702294e-05,0.0008200578840304065,-0.2621867060661316
SGCC,0.1,71,2,1.1867500122251182,0.18386256604747062,0.725,1.2450878620147705,0.0001666009338805452,1.6660093388054522e-05,0.22274616360664368,0.0005187955684959888,5.1879556849598885e-05,0.00023290886814650178,-0.6084746718406677
SGCC,0.1,71,3,1.179315596818924,0.19710583420694722,0.6849999999999999,1.2457764148712158,0.0002145145699614659,2.145145699614659e-05,0.2107965052127838,0.0006260363734327257,6.260363734327257e-05,0.0002969861254581936,-0.5588994026184082
SGCC,0.1,71,4,1.1757862537071622,0.19711799482922096,0.715,1.2445200681686401,0.0002622762694954872,2.6227626949548722e-05,0.1811656951904297,0.0007033098372630775,7.033098372630776e-05,0.00038821358344017816,-0.4622837007045746
SGCC,0.1,71,5,1.171924000156337,0.1975507116802034,0.705,1.2412917613983154,0.0003140902554150671,3.140902554150671e-05,0.1396629810333252,0.0007660177070647478,7.660177070647479e-05,0.0005484758390499823,-0.3368262052536011
SGCC,0.1,71,6,1.1679980343785779,0.1992277618406441,0.72,1.2431330680847168,0.0003637519257608801,3.6375192576088014e-05,0.23916584253311157,0.0008352938457392156,8.352938457392157e-05,0.0003492529856656151,-0.3708798885345459
SGCC,0.1,71,7,1.1638296482891872,0.19490141376801906,0.7499999999999999,1.2373502254486084,0.0004125196428503841,4.125196428503842e-05,0.22649404406547546,0.0009006622713059187,9.006622713059187e-05,0.0003976538434032963,-0.36451858282089233
SGCC,0.1,71,8,1.1606273363376487,0.19602384868955208,0.6699999999999999,1.23856782913208,0.0004841774352826178,4.841774352826178e-05,0.3513580560684204,0.0010092573938891292,0.00010092573938891292,0.00028724469994579976,-0.3353792726993561
SGCC,0.1,71,9,1.15863253124829,0.19342419744043993,0.74,1.2256548404693604,0.0005669143865816295,5.669143865816295e-05,0.09038668125867844,0.0011089080944657326,0.00011089080944657326,0.0012268489992371097,-0.04625236988067627
SGCC,0.1,71,10,1.1567858704205216,0.19198179935550713,0.695,1.2269548177719116,0.0006234943866729736,6.234943866729736e-05,0.15249115228652954,0.0012199374614283442,0.00012199374614283443,0.0008000054056487766,-0.03457016125321388
SGCC,0.1,89,1,1.2506129371708836,0.16199169545296704,0.58,1.280985713005066,0.00019400438759475946,1.9400438759475946e-05,0.06290695816278458,0.0005225638742558658,5.225638742558658e-05,0.0008306932802308217,-0.5386794805526733
SGCC,0.1,89,2,1.1930097588177384,0.17196178764702322,0.7549999999999999,1.249344825744629,0.0002141461445717141,2.141461445717141e-05,0.07421274483203888,0.000625204062089324,6.252040620893241e-05,0.0008424483739340323,0.3807101547718048
SGCC,0.1,89,3,1.1799179264183701,0.17527352853835007,0.73,1.242772102355957,0.00025090225972235203,2.5090225972235205e-05,0.05322325602173805,0.0007263000006787479,7.26300000678748e-05,0.0013646290267963015,-0.6601383686065674
SGCC,0.1,89,4,1.175054513174912,0.17775562441789444,0.59,1.2426012754440308,0.00029485917184501886,2.9485917184501887e-05,0.16932375729084015,0.0008443702827207744,8.443702827207745e-05,0.0004986720683680766,-0.6067185997962952
SGCC,0.1,89,5,1.1727549803668056,0.17783035262982438,0.625,1.2374420166015625,0.0003459205327089876,3.4592053270898763e-05,0.12350472062826157,0.0009359147516079247,9.359147516079247e-05,0.0007577967440005362,-0.5888555645942688
SGCC,0.1,89,6,1.1707447839194332,0.18852260223662187,0.7799999999999999,1.2318198680877686,0.00041418339242227376,4.141833924222738e-05,0.06938152015209198,0.0010169874876737595,0.00010169874876737596,0.0014657901490835173,-0.4424508213996887
SGCC,0.1,89,7,1.1683618744899487,0.18418982643344362,0.7499999999999999,1.228520154953003,0.0004991404712200165,4.991404712200165e-05,0.19128574430942535,0.0011494975769892335,0.00011494975769892335,0.0006009321714689815,-0.4923801124095917
SGCC,0.1,89,8,1.1635530662947688,0.1810627961223406,0.6499999999999999,1.2168941497802734,0.0006653810269199312,6.653810269199313e-05,0.2243330478668213,0.0014303714269772172,0.00014303714269772171,0.0006376106599444852,-0.4484890103340149
SGCC,0.1,89,9,1.1579793537485188,0.17643231537931936,0.7649999999999999,1.2128289937973022,0.0008302177302539349,8.30217730253935e-05,0.1101229190826416,0.0016569739673286676,0.00016569739673286677,0.0015046585952604415,0.3224295377731323
SGCC,0.1,89,10,1.1550854721973682,0.18434346865672038,0.6749999999999999,1.209443211555481,0.0008368635317310691,8.368635317310691e-05,0.28445830941200256,0.0017331370618194342,0.00017331370618194343,0.0006092762997157522,-0.4554367959499359
SGCC,0.1,107,1,1.2407249561671554,0.22214384780628915,0.6649999999999999,1.1969664096832275,0.00020753628632519394,2.0753628632519394e-05,0.05111183226108551,0.0005200965097174048,5.2009650971740484e-05,0.00101756577040848,-0.05653825029730797
SGCC,0.1,107,2,1.189982007289755,0.224517644393936,0.7649999999999999,1.1846044063568115,0.0002261953050037846,2.261953050037846e-05,0.03525504097342491,0.0005996831459924579,5.996831459924579e-05,0.0017009855312450106,0.40284234285354614
SGCC,0.1,107,3,1.182245234990942,0.2220814109894137,0.7,1.1846013069152832,0.0002506580494809896,2.5065804948098958e-05,0.05701211094856262,0.0006577134481631219,6.57713448163122e-05,0.0011536381256896859,0.2502237558364868
SGCC,0.1,107,4,1.1800219786578212,0.22865482915656254,0.6749999999999999,1.181721806526184,0.0003059398150071502,3.0593981500715016e-05,0.019183583557605743,0.0007772964308969676,7.772964308969677e-05,0.0040518833645593385,-0.297949880361557
SGCC,0.1,107,5,1.1785423560389157,0.22986136225792264,0.7449999999999999,1.1830930709838867,0.00033530418295413256,3.353041829541326e-05,0.11977013200521469,0.0008265313808806241,8.265313808806241e-05,0.0006900980795818423,0.21985340118408203
SGCC,0.1,107,6,1.1769972258600696,0.23045286368423537,0.6399999999999999,1.179118037223816,0.00039649970130994916,3.964997013099492e-05,0.0811048299074173,0.0009575392468832433,9.575392468832434e-05,0.0011806192651859237,-0.45769813656806946
SGCC,0.1,107,7,1.1731483710223232,0.2263707223067129,0.7599999999999999,1.1716115474700928,0.00048718394828028977,4.871839482802898e-05,0.04407619312405586,0.0010932175209745765,0.00010932175209745766,0.0024802902507882908,-0.480295330286026
SGCC,0.1,107,8,1.1682273611940186,0.2205069858719773,0.7949999999999999,1.1598478555679321,0.0006300482782535255,6.300482782535255e-05,0.04908203333616257,0.0013006688095629215,0.00013006688095629215,0.002649989662519986,-0.3665134608745575
SGCC,0.1,107,9,1.1625828527171036,0.21883411423433508,0.695,1.1551671028137207,0.0007511792937293649,7.51179293729365e-05,0.08930863440036774,0.0014856354100629687,0.00014856354100629688,0.0016634846339749335,-0.13355140388011932
SGCC,0.1,107,10,1.160693080260836,0.22015468979293515,0.7899999999999999,1.1575391292572021,0.0008739841287024319,8.73984128702432e-05,0.12791821360588074,0.001700202003121376,0.00017002020031213762,0.0013291320721220683,0.36532628536224365
SGCC,0.1,131,1,1.246235337750665,0.19465944237515936,0.615,1.2218341827392578,0.00014254750567488372,1.4254750567488372e-05,0.03661553934216499,0.00038540895911864936,3.854089591186494e-05,0.0010525830454580463,0.23554277420043945
SGCC,0.1,131,2,1.1942388795573136,0.19496124121354783,0.71,1.2206964492797852,0.00014027942961547524,1.4027942961547524e-05,0.15970921516418457,0.0004395246796775609,4.3952467967756094e-05,0.0002752030803142574,0.6192765235900879
SGCC,0.1,131,3,1.185082343117944,0.1977337795470805,0.6749999999999999,1.2137534618377686,0.00015453403466381133,1.5453403466381133e-05,0.043557245284318924,0.0004869377880822867,4.869377880822867e-05,0.0011179260417039953,0.35554561018943787
SGCC,0.1,131,4,1.1827859220833614,0.20292055403869194,0.715,1.211716651916504,0.00018329736485611647,1.832973648561165e-05,0.05305897444486618,0.0005476722144521773,5.476722144521773e-05,0.0010321952510055881,0.5130469799041748
SGCC,0.1,131,5,1.1813043191515167,0.20299629699141536,0.705,1.2113382816314697,0.00020129264157731086,2.0129264157731086e-05,0.03505658358335495,0.0005922270938754082,5.922270938754082e-05,0.001689346289170633,0.1383030265569687
SGCC,0.1,131,6,1.1787903576061642,0.19974952486285757,0.695,1.2084600925445557,0.00024260497593786567,2.426049759378657e-05,0.021624840795993805,0.0006816446548327804,6.816446548327804e-05,0.0031521372169318407,-0.07299992442131042
SGCC,0.1,131,7,1.1766750761147202,0.2007346995892221,0.73,1.2097375392913818,0.0002965237363241613,2.965237363241613e-05,0.09071743488311768,0.0007889068219810724,7.889068219810725e-05,0.0008696308741506164,0.3981522023677826
SGCC,0.1,131,8,1.1718547087291191,0.1935240883929714,0.57,1.2060143947601318,0.000377113523427397,3.771135234273971e-05,0.07244735956192017,0.0009226606343872845,9.226606343872846e-05,0.0012735600579047938,0.34117788076400757
SGCC,0.1,131,9,1.1680691046961422,0.19091384263736885,0.5099999999999999,1.205222249031067,0.0004539910005405545,4.539910005405546e-05,0.052027665078639984,0.0010698284022510052,0.00010698284022510053,0.002056268334613818,-0.5631623268127441
SGCC,0.1,149,1,1.2451168565914548,0.1700591418882752,0.595,1.231066107749939,0.00021026602189522237,2.1026602189522238e-05,0.06527584791183472,0.00045157261774875224,4.515726177487523e-05,0.0006917912707295232,-0.574803352355957
SGCC,0.1,149,2,1.1977871039818073,0.18281179942189055,0.62,1.2076104879379272,0.00020037867943756282,2.0037867943756283e-05,0.06651052087545395,0.0004870488482993096,4.8704884829930964e-05,0.0007322884287906059,-0.6080446839332581
SGCC,0.1,149,3,1.1838062087009693,0.18667961981020492,0.6,1.2030140161514282,0.00022397060820367187,2.2397060820367188e-05,0.10731332749128342,0.0005410778685472906,5.410778685472906e-05,0.0005042037938775498,-0.580649197101593
SGCC,0.1,149,4,1.1800408425002262,0.18404224951737244,0.6399999999999999,1.1949542760849,0.00027301974478177726,2.7301974478177728e-05,0.03935307636857033,0.0006223325617611408,6.223325617611408e-05,0.0015814076539596078,-0.6864967346191406
SGCC,0.1,149,5,1.175831288099289,0.18683336018958388,0.7649999999999999,1.1858139038085938,0.0003429425705689937,3.429425705689937e-05,0.04621462896466255,0.0007348115323111415,7.348115323111415e-05,0.001589997688552268,-0.5016810297966003
SGCC,0.1,149,6,1.1709515853174801,0.18294723469064303,0.575,1.1739797592163086,0.00046838613343425095,4.6838613343425095e-05,0.2066005915403366,0.0009587770327925682,9.587770327925683e-05,0.00046407274327933234,-0.47860780358314514
SGCC,0.1,149,7,1.163815484992389,0.1710550750102001,0.725,1.1691020727157593,0.000684819184243679,6.848191842436791e-05,0.16545172035694122,0.0014700356405228376,0.00014700356405228376,0.0008884982503363646,-0.25102078914642334
SGCC,0.1,149,8,1.1608672871671875,0.17976815231109722,0.615,1.1601574420928955,0.0007466874667443335,7.466874667443335e-05,0.09294287860393524,0.0015480180736631155,0.00015480180736631157,0.0016655585634051707,-0.44801145792007446
SGCC,0.1,149,9,1.1565539631350288,0.1785825128858036,0.74,1.1630072593688965,0.0008228255901485682,8.228255901485682e-05,0.22172267735004425,0.0017939909594133496,0.00017939909594133496,0.0008091147828695438,-0.21366877853870392
SGCC,0.1,173,1,1.2416235681237846,0.1928727858204704,0.6649999999999999,1.1801044940948486,0.00041484585381112993,4.148458538111299e-05,0.0452612042427063,0.0004979638033546507,4.9796380335465076e-05,0.0011002000757301903,-0.2343806028366089
SGCC,0.1,173,2,1.1921374900587673,0.19860573841358597,0.82,1.1597521305084229,0.00020957164815627038,2.095716481562704e-05,0.021983740851283073,0.0005411144229583442,5.411144229583442e-05,0.002461430138841735,-0.5778968334197998
SGCC,0.1,173,3,1.1821866323207986,0.19831838073305208,0.845,1.1560015678405762,0.0002471912885084748,2.4719128850847484e-05,0.05699847638607025,0.0006449890206567943,6.449890206567943e-05,0.001131589932839717,-0.643852174282074
SGCC,0.1,173,4,1.1775069257308697,0.1940457014198064,0.8049999999999999,1.1552352905273438,0.00032193592051044106,3.219359205104411e-05,0.10919450223445892,0.00082006974844262,8.200697484426201e-05,0.0007510174337182221,-0.5163207054138184
SGCC,0.1,173,5,1.1752521282639996,0.19357263062239255,0.845,1.1521592140197754,0.0004506516270339489,4.5065162703394895e-05,0.05064212903380394,0.0010551577433943748,0.0001055157743394375,0.0020835572349062388,0.15466681122779846
SGCC,0.1,173,6,1.1706722604817357,0.19570812127877024,0.7599999999999999,1.1479599475860596,0.0006116418517194688,6.116418517194688e-05,0.07206925004720688,0.0012982913758605719,0.0001298291375860572,0.0018014498208461496,0.22424788773059845
SGCC,1,11,1,1.2473449193198105,0.1954408745624145,0.6499999999999999,1.1900986433029175,0.00019726452592294663,0.00019726452592294663,0.0738135352730751,0.00036536267725750804,0.00036536267725750804,0.004949805965881992,-0.24224118888378143
SGCC,1,11,2,1.1851636202170932,0.20085135603224646,0.7749999999999999,1.154639482498169,0.00016586169658694416,0.00016586169658694416,0.14051379263401031,0.00043997293687425554,0.00043997293687425554,0.003131172596132484,-0.6074028611183167
SGCC,1,11,3,1.175600582155688,0.20368514161110357,0.845,1.144643783569336,0.0002074948133667931,0.0002074948133667931,0.0607193298637867,0.0005099910777062178,0.0005099910777062178,0.008399155241836403,-0.5619599223136902
SGCC,1,11,4,1.1724272452551743,0.20550168644282393,0.815,1.1431795358657837,0.0002568642084952444,0.0002568642084952444,0.04253161698579788,0.0005971514619886875,0.0005971514619886875,0.014040177738553598,-0.41551893949508667
SGCC,1,11,5,1.1701694994137204,0.21012892144951467,0.8549999999999999,1.1396524906158447,0.0002825648698490113,0.0002825648698490113,0.03923682123422623,0.0006274067563936114,0.0006274067563936114,0.01599025447673945,0.2647744119167328
SGCC,1,11,6,1.1685763320018505,0.20773265189430448,0.8599999999999999,1.141217827796936,0.00031518356991000473,0.00031518356991000473,0.15157201886177063,0.0006643912056460977,0.0006643912056460977,0.004383336783631572,0.32204410433769226
SGCC,1,11,7,1.1682202353559692,0.20661337557907877,0.825,1.1372647285461426,0.0003481220919638872,0.0003481220919638872,0.053137555718421936,0.0007253075600601733,0.0007253075600601733,0.01364962219759613,-0.23910772800445557
SGCC,1,11,8,1.1638375870112716,0.21303933504405592,0.815,1.1353579759597778,0.000402978592319414,0.000402978592319414,0.0624164454638958,0.000786101387348026,0.000786101387348026,0.0125944593849507,-0.28206974267959595
SGCC,1,11,9,1.1599327181947643,0.2063779826148542,0.835,1.1404902935028076,0.0004976749187335372,0.0004976749187335372,0.14233098924160004,0.0009082574979402125,0.0009082574979402125,0.006381305313619994,-0.29282549023628235
SGCC,1,11,10,1.1567328346186672,0.2034573260047806,0.7949999999999999,1.1378250122070312,0.0005740465130656958,0.0005740465130656958,0.11230460554361343,0.001033123000524938,0.001033123000524938,0.009199293257156096,-0.08438315987586975
SGCC,1,11,11,1.1543559658116307,0.2031784949958552,0.8499999999999999,1.1367700099945068,0.0006248375866562128,0.0006248375866562128,0.05843421071767807,0.0010867802193388343,0.0010867802193388343,0.018598355415281605,-0.16166462004184723
SGCC,1,11,12,1.1525395594794174,0.2063779826148542,0.8549999999999999,1.1358052492141724,0.0006420649588108063,0.0006420649588108063,0.10803909599781036,0.0011342214420437813,0.0011342214420437813,0.010498250022998791,-0.13202166557312012
SGCC,1,23,1,1.2398677756046426,0.15676505309707828,0.6749999999999999,1.2102470397949219,0.00017818785272538662,0.00017818785272538662,0.07070066034793854,0.00044182746205478907,0.00044182746205478907,0.006249269241339861,0.10955449938774109
SGCC,1,23,2,1.1830503704219029,0.1623949947998129,0.8049999999999999,1.1899317502975464,0.00016285844321828336,0.00016285844321828336,0.07987399399280548,0.000500020629260689,0.000500020629260689,0.006260118021714647,0.5157511234283447
SGCC,1,23,3,1.1757530590583538,0.17029470260227783,0.705,1.1840734481811523,0.00019538166816346347,0.00019538166816346347,0.07056711614131927,0.0005813715979456902,0.0005813715979456902,0.00823856251658949,-0.6560796499252319
SGCC,1,23,4,1.1719898232098283,0.17699670409340568,0.7449999999999999,1.1799442768096924,0.0002355379401706159,0.0002355379401706159,0.050004638731479645,0.0006581218913197517,0.0006581218913197517,0.013161216799381481,-0.5919663310050964
SGCC,1,23,5,1.1702393951087162,0.17964108132421935,0.6449999999999999,1.1757769584655762,0.0002850039454642683,0.0002850039454642683,0.04981940984725952,0.0007464051595889032,0.0007464051595889032,0.014982216005313874,-0.5301842093467712
SGCC,1,23,6,1.1668598179159493,0.184320458192678,0.7599999999999999,1.169169545173645,0.00033338088542222977,0.00033338088542222977,0.04553426057100296,0.0008072809432633221,0.0008072809432633221,0.0177290886716938,-0.4066126346588135
SGCC,1,23,7,1.16396603296543,0.17817402681380382,0.7999999999999999,1.1581603288650513,0.0004179259412921965,0.0004179259412921965,0.10301411896944046,0.0009031465160660446,0.0009031465160660446,0.008767210991087217,0.14673317968845367
SGCC,1,23,8,1.1573458303665292,0.1787699928667855,0.6749999999999999,1.153290867805481,0.0005230079987086356,0.0005230079987086356,0.06661753356456757,0.0010637680534273386,0.0010637680534273386,0.015968289375293442,-0.004943614825606346
SGCC,1,23,9,1.1555755950253586,0.18631563969939732,0.705,1.1530022621154785,0.000592394033446908,0.000592394033446908,0.170823335647583,0.001133654615841806,0.001133654615841806,0.006636415402756164,0.14423370361328125
SGCC,1,23,10,1.1536067508417984,0.18573310043705754,0.6499999999999999,1.1525344848632812,0.0006572240963578224,0.0006572240963578224,0.1735343486070633,0.0013444978976622224,0.0013444978976622224,0.007747733566606985,-0.15704861283302307
SGCC,1,23,11,1.1524438601115654,0.18706769675031804,0.61,1.1500813961029053,0.0006934043485671282,0.0006934043485671282,0.07264690846204758,0.0013878525933250785,0.0013878525933250785,0.019104083335495615,0.05974505841732025
SGCC,1,23,12,1.1505396304459408,0.191508448059027,0.6549999999999999,1.1502444744110107,0.0008044822607189417,0.0008044822607189417,0.20272289216518402,0.0018189367838203907,0.0018189367838203907,0.008972527790982147,0.10883244127035141
SGCC,1,23,13,1.150215474695995,0.18998421995302514,0.7499999999999999,1.1483399868011475,0.0007347094360738993,0.0007347094360738993,0.09779138118028641,0.0014321249909698963,0.0014321249909698963,0.014644695408582651,0.17598994076251984
SGCC,1,23,14,1.1466261631455914,0.18620424739900615,0.59,1.144297480583191,0.0008132309885695577,0.0008132309885695577,0.1391182243824005,0.00183763331733644,0.00183763331733644,0.01320914873298882,0.0781831368803978
SGCC,1,23,15,1.1466988170969075,0.1907729277427892,0.7599999999999999,1.1476852893829346,0.0008313192520290613,0.0008313192520290613,0.13151076436042786,0.0017691280227154493,0.0017691280227154493,0.013452343854278346,0.26124900579452515
SGCC,1,23,16,1.1442198208693801,0.1901148680553653,0.725,1.1468344926834106,0.0008659266750328243,0.0008659266750328243,0.24373239278793335,0.0018438879633322358,0.0018438879633322358,0.007565215038677955,-0.10329277068376541
SGCC,1,37,1,1.2483549981281674,0.1844268403461712,0.595,1.19171941280365,0.000193810963537544,0.000193810963537544,0.049295760691165924,0.00047715732944197953,0.00047715732944197953,0.009679479994868784,-0.3726949393749237
SGCC,1,37,2,1.1977559965232323,0.18822874178014126,0.7949999999999999,1.1667379140853882,0.00018844314035959542,0.00018844314035959542,0.024797582998871803,0.0004940341459587216,0.0004940341459587216,0.019922673350108288,-0.3687577545642853
SGCC,1,37,3,1.1875325708553708,0.19098183293608778,0.575,1.1633092164993286,0.00021816922526340932,0.00021816922526340932,0.03250717744231224,0.000564444693736732,0.000564444693736732,0.017363694363757193,-0.46131131052970886
SGCC,1,37,4,1.1833144282472545,0.19460209910053242,0.625,1.1614365577697754,0.0002640846942085773,0.0002640846942085773,0.04117750748991966,0.0006546840886585414,0.0006546840886585414,0.015899070355795804,-0.05566125363111496
SGCC,1,37,5,1.1808495706525342,0.19237264458625622,0.62,1.158568263053894,0.0003360769769642502,0.0003360769769642502,0.042922280728816986,0.0007702164584770799,0.0007702164584770799,0.017944443897175647,0.018015464767813683
SGCC,1,37,6,1.1771887160580734,0.19191054533750032,0.5299999999999999,1.1535805463790894,0.0004424864600878209,0.0004424864600878209,0.07601802796125412,0.0009151631966233253,0.0009151631966233253,0.012038765292487959,-0.3284998834133148
SGCC,1,37,7,1.1718880945238574,0.19463817014922785,0.5599999999999999,1.1543021202087402,0.0005816328339278698,0.0005816328339278698,0.06676042079925537,0.0011545721208676696,0.0011545721208676696,0.017294260686873134,0.37262001633644104
SGCC,1,37,8,1.1680027349241848,0.19580074467302994,0.575,1.1520403623580933,0.00067408342147246,0.00067408342147246,0.08495000004768372,0.001383014372549951,0.001383014372549951,0.016280333982032304,0.26517748832702637
SGCC,1,37,9,1.1653198414835437,0.20166495476768592,0.575,1.1506983041763306,0.0007652551284991205,0.0007652551284991205,0.10314469784498215,0.0016100634820759296,0.0016100634820759296,0.01560975518582371,0.44871535897254944
SGCC,1,37,10,1.1626408202894802,0.2040348181478689,0.49999999999999994,1.1506528854370117,0.0007538695354014635,0.0007538695354014635,0.20986925065517426,0.0016010471154004335,0.0016010471154004335,0.00762878368509084,-0.2050805389881134
SGCC,1,37,11,1.1621481920110768,0.2009214115813361,0.5199999999999999,1.1474061012268066,0.0008499154355376959,0.0008499154355376959,0.06523549556732178,0.0020279348827898502,0.0020279348827898502,0.031086371999689347,0.47201007604599
SGCC,1,37,12,1.1610300808117306,0.20274179072644102,0.5449999999999999,1.1454330682754517,0.0007452830905094743,0.0007452830905094743,0.07543078809976578,0.0015008087502792478,0.0015008087502792478,0.01989650099233032,-0.41326969861984253
SGCC,1,37,13,1.161417828551654,0.20440102150759223,0.5599999999999999,1.1436527967453003,0.0008106349851004779,0.0008106349851004779,0.09302416443824768,0.0015761035028845072,0.0015761035028845072,0.01694294716219433,0.20178987085819244
SGCC,1,37,14,1.1601576969541352,0.2036200081937977,0.5199999999999999,1.1440802812576294,0.0007906651590019464,0.0007906651590019464,0.16250833868980408,0.0015221299836412072,0.0015221299836412072,0.009366473104784173,-0.31826379895210266
SGCC,1,37,15,1.1596999034799378,0.2006489856729922,0.5199999999999999,1.1446821689605713,0.000898308411706239,0.000898308411706239,0.11273560672998428,0.002158998977392912,0.002158998977392912,0.019150994437489313,0.4596947729587555
SGCC,1,37,16,1.1595447536172538,0.20112347637442834,0.49999999999999994,1.1412990093231201,0.0008767149993218482,0.0008767149993218482,0.08768975734710693,0.0018104593036696315,0.0018104593036696315,0.020646189001335653,-0.022270264104008675
SGCC,1,37,17,1.1589024066925049,0.19896471140284444,0.585,1.1433850526809692,0.0008661879692226648,0.0008661879692226648,0.1182851791381836,0.0019293292425572872,0.0019293292425572872,0.016310828259417,0.10057216882705688
SGCC,1,53,1,1.2427517340101044,0.20922765064251778,0.6399999999999999,1.1289712190628052,0.00015315628843382,0.00015315628843382,0.10033746808767319,0.00039628377999179065,0.00039628377999179065,0.003949509465851027,-0.338086873292923
SGCC,1,53,2,1.1944527595207608,0.21870223005326658,0.735,1.1155260801315308,0.00018191493290942162,0.00018191493290942162,0.07914768159389496,0.0004923859378322959,0.0004923859378322959,0.006221103738182977,-0.45987728238105774
SGCC,1,53,3,1.184123890153293,0.2211501412460821,0.7499999999999999,1.1095266342163086,0.0002206084900535643,0.0002206084900535643,0.0637788474559784,0.0005596574628725648,0.0005596574628725648,0.00877496984025704,-0.22199097275733948
SGCC,1,53,4,1.179834300074084,0.22487146405596467,0.825,1.1068413257598877,0.0002699029864743352,0.0002699029864743352,0.09256517887115479,0.000646510103251785,0.000646510103251785,0.006984376966976844,0.0650734081864357
SGCC,1,53,5,1.1763845887677422,0.22681919008927237,0.7999999999999999,1.1012449264526367,0.00033401037217117846,0.00033401037217117846,0.08564047515392303,0.0007570451707579195,0.0007570451707579195,0.008839805820755546,0.20200276374816895
SGCC,1,53,6,1.1722609822092385,0.22527330866719816,0.8049999999999999,1.102992057800293,0.00035938300425186753,0.00035938300425186753,0.1583104431629181,0.0007836243021301925,0.0007836243021301925,0.004949921726412961,0.29118603467941284
SGCC,1,53,7,1.1684218583435848,0.2248466645516993,0.7699999999999999,1.1066546440124512,0.0004268877091817558,0.0004268877091817558,0.12945452332496643,0.0008789923158474267,0.0008789923158474267,0.006789969892677403,0.11390752345323563
SGCC,1,53,8,1.1668639553004299,0.22703880762252798,0.7799999999999999,1.1017340421676636,0.00045072741340845823,0.00045072741340845823,0.08368927240371704,0.0009079657611437142,0.0009079657611437142,0.010849249074166728,-0.2206694483757019
SGCC,1,53,9,1.165279412064059,0.22722816721890607,0.7649999999999999,1.1090270280838013,0.0005362412193790078,0.0005362412193790078,0.11988269537687302,0.0010880791814997792,0.0010880791814997792,0.009076198846540819,0.04137037694454193
SGCC,1,53,10,1.1633848517105496,0.22413285086205054,0.7599999999999999,1.1091481447219849,0.0006301075918599963,0.0006301075918599963,0.13672293722629547,0.0012087797513231635,0.0012087797513231635,0.008841089694573083,-0.08035694062709808
SGCC,1,53,11,1.160754702214537,0.21850519116954828,0.72,1.1151857376098633,0.000799717556219548,0.000799717556219548,0.2310681939125061,0.0018960607703775167,0.0018960607703775167,0.008205632883838005,0.13752570748329163
SGCC,1,53,12,1.1582084462560456,0.2192673130911544,0.7649999999999999,1.1062194108963013,0.0007696917746216059,0.0007696917746216059,0.3750317394733429,0.0016071076970547438,0.0016071076970547438,0.004285257827275114,-0.33400624990463257
SGCC,1,53,13,1.1594364036773812,0.2257047225278944,0.7749999999999999,1.0962917804718018,0.0007101263618096709,0.0007101263618096709,0.10171253234148026,0.0014850895386189222,0.0014850895386189222,0.014600851089156052,-0.21438045799732208
SGCC,1,71,1,1.232210484044305,0.18206000874893638,0.6849999999999999,1.2519645690917969,0.00017073264461942017,0.00017073264461942017,0.0537152998149395,0.0004371223913040012,0.0004371223913040012,0.008137763222210055,-0.26357302069664
SGCC,1,71,2,1.186924315732101,0.18386256604747062,0.725,1.2450876235961914,0.0001625374425202608,0.0001625374425202608,0.22381900250911713,0.0005125466850586236,0.0005125466850586236,0.0022900052243676017,-0.6129719018936157
SGCC,1,71,3,1.1795496776186187,0.1965836424838714,0.6849999999999999,1.2457205057144165,0.00020752637647092342,0.00020752637647092342,0.21084506809711456,0.0006146160303615034,0.0006146160303615034,0.002915012600998631,-0.5647085309028625
SGCC,1,71,4,1.1761096171263992,0.1976493086867413,0.715,1.2444418668746948,0.00025137103511951864,0.00025137103511951864,0.18051612377166748,0.0006860456196591258,0.0006860456196591258,0.003800467267549441,-0.46949681639671326
SGCC,1,71,5,1.1723855497508213,0.19927977008593656,0.725,1.2412701845169067,0.0002970918139908463,0.0002970918139908463,0.1371585726737976,0.0007405903306789696,0.0007405903306789696,0.005399519083946037,-0.3409213721752167
SGCC,1,71,6,1.1685449162433887,0.2012409278633041,0.72,1.2433750629425049,0.00034089767723344266,0.00034089767723344266,0.2400951087474823,0.0008027081494219601,0.0008027081494219601,0.003343292387793708,-0.37555843591690063
SGCC,1,71,7,1.164392213369238,0.1950756861536245,0.715,1.2376716136932373,0.0003818130062427372,0.0003818130062427372,0.2266499549150467,0.0008582457085140049,0.0008582457085140049,0.0037866573096636794,-0.3712894916534424
SGCC,1,71,8,1.161303343444035,0.1967366077263499,0.6699999999999999,1.2388865947723389,0.0004431242123246193,0.0004431242123246193,0.3500239849090576,0.0009521965403109789,0.0009521965403109789,0.0027203751210317095,-0.34827372431755066
SGCC,1,71,9,1.159338401309375,0.19338729331706175,0.7449999999999999,1.2260106801986694,0.0005175124388188124,0.0005175124388188124,0.09061829745769501,0.0010448202956467867,0.0010448202956467867,0.011529904279370944,-0.06442108750343323
SGCC,1,71,10,1.1574788627953365,0.19298550705872733,0.71,1.2273433208465576,0.0005688860546797514,0.0005688860546797514,0.15447625517845154,0.0011473878985270858,0.0011473878985270858,0.007427600424425224,-0.05781719833612442
SGCC,1,89,1,1.2517781607035934,0.162709247317077,0.58,1.281059980392456,0.00019205635180696845,0.00019205635180696845,0.06293578445911407,0.0005190949304960668,0.0005190949304960668,0.008248009220148742,-0.5413684248924255
SGCC,1,89,2,1.1932410608077872,0.17196178764702322,0.7549999999999999,1.2494367361068726,0.0002099757402902469,0.0002099757402902469,0.07392670959234238,0.0006163858924992383,0.0006163858924992383,0.008337796932911052,0.3826024532318115
SGCC,1,89,3,1.1801707158828605,0.17526465662449936,0.735,1.2429089546203613,0.00024363987904507667,0.00024363987904507667,0.053905460983514786,0.0007107998244464397,0.0007107998244464397,0.0131860448176821,-0.6631262898445129
SGCC,1,89,4,1.1753712193719272,0.1780233944266028,0.59,1.2427983283996582,0.0002825674309860915,0.0002825674309860915,0.16811417043209076,0.0008188792853616178,0.0008188792853616178,0.004870971217101546,-0.6128789186477661
SGCC,1,89,5,1.1731596424661834,0.17932871093647398,0.625,1.2377456426620483,0.00032617419492453337,0.00032617419492453337,0.1219269335269928,0.0008991893846541643,0.0008991893846541643,0.0073748216135944835,-0.5973933935165405
SGCC,1,89,6,1.1713352532222354,0.18554630935790914,0.7799999999999999,1.232573390007019,0.0003821518912445754,0.0003821518912445754,0.06559669226408005,0.0009655430330894887,0.0009655430330894887,0.014719385989805593,-0.43075430393218994
SGCC,1,89,7,1.169438895480386,0.18528084212138826,0.7449999999999999,1.230131983757019,0.0004482186050154269,0.0004482186050154269,0.1836942434310913,0.001069804304279387,0.001069804304279387,0.005823831407545984,-0.5126393437385559
SGCC,1,89,8,1.1651291662249073,0.18039735825753173,0.7499999999999999,1.2200114727020264,0.0005808761343359947,0.0005808761343359947,0.21662287414073944,0.0012795779621228576,0.0012795779621228576,0.005906938347108802,-0.45847684144973755
SGCC,1,89,9,1.1594829107153004,0.18135009245528116,0.6849999999999999,1.2120740413665771,0.0007312287925742567,0.0007312287925742567,0.0746692344546318,0.0014887740835547447,0.0014887740835547447,0.019938252942171348,0.22002555429935455
SGCC,1,89,10,1.1562937148686112,0.18156999258295342,0.6799999999999999,1.2099741697311401,0.0007450328557752073,0.0007450328557752073,0.271920382976532,0.0015569865936413407,0.0015569865936413407,0.005725891441450772,-0.46475374698638916
SGCC,1,107,1,1.2414829854307503,0.22214384780628915,0.6649999999999999,1.1969877481460571,0.00020642818708438426,0.00020642818708438426,0.0511469766497612,0.0005187951610423625,0.0005187951610423625,0.010143222435118941,-0.056471023708581924
SGCC,1,107,2,1.1901799029317395,0.22393489165427793,0.7649999999999999,1.184604525566101,0.0002228282974101603,0.0002228282974101603,0.034679114818573,0.0005946496967226267,0.0005946496967226267,0.017147199397493033,0.40595367550849915
SGCC,1,107,3,1.1824991333073582,0.22160397883590327,0.7449999999999999,1.1846256256103516,0.00024484636378474534,0.00024484636378474534,0.056308113038539886,0.0006482646567746997,0.0006482646567746997,0.01151281088625714,0.2521868944168091
SGCC,1,107,4,1.1803281831330266,0.2267744434480368,0.6749999999999999,1.1817586421966553,0.0002959601697511971,0.0002959601697511971,0.018580202013254166,0.0007600240642204881,0.0007600240642204881,0.04090504848538922,-0.3006911873817444
SGCC,1,107,5,1.1789026301482628,0.23038860067942254,0.7449999999999999,1.1831847429275513,0.00032062060199677944,0.00032062060199677944,0.12059804052114487,0.0008013184415176511,0.0008013184415176511,0.00664453948053288,0.22790758311748505
SGCC,1,107,6,1.177450496574928,0.23087145257719988,0.6399999999999999,1.179362416267395,0.0003724366833921522,0.0003724366833921522,0.08025622367858887,0.0009151543490588665,0.0009151543490588665,0.011402908174746524,-0.47290948033332825
SGCC,1,107,7,1.1738222467488255,0.2278360269302651,0.7599999999999999,1.1723120212554932,0.00044891744619235396,0.00044891744619235396,0.04340874031186104,0.0010275449603796005,0.0010275449603796005,0.023671383988510566,-0.49753060936927795
SGCC,1,107,8,1.1693106982214698,0.22207366651095137,0.7899999999999999,1.1609609127044678,0.000568521092645824,0.000568521092645824,0.053143132477998734,0.0012010775972157717,0.0012010775972157717,0.022600805432630794,-0.3947720229625702
SGCC,1,107,9,1.1636817218928501,0.22161759698901212,0.695,1.1561827659606934,0.0006749840104021132,0.0006749840104021132,0.08887458592653275,0.0013613904593512416,0.0013613904593512416,0.01531810747874112,-0.16692017018795013
SGCC,1,107,10,1.162015335313205,0.21849422134750274,0.71,1.159185528755188,0.0007830251706764102,0.0007830251706764102,0.12132945656776428,0.001549211679957807,0.001549211679957807,0.012768636106867829,0.33273833990097046
SGCC,1,131,1,1.2467764184392731,0.19473572778972628,0.615,1.2218354940414429,0.00014088225725572556,0.00014088225725572556,0.03687890246510506,0.00038276761188171804,0.00038276761188171804,0.0103790402180188,0.23995526134967804
SGCC,1,131,2,1.194338136705859,0.19535023211247893,0.625,1.2207340002059937,0.00013735255924984813,0.00013735255924984813,0.16037452220916748,0.0004343021137174219,0.0004343021137174219,0.0027080493069278552,0.6230597496032715
SGCC,1,131,3,1.1852594387942348,0.19907358484514714,0.6749999999999999,1.2137830257415771,0.0001501620572526008,0.0001501620572526008,0.0432949960231781,0.0004788989608641714,0.0004788989608641714,0.011061300493197677,0.3518456220626831
SGCC,1,131,4,1.1830055467013656,0.20292055403869194,0.715,1.2117677927017212,0.00017705446225591004,0.00017705446225591004,0.05305497348308563,0.0005363186355680227,0.0005363186355680227,0.01010873440053656,0.5151129364967346
SGCC,1,131,5,1.18156046702944,0.20299629699141536,0.705,1.2114163637161255,0.0001929111167555675,0.0001929111167555675,0.035245779901742935,0.0005768761620856822,0.0005768761620856822,0.016367240665233658,0.13570576906204224
SGCC,1,131,6,1.1790937462757374,0.19974952486285757,0.695,1.208571195602417,0.0002308432594873011,0.0002308432594873011,0.02167745865881443,0.000660355610307306,0.000660355610307306,0.03046277798060955,-0.08461464941501617
SGCC,1,131,7,1.1770551954877788,0.2007346995892221,0.73,1.2099261283874512,0.0002793755556922406,0.0002793755556922406,0.09093523770570755,0.0007589352317154408,0.0007589352317154408,0.008345887148517413,0.4047268331050873
SGCC,1,131,8,1.172329096958555,0.19403458093112763,0.58,1.2062301635742188,0.000352070783264935,0.000352070783264935,0.07281386107206345,0.0008811544976197183,0.0008811544976197183,0.0121014664604538,0.3502315580844879
SGCC,1,131,9,1.1686083890240768,0.18890117428211498,0.5099999999999999,1.2054060697555542,0.00041645404417067766,0.00041645404417067766,0.052779700607061386,0.0010062729706987739,0.0010062729706987739,0.019065530102005634,-0.5722082853317261
SGCC,1,149,1,1.2460504893598885,0.1700591418882752,0.595,1.2310962677001953,0.0002086567401420325,0.0002086567401420325,0.06533358991146088,0.0004486587131395936,0.0004486587131395936,0.006867198232143822,-0.5775763988494873
SGCC,1,149,2,1.1979582494702832,0.18369564303579064,0.62,1.207711100578308,0.0001958842040039599,0.0001958842040039599,0.0670747309923172,0.0004794869455508888,0.0004794869455508888,0.007148548170932055,-0.6136366128921509
SGCC,1,149,3,1.1840357040536815,0.1872123531735583,0.605,1.2032071352005005,0.00021632610878441483,0.00021632610878441483,0.10735942423343658,0.0005281880148686469,0.0005281880148686469,0.004919810427822182,-0.5896448493003845
SGCC,1,149,4,1.1803681223556912,0.18525076560230994,0.6399999999999999,1.1953134536743164,0.0002605376357678324,0.0002605376357678324,0.039466626942157745,0.0006023781024850905,0.0006023781024850905,0.015262974040521257,-0.691227912902832
SGCC,1,149,5,1.1763085311856762,0.18882884287975155,0.7649999999999999,1.1866263151168823,0.00032138166716322303,0.00032138166716322303,0.04578978195786476,0.00070168700767681,0.00070168700767681,0.015324095850084948,-0.5276396870613098
SGCC,1,149,6,1.1717728140025303,0.1811578968788848,0.57,1.1746095418930054,0.00043408371857367456,0.00043408371857367456,0.2065393626689911,0.0009065361227840185,0.0009065361227840185,0.004389168781530872,-0.4942895770072937
SGCC,1,149,7,1.1647925161082169,0.17189842779276787,0.725,1.16939115524292,0.00061032798839733,0.00061032798839733,0.16549089550971985,0.001303133787587285,0.001303133787587285,0.007874353350820726,-0.3086344003677368
SGCC,1,149,8,1.161931713079584,0.17873220881853819,0.615,1.1606502532958984,0.0006910039228387177,0.0006910039228387177,0.08908826857805252,0.0014510549372062087,0.0014510549372062087,0.016287834081486298,-0.4428427517414093
SGCC,1,149,9,1.157819020337072,0.17618862039357644,0.735,1.163644790649414,0.0007525750552304089,0.0007525750552304089,0.2040059119462967,0.0016557015478610992,0.0016557015478610992,0.008115948856898581,-0.2364482432603836
SGCC,1,173,1,1.2434096685771285,0.1928727858204704,0.6649999999999999,1.1801249980926514,0.0004132696776650846,0.0004132696776650846,0.04526399075984955,0.000495754589792341,0.000495754589792341,0.010952516149594336,-0.2382882982492447
SGCC,1,173,2,1.1923850713105038,0.19860573841358597,0.82,1.1597986221313477,0.00020592572400346398,0.00020592572400346398,0.021890386939048767,0.0005346530815586448,0.0005346530815586448,0.02442410374231045,-0.5819126963615417
SGCC,1,173,3,1.1824637671996807,0.19831838073305208,0.845,1.1561086177825928,0.0002404403203399852,0.0002404403203399852,0.05692225322127342,0.0006324382848106325,0.0006324382848106325,0.011110563075431328,-0.6519194841384888
SGCC,1,173,4,1.1778767859113628,0.1940457014198064,0.8049999999999999,1.1553564071655273,0.00030910377972759306,0.00030910377972759306,0.10875153541564941,0.0007964380201883614,0.0007964380201883614,0.0073234646034593225,-0.5280779600143433
SGCC,1,173,5,1.175721624801899,0.1947230814535382,0.845,1.1522252559661865,0.00042576927808113396,0.00042576927808113396,0.049933865666389465,0.0010126280831173062,0.0010126280831173062,0.020279384934519643,0.14714816212654114
SGCC,1,173,6,1.1713834374115384,0.19669592795495602,0.7599999999999999,1.1481144428253174,0.0005596231203526258,0.0005596231203526258,0.0659257024526596,0.0012179153272882104,0.0012179153272882104,0.018474059160200524,0.23803795874118805
SGCC,10,11,1,1.2634495147343339,0.19837583825770014,0.6499999999999999,1.19053316116333,0.00018336826178710908,0.0018336826178710908,0.07501840591430664,0.0003436434781178832,0.003436434781178832,0.045807888601422216,-0.25692203640937805
SGCC,10,11,2,1.1867939912039658,0.20303526978318007,0.7749999999999999,1.155778169631958,0.00014251942047849298,0.0014251942047849298,0.1559792011976242,0.00040329861803911626,0.004032986180391163,0.025855922773199782,-0.6370534896850586
SGCC,10,11,3,1.1776160906101096,0.20309586951186928,0.84,1.1452745199203491,0.00016956408217083663,0.0016956408217083663,0.07225079089403152,0.00045255228178575635,0.0045255228178575635,0.06263630836228544,-0.6063007116317749
SGCC,10,11,4,1.174713632156109,0.20713713549882531,0.815,1.1436090469360352,0.00020025634148623794,0.0020025634148623794,0.05126843973994255,0.0005124611197970808,0.0051246111979708076,0.09995644930809727,-0.48637253046035767
SGCC,10,11,5,1.1726424426868045,0.2094620594224209,0.8549999999999999,1.1396993398666382,0.0002060259139398113,0.002060259139398113,0.047728706151247025,0.0005111280479468405,0.005111280479468405,0.10709027944883566,0.27802905440330505
SGCC,10,11,6,1.1712270759302994,0.20661337557907877,0.8549999999999999,1.1415460109710693,0.0002144831814803183,0.002144831814803183,0.18654879927635193,0.0005148547934368253,0.005148547934368253,0.02759893365350068,0.3582359254360199
SGCC,10,11,7,1.171569902321388,0.21022753683586212,0.7949999999999999,1.13713538646698,0.0002181215095333755,0.002181215095333755,0.06320305913686752,0.000533158250618726,0.00533158250618726,0.08435639950024584,-0.35702815651893616
SGCC,10,11,8,1.1681972382397487,0.20855609112413395,0.815,1.135392665863037,0.00022803619503974915,0.0022803619503974915,0.09503348171710968,0.0005418123328126967,0.005418123328126967,0.05701278360247109,-0.415068656206131
SGCC,10,11,9,1.1664992159810559,0.21131151156891378,0.835,1.1383228302001953,0.00025955680757761,0.0025955680757761,0.14565829932689667,0.0005920833209529519,0.005920833209529519,0.04064878717443739,-0.3990384638309479
SGCC,10,11,10,1.1638216879861107,0.20645136097291794,0.8649999999999999,1.1338467597961426,0.00029014929896220565,0.0029014929896220565,0.11277005821466446,0.0006403932929970324,0.006403932929970324,0.05678752881177076,-0.36241957545280457
SGCC,10,11,11,1.1612993951501518,0.20657248800217182,0.84,1.1340867280960083,0.0003150852571707219,0.003150852571707219,0.08970247209072113,0.0006649774732068181,0.006649774732068181,0.07413145454166405,-0.2540089786052704
SGCC,10,11,12,1.15981734826647,0.2049999496239929,0.8649999999999999,1.134779453277588,0.00032940454548224807,0.0032940454548224807,0.13344645500183105,0.0007051516440697014,0.007051516440697014,0.0528415418798518,-0.3757033050060272
SGCC,10,11,13,1.160526302354089,0.2080164681271528,0.7749999999999999,1.1340680122375488,0.0003559781762305647,0.003559781762305647,0.08342660218477249,0.0007548914290964603,0.007548914290964603,0.0904856975266155,-0.21880947053432465
SGCC,10,23,1,1.253659977995116,0.15914648343205565,0.6799999999999999,1.2103633880615234,0.000169809180079028,0.00169809180079028,0.07153895497322083,0.0004235939704813063,0.004235939704813063,0.0592116519789631,0.11543723940849304
SGCC,10,23,2,1.1845408061455036,0.16073328468642664,0.8099999999999999,1.1904999017715454,0.00014344305964186788,0.0014344305964186788,0.0761452317237854,0.00045707161189056933,0.004570716118905693,0.06002629469282899,0.5466949343681335
SGCC,10,23,3,1.1777921750627716,0.169050148795895,0.72,1.185512900352478,0.00015889553469605744,0.0015889553469605744,0.0697333812713623,0.0005002375110052526,0.005002375110052526,0.0717357314223177,-0.6975080966949463
SGCC,10,23,4,1.174554034553725,0.17298986435220207,0.725,1.1818833351135254,0.00017991110507864505,0.0017991110507864505,0.047164931893348694,0.0005456812214106321,0.005456812214106321,0.115696387020032,-0.6528647541999817
SGCC,10,23,5,1.173183915943935,0.17887881147135892,0.62,1.1782047748565674,0.0002040586987277493,0.002040586987277493,0.04227099195122719,0.000593005504924804,0.00593005504924804,0.1402866309853862,-0.5838548541069031
SGCC,10,23,6,1.1705715039680744,0.17988734941789716,0.635,1.17466139793396,0.00021663062216248363,0.0021663062216248363,0.0279605221003294,0.0006114349234849215,0.0061143492348492146,0.21867793501528293,-0.3400222361087799
SGCC,10,23,7,1.1693412127165959,0.1809571990219631,0.7849999999999999,1.1678640842437744,0.00024124473566189408,0.002412447356618941,0.08394023030996323,0.0006347452872432768,0.006347452872432768,0.07561872118999133,0.2046622633934021
SGCC,10,23,8,1.164507408594263,0.1809447047554351,0.735,1.1587059497833252,0.0002783379750326276,0.002783379750326276,0.0686979666352272,0.0006917400169186294,0.006917400169186294,0.10069293907804198,-0.3368241488933563
SGCC,10,23,9,1.1616207833947807,0.175492553776154,0.7849999999999999,1.1545195579528809,0.00031275313813239336,0.0031275313813239336,0.1608508974313736,0.0007222386775538325,0.007222386775538325,0.04490112825525097,0.31830868124961853
SGCC,10,23,10,1.160035679052616,0.18197789986163274,0.63,1.1539056301116943,0.00033125135814771056,0.0033125135814771056,0.191228449344635,0.0007875484880059958,0.007875484880059958,0.04118364661246942,-0.29866060614585876
SGCC,10,23,11,1.1591273258472312,0.18187357982853702,0.6749999999999999,1.1502282619476318,0.0003336158115416765,0.003336158115416765,0.05710214376449585,0.0007622003904543817,0.007622003904543817,0.13348017083174585,0.1966044157743454
SGCC,10,23,12,1.157507033183657,0.1816418871445179,0.61,1.1500401496887207,0.00034411976230330765,0.0034411976230330765,0.1810297816991806,0.0007872659480199218,0.007872659480199218,0.04348820070545802,-0.34218183159828186
SGCC,10,23,13,1.1578958466135223,0.18090839844914305,0.6499999999999999,1.1502200365066528,0.00034200804657302797,0.0034200804657302797,0.07968627661466599,0.0007640955736860633,0.007640955736860633,0.0958879754642011,0.26237139105796814
SGCC,10,23,14,1.1541940703474243,0.18037192031816188,0.7499999999999999,1.1468174457550049,0.00035539097734726965,0.0035539097734726965,0.11943672597408295,0.000788843841291964,0.00788843841291964,0.0660470081424652,-0.38253751397132874
SGCC,10,37,1,1.2553535884824292,0.18092102688614403,0.595,1.1919752359390259,0.00018460419960319996,0.0018460419960319996,0.050107501447200775,0.0004590815515257418,0.004590815515257418,0.09161932610219745,-0.38542643189430237
SGCC,10,37,2,1.1993542169702465,0.18725383338337484,0.7949999999999999,1.166953682899475,0.00016007950762286782,0.0016007950762286782,0.026566796004772186,0.0004409426765050739,0.004409426765050739,0.16597510532540977,-0.4270133376121521
SGCC,10,37,3,1.1894111304447568,0.19029670237921964,0.82,1.1639324426651,0.00016886266530491412,0.0016886266530491412,0.034687258303165436,0.00047470268327742815,0.0047470268327742815,0.13685217757152876,-0.5340935587882996
SGCC,10,37,4,1.1857202762159809,0.19658099693916467,0.625,1.1624103784561157,0.00018700523651205003,0.0018700523651205003,0.03962084278464317,0.0005221538594923913,0.0052215385949239135,0.1317876710322718,-0.09256142377853394
SGCC,10,37,5,1.183895703019767,0.19638608280138498,0.625,1.1597347259521484,0.00021656305762007833,0.0021656305762007833,0.038817666471004486,0.0005824316176585853,0.005824316176585853,0.1500429239077631,0.018883634358644485
SGCC,10,37,6,1.1821904942907135,0.19314054139954104,0.575,1.1570830345153809,0.00024421513080596924,0.0024421513080596924,0.11471997946500778,0.0006376637611538172,0.006376637611538172,0.055584368488168986,-0.494173526763916
SGCC,10,37,7,1.1789899119015397,0.18987737109843578,0.5349999999999999,1.1542030572891235,0.0002929560432676226,0.002929560432676226,0.09309393167495728,0.0006993038696236908,0.0069930386962369084,0.07511809384798032,-0.4751162528991699
SGCC,10,37,8,1.1746048392920658,0.1938052420167856,0.5549999999999999,1.1536798477172852,0.00033612639526836574,0.0033612639526836574,0.07617967575788498,0.0007606904837302864,0.007606904837302864,0.09985478097175428,0.2405197024345398
SGCC,10,53,1,1.2470538739500374,0.21006032451779552,0.635,1.1290136575698853,0.00014041604299563915,0.0014041604299563915,0.09981666505336761,0.00036924396408721805,0.0036924396408721805,0.03699221606830878,-0.3650990128517151
SGCC,10,53,2,1.1960696773282413,0.21801805379580194,0.735,1.116367220878601,0.00014961986744310707,0.0014961986744310707,0.08104082942008972,0.0004376241413410753,0.004376241413410753,0.054000451929307365,-0.511700451374054
SGCC,10,53,3,1.1862985245112716,0.21933810637011128,0.82,1.1104639768600464,0.0001685519964667037,0.0016855199646670371,0.06228509545326233,0.0004799788584932685,0.004799788584932685,0.07706159154134017,-0.27727755904197693
SGCC,10,53,4,1.182517867663811,0.2211501412460821,0.7799999999999999,1.1079506874084473,0.00019444395729806274,0.0019444395729806274,0.08748739957809448,0.0005369720747694373,0.005369720747694373,0.06137707571135615,0.069098562002182
SGCC,10,53,5,1.1798371775396939,0.22724355329705387,0.8049999999999999,1.1015210151672363,0.00023166253231465816,0.0023166253231465816,0.09816648066043854,0.0006084992783144116,0.006084992783144116,0.06198646159265228,0.2434922456741333
SGCC,10,53,6,1.176293013424709,0.22724355329705387,0.815,1.1026339530944824,0.00022695829102303833,0.0022695829102303833,0.15965497493743896,0.0006079407758079469,0.006079407758079469,0.03807841102641301,0.38477441668510437
SGCC,10,53,7,1.1725782998676957,0.22646949846219072,0.7699999999999999,1.1042832136154175,0.00024942049640230834,0.0024942049640230834,0.12933781743049622,0.0006633228622376919,0.006633228622376919,0.05128607204108338,0.17519648373126984
SGCC,10,53,8,1.171436270763134,0.2315905194673205,0.7749999999999999,1.099835991859436,0.0002362181548960507,0.002362181548960507,0.08797900378704071,0.0006480207084678113,0.0064802070846781135,0.07365629077096514,-0.13246746361255646
SGCC,10,53,9,1.1706641655543755,0.23112072451795213,0.7649999999999999,1.1066206693649292,0.00026638235431164503,0.0026638235431164503,0.1391565352678299,0.0006953519769012928,0.006953519769012928,0.04996904928417284,0.1820589005947113
SGCC,10,53,10,1.16999718649634,0.23121542925508587,0.7549999999999999,1.1027860641479492,0.00024981246679089963,0.0024981246679089963,0.10195257514715195,0.0006666003027930856,0.006666003027930856,0.06538337083010964,-0.16632014513015747
SGCC,10,53,11,1.17034447398679,0.23121542925508587,0.725,1.1074626445770264,0.0002574388636276126,0.002574388636276126,0.1284329742193222,0.0006808476173318923,0.0068084761733189225,0.05301190145836096,-0.2642779052257538
SGCC,10,53,12,1.1702225681008964,0.23033254261865901,0.74,1.1040525436401367,0.0002586331684142351,0.002586331684142351,0.1463559865951538,0.0006866553449071944,0.006866553449071944,0.04691679246484142,-0.47941142320632935
SGCC,10,71,1,1.2447352347702816,0.17872578949198079,0.6849999999999999,1.2521467208862305,0.00015927494678180665,0.0015927494678180665,0.05456988513469696,0.00041961620445363224,0.004196162044536322,0.07689519657552464,-0.27590346336364746
SGCC,10,71,2,1.1884197716055245,0.18577025399621258,0.6799999999999999,1.245052456855774,0.0001354692503809929,0.001354692503809929,0.23373618721961975,0.0004673201183322817,0.004673201183322817,0.019993485984828925,-0.6459161043167114
SGCC,10,71,3,1.1814873259643028,0.19556749203253349,0.6799999999999999,1.24516761302948,0.00016328107449226081,0.0016328107449226081,0.2118237465620041,0.0005360084469430149,0.005360084469430149,0.02530445503125481,-0.6114451289176941
SGCC,10,71,4,1.178650467560209,0.19556371647718618,0.715,1.2436436414718628,0.00018738997459877282,0.0018738997459877282,0.17750920355319977,0.0005773702869191766,0.005773702869191766,0.0325262169713999,-0.5287752747535706
SGCC,10,71,5,1.1756808100075558,0.1960717773498501,0.7,1.2407143115997314,0.00020647364726755768,0.002064736472675577,0.12230945378541946,0.0005950633785687387,0.005950633785687387,0.048652279946628,-0.37576767802238464
SGCC,10,71,6,1.1725576766606034,0.20141151033895455,0.69,1.2446200847625732,0.00022256198280956596,0.0022256198280956596,0.24391721189022064,0.0006198793998919427,0.006198793998919427,0.025413516130666936,-0.41643741726875305
SGCC,10,71,7,1.1682919746842877,0.19750417907308618,0.71,1.239848017692566,0.00023195163521450013,0.0023195163521450013,0.23037859797477722,0.000636732263956219,0.00636732263956219,0.02763851631851371,-0.39675605297088623
SGCC,10,71,8,1.165752532153294,0.19596305045111542,0.6799999999999999,1.2417957782745361,0.00025234135682694614,0.0025234135682694614,0.35019683837890625,0.000674843555316329,0.00674843555316329,0.019270406850051606,-0.42915475368499756
SGCC,10,71,9,1.1640956175738368,0.193001384219075,0.735,1.2294261455535889,0.00028892167028971016,0.0028892167028971016,0.09784988313913345,0.0007267805631272495,0.007267805631272495,0.07427505683311189,-0.21226240694522858
SGCC,10,71,10,1.162291393197816,0.19047061669909357,0.715,1.2303316593170166,0.0003170390264131129,0.003170390264131129,0.16696679592132568,0.0007749074138700962,0.007749074138700962,0.04641086927458502,-0.21889708936214447
SGCC,10,89,1,1.2633840174510562,0.16230660547910103,0.585,1.2819793224334717,0.00017291313270106912,0.0017291313270106912,0.06354970484972,0.0004869430558755994,0.004869430558755994,0.0766239681249668,-0.5729685425758362
SGCC,10,89,2,1.1953446865081787,0.17342296672982888,0.7599999999999999,1.2502886056900024,0.00017664494225755334,0.0017664494225755334,0.07212131470441818,0.0005434909253381193,0.005434909253381193,0.0753578782590918,0.4009644687175751
SGCC,10,89,3,1.1822691919474766,0.1761675089980848,0.73,1.2440751791000366,0.00019083639199379832,0.0019083639199379832,0.06016739085316658,0.0005926733720116317,0.005926733720116317,0.09850408395770407,-0.6813114881515503
SGCC,10,89,4,1.17780094619455,0.1758657085984582,0.7,1.2443840503692627,0.00020353897707536817,0.0020353897707536817,0.16518591344356537,0.0006419142009690404,0.006419142009690404,0.038860105416213105,-0.6554418802261353
SGCC,10,89,5,1.1759258241489017,0.17974149304830842,0.62,1.2397669553756714,0.00021619282779283822,0.002161928277928382,0.12209714949131012,0.0006716627976857126,0.006716627976857126,0.05501052239827401,-0.6544315218925476
SGCC,10,89,6,1.174665676108722,0.18335309276193304,0.7799999999999999,1.2357326745986938,0.00022819395235273987,0.0022819395235273987,0.0558709092438221,0.0006844374001957476,0.006844374001957476,0.1225033580908528,-0.3597133755683899
SGCC,10,89,7,1.1743229237096062,0.17941689370521352,0.735,1.235133171081543,0.0002331177529413253,0.002331177529413253,0.13450881838798523,0.0006995349540375173,0.006995349540375173,0.05200662398354709,-0.6264997124671936
SGCC,10,89,8,1.1719864904880524,0.18327567691194288,0.73,1.2316120862960815,0.000250097771640867,0.00250097771640867,0.13331113755702972,0.0007172419573180377,0.0071724195731803775,0.053802103144698306,-0.6027788519859314
SGCC,10,89,9,1.169208341631396,0.18454914008981252,0.7699999999999999,1.2228059768676758,0.0002825209521688521,0.002825209521688521,0.0923198014497757,0.0007469862466678023,0.007469862466678023,0.08091289571004782,-0.5664288401603699
SGCC,10,89,10,1.1654850912505184,0.17892788217656963,0.6799999999999999,1.2175161838531494,0.00032244357862509787,0.0032244357862509787,0.13500887155532837,0.0008001023670658469,0.00800102367065847,0.05926294752696712,-0.46968337893486023
SGCC,10,89,11,1.1626188302862233,0.17664247398521993,0.6799999999999999,1.216025710105896,0.00034340572892688215,0.0034340572892688215,0.08218425512313843,0.0007948794518597424,0.007948794518597424,0.09671918917665646,-0.2601916193962097
SGCC,10,89,12,1.1595282153836612,0.18206453310984114,0.7,1.214409351348877,0.00034373404923826456,0.0034373404923826456,0.07352549582719803,0.0007832596311345696,0.007832596311345696,0.10652898322174005,-0.2849668264389038
SGCC,10,89,13,1.159116375035253,0.1816611259985483,0.695,1.211953043937683,0.0003467656497377902,0.0034676564973779023,0.08915151655673981,0.0007761536398902535,0.0077615363989025354,0.08706006020618577,-0.39142629504203796
SGCC,10,107,1,1.248982700808295,0.22214384780628915,0.6649999999999999,1.1971924304962158,0.00019712047651410103,0.0019712047651410103,0.05125216022133827,0.0005064804572612047,0.005064804572612047,0.09882128969274882,-0.0595974437892437
SGCC,10,107,2,1.1920444975639213,0.2236101052609122,0.7699999999999999,1.1846110820770264,0.00019457314920146018,0.0019457314920146018,0.029896674677729607,0.0005493969074450433,0.005493969074450433,0.18376522250961097,0.4346030354499817
SGCC,10,107,3,1.1846996751324883,0.22426648275457292,0.7549999999999999,1.1848387718200684,0.00019911624258384109,0.001991162425838411,0.04893685504794121,0.0005703935166820884,0.005703935166820884,0.1165570439954304,0.26263096928596497
SGCC,10,107,4,1.1828328556027905,0.22782773010941212,0.6799999999999999,1.1821335554122925,0.00022398783767130226,0.0022398783767130226,0.012020466849207878,0.0006312101031653583,0.006312101031653583,0.5251128022593845,-0.32368382811546326
SGCC,10,107,5,1.1816785602734006,0.23270611970729999,0.7499999999999999,1.1838159561157227,0.0002255324652651325,0.002255324652651325,0.12174645066261292,0.0006350037292577326,0.006350037292577326,0.05215788434091375,0.28962385654449463
SGCC,10,107,6,1.1806532103439857,0.23055003504872124,0.6799999999999999,1.1811307668685913,0.00023605042952112854,0.0023605042952112854,0.07264603674411774,0.0006723818369209766,0.006723818369209766,0.09255588701821651,-0.5714604258537292
SGCC,10,107,7,1.1780515559788407,0.23081820684452406,0.7599999999999999,1.1765778064727783,0.00026044948026537895,0.0026044948026537895,0.03747568652033806,0.0007057112525217235,0.007057112525217235,0.18831176105039035,-0.6246522665023804
SGCC,10,107,8,1.1758403264243027,0.22658549210609077,0.6699999999999999,1.169880986213684,0.0002867399016395211,0.0028673990163952112,0.06189870089292526,0.0007373201078735292,0.007373201078735292,0.11911721849364394,-0.5170881748199463
SGCC,10,107,9,1.1708108649171631,0.2202652551754138,0.7,1.1629114151000977,0.00032058171927928925,0.0032058171927928925,0.05318301171064377,0.0007766593480482697,0.0077665934804826975,0.1460352325050507,-0.3662104308605194
SGCC,10,131,1,1.2521548620585738,0.19291640010033193,0.615,1.2218471765518188,0.00012860784772783518,0.0012860784772783518,0.038623012602329254,0.000363515573553741,0.0036351557355374098,0.094118907112859,0.26831841468811035
SGCC,10,131,2,1.1952739542928235,0.19598000535925467,0.71,1.2210155725479126,0.00011654449190245941,0.0011654449190245941,0.16541308164596558,0.0003953268751502037,0.003953268751502037,0.023899371876543823,0.647504985332489
SGCC,10,131,3,1.186737547660696,0.19882075879701408,0.6749999999999999,1.2140438556671143,0.00012039077410008758,0.0012039077410008758,0.04103865101933479,0.0004209141479805112,0.004209141479805112,0.10256529820685463,0.3066200613975525
SGCC,10,131,4,1.1847763698676537,0.20400642558445595,0.715,1.212187647819519,0.00013634223432745785,0.0013634223432745785,0.0529247522354126,0.00045742886140942574,0.004574288614094257,0.08643004304956471,0.5264689922332764
SGCC,10,131,5,1.1835483538693394,0.20281664207504974,0.695,1.2120471000671387,0.00014125539746601135,0.0014125539746601135,0.037037838250398636,0.00047502515371888876,0.004750251537188888,0.12825401701563294,0.11351140588521957
SGCC,10,131,6,1.181377190968086,0.20088495034091067,0.695,1.2093446254730225,0.0001622509298613295,0.001622509298613295,0.022513261064887047,0.0005263917264528573,0.0052639172645285726,0.2338140729304861,-0.14496161043643951
SGCC,10,131,7,1.179768255044674,0.20646827215141744,0.7449999999999999,1.2110739946365356,0.00018714329053182155,0.0018714329053182155,0.0905546247959137,0.0005842013633809984,0.005842013633809984,0.06451369708588982,0.44417604804039
SGCC,10,131,8,1.1754975473058635,0.1950739102298045,0.575,1.2074378728866577,0.00022735858510714024,0.0022735858510714024,0.07385031878948212,0.0006608024123124778,0.006608024123124778,0.08947861338231493,0.4044834077358246
SGCC,10,131,9,1.1720630146306137,0.18892702606211786,0.6549999999999999,1.2067182064056396,0.0002523550356272608,0.002523550356272608,0.06270046532154083,0.0007209873292595148,0.007209873292595148,0.11498915128654055,-0.6003720760345459
SGCC,10,131,10,1.1727132139534786,0.1880500079308906,0.6749999999999999,1.2070705890655518,0.0002635547425597906,0.002635547425597906,0.054317280650138855,0.00071983493398875,0.0071983493398875,0.13252411118024368,-0.4600718915462494
SGCC,10,131,11,1.1705341801561158,0.19191054533750032,0.57,1.2077754735946655,0.0002663393097463995,0.0026633930974639952,0.10076536238193512,0.000704426143784076,0.00704426143784076,0.06990756814966441,0.3727658987045288
SGCC,10,149,1,1.2553604265739178,0.1700591418882752,0.595,1.2314780950546265,0.00019537047774065286,0.0019537047774065286,0.0659075379371643,0.00042572696111164987,0.004257269611116499,0.0645945781676042,-0.599306583404541
SGCC,10,149,2,1.1995340873455178,0.18165398230063876,0.62,1.2086985111236572,0.0001628678583074361,0.001628678583074361,0.07257291674613953,0.0004256000102031976,0.004256000102031976,0.05864446811362824,-0.650047242641449
SGCC,10,149,3,1.1859018740982845,0.1870819626435723,0.6,1.2048331499099731,0.0001654162915656343,0.001654162915656343,0.10789123922586441,0.00044464084203355014,0.004446408420335501,0.04121195059245903,-0.6493351459503174
SGCC,10,149,4,1.1828012240344081,0.18831528067112183,0.6399999999999999,1.198030710220337,0.00018480586004443467,0.0018480586004443467,0.04128633067011833,0.0004843512724619359,0.004843512724619359,0.1173151657220275,-0.7026649713516235
SGCC,10,149,5,1.1794636023455654,0.18496953436619967,0.7449999999999999,1.1915322542190552,0.00020663277246057987,0.0020663277246057987,0.04837526008486748,0.0005284898215904832,0.005284898215904832,0.1092479545667193,-0.6462253928184509
SGCC,10,149,6,1.17656468728493,0.18383820296874773,0.585,1.181555151939392,0.0002514433872420341,0.0025144338724203408,0.1921883374452591,0.0006280917441472411,0.006280917441472411,0.032681054037742546,-0.6118559837341309
SGCC,10,149,7,1.170615219864352,0.18027322922901348,0.57,1.1718412637710571,0.00031118353945203125,0.0031118353945203125,0.17581498622894287,0.0007609542808495462,0.007609542808495462,0.043281536868458204,-0.5473485589027405
SGCC,10,149,8,1.1687086789772427,0.17802550984575854,0.6399999999999999,1.1653369665145874,0.0003405986644793302,0.003405986644793302,0.079120934009552,0.0007789819501340389,0.007789819501340389,0.09845459484085402,-0.32209324836730957
SGCC,10,173,1,1.2613469362258911,0.1958216340731409,0.6649999999999999,1.1803455352783203,0.00039947006735019386,0.003994700673501939,0.04601064696907997,0.0004767405043821782,0.004767405043821782,0.10361525772557749,-0.26925358176231384
SGCC,10,173,2,1.1945756550492912,0.20138198296367713,0.815,1.1602754592895508,0.00017514654609840363,0.0017514654609840363,0.020871426910161972,0.0004813693230971694,0.004813693230971694,0.23063555988249093,-0.611860454082489
SGCC,10,173,3,1.1847757142165611,0.19764796745892527,0.84,1.1570693254470825,0.00018903875024989247,0.0018903875024989247,0.057545457035303116,0.0005366721889004111,0.005366721889004111,0.09326056591594577,-0.711879551410675
SGCC,10,173,4,1.1807793019146755,0.19459597196985132,0.815,1.1565130949020386,0.00022255665680859238,0.002225566568085924,0.10925722122192383,0.0006328588351607323,0.006328588351607323,0.057923753513304733,-0.6250367164611816
SGCC,10,173,5,1.1789540350437164,0.1981567123771923,0.735,1.1530591249465942,0.00028170619043521583,0.0028170619043521583,0.046504635363817215,0.0007579008815810084,0.007579008815810084,0.16297319087694445,0.029747065156698227
SGCC,10,173,6,1.1755196041074292,0.1977381444949645,0.7549999999999999,1.1493362188339233,0.00031498048338107765,0.0031498048338107765,0.05087488889694214,0.0008142394362948835,0.008142394362948835,0.16004741316375115,0.32541853189468384
SGCC,100,11,1,1.4232339057429084,0.2018507760359536,0.615,1.2003955841064453,0.00013423076597973704,0.013423076597973704,0.08124776929616928,0.00026838481426239014,0.026838481426239014,0.3303288405175256,-0.6796303987503052
SGCC,100,11,2,1.1984390729460224,0.20017916038555714,0.7599999999999999,1.1626970767974854,6.419973215088248e-05,0.006419973215088248,0.22397196292877197,0.00023719912860542536,0.023719912860542536,0.10590572386993809,-0.7354578375816345
SGCC,100,11,3,1.1874624881251106,0.2024651066189334,0.835,1.1510087251663208,6.280737579800189e-05,0.0062807375798001885,0.07098086923360825,0.00024177847080864012,0.024177847080864012,0.34062483795867926,-0.831395149230957
SGCC,100,11,4,1.184313196560432,0.20480181386318155,0.82,1.1500389575958252,6.578925240319222e-05,0.006578925240319222,0.07175642997026443,0.0002509182377252728,0.025091823772527277,0.3496804925067374,-0.7695934176445007
SGCC,100,11,5,1.1823334056755592,0.20480181386318155,0.8549999999999999,1.1463630199432373,6.267765274969861e-05,0.006267765274969861,0.05265774205327034,0.0002435011847410351,0.02435011847410351,0.4624223812990332,0.1870855838060379
SGCC,100,11,6,1.1804232741224354,0.20829330689498352,0.8549999999999999,1.147634744644165,6.286377174546942e-05,0.006286377174546942,0.1774541288614273,0.0002449174935463816,0.02449174935463816,0.1380173541848868,0.494333416223526
SGCC,100,11,7,1.180770019005085,0.2094620594224209,0.825,1.143334984779358,5.8947945944964886e-05,0.005894794594496489,0.08682045340538025,0.0002395547489868477,0.02395547489868477,0.27591971659987036,-0.7950981855392456
SGCC,100,11,8,1.1775111597159813,0.2105932603411788,0.825,1.141222357749939,5.617416900349781e-05,0.005617416900349781,0.11139905452728271,0.00023307520314119756,0.023307520314119756,0.20922547693985605,-0.7750396728515625
SGCC,100,11,9,1.1770033754151443,0.21131151156891378,0.835,1.1439231634140015,5.588833664660342e-05,0.005588833664660342,0.18387946486473083,0.00023623926972504705,0.023623926972504705,0.12847506919754972,-0.7080839276313782
SGCC,100,11,10,1.1757040702063462,0.21335958502662408,0.8649999999999999,1.1386420726776123,5.384187534218654e-05,0.005384187534218654,0.1586310863494873,0.00023051085008773953,0.023051085008773953,0.14531253324451845,-0.7099798917770386
SGCC,100,11,11,1.1746883145694076,0.21610835702301462,0.83,1.1402461528778076,5.338333721738309e-05,0.005338333721738309,0.230749249458313,0.00023128230532165617,0.023128230532165617,0.10023101087634934,-0.654066264629364
SGCC,100,11,12,1.1728570512656509,0.21291628006838242,0.84,1.136823296546936,5.420565867098048e-05,0.005420565867098048,0.2319229394197464,0.00023380642232950777,0.023380642232950777,0.10081211583229917,-0.612515389919281
SGCC,100,11,13,1.1736562139001385,0.21489250984728395,0.8599999999999999,1.1344918012619019,5.495764344232157e-05,0.005495764344232157,0.0898284763097763,0.00023665500339120626,0.023665500339120626,0.26345209571972933,-0.2079773247241974
SGCC,100,11,14,1.1708226173088467,0.21348842883305422,0.825,1.1307648420333862,5.372615487431176e-05,0.005372615487431176,0.07830635458230972,0.00022753445955459028,0.02275344595545903,0.2905695977909727,-0.1968715488910675
SGCC,100,11,15,1.1685659453786652,0.21264546406047047,0.8499999999999999,1.1391732692718506,4.284742317395285e-05,0.004284742317395285,0.3190824091434479,0.00019744897144846618,0.019744897144846618,0.06188024340749549,-0.6416372656822205
SGCC,100,23,1,1.3905417384772465,0.1585088321672866,0.6599999999999999,1.2170182466506958,0.00011415281915105879,0.01141528191510588,0.0686764046549797,0.0003247569839004427,0.03247569839004427,0.4728800022831345,-0.11126476526260376
SGCC,100,23,2,1.1946095978391582,0.1653326905021653,0.7899999999999999,1.193477749824524,6.696639320580289e-05,0.006696639320580289,0.07650555670261383,0.00029832959990017116,0.029832959990017116,0.3899450089093707,0.6798877716064453
SGCC,100,23,3,1.186140093310126,0.1659113959270024,0.7449999999999999,1.1907962560653687,5.7886030845111236e-05,0.005788603084511124,0.07948789745569229,0.0002698238240554929,0.026982382405549288,0.3394527125414238,-0.8477147221565247
SGCC,100,23,4,1.1834091369448037,0.16890729787361547,0.7549999999999999,1.1892246007919312,5.505696390173398e-05,0.005505696390173398,0.0703493133187294,0.00025743094738572836,0.025743094738572836,0.36593242384526786,-0.8150910139083862
SGCC,100,23,5,1.1828781859628086,0.16768001286531903,0.7649999999999999,1.1870672702789307,5.583131860475987e-05,0.005583131860475987,0.0291829202324152,0.0002582938759587705,0.02582938759587705,0.8850857758637471,-0.7037811875343323
SGCC,100,23,6,1.1806851563782528,0.1700879640561957,0.7749999999999999,1.185181975364685,5.409929872257635e-05,0.005409929872257635,0.02273356169462204,0.00025770647334866226,0.025770647334866226,1.1335948005438432,-0.3017851412296295
SGCC,100,23,7,1.1798183342506146,0.1682639505377647,0.7899999999999999,1.1831609010696411,5.4571570217376575e-05,0.0054571570217376575,0.04727843031287193,0.00026258089928887784,0.026258089928887784,0.5553925914020629,0.3756948411464691
SGCC,100,23,8,1.1775645644500339,0.17361661720075272,0.6,1.1787177324295044,5.7958921388490126e-05,0.0057958921388490126,0.06873781234025955,0.00027913632220588624,0.027913632220588624,0.40608845801511906,-0.844103217124939
SGCC,100,23,9,1.1743474243016079,0.17457096811680822,0.6699999999999999,1.1708604097366333,6.941112224012613e-05,0.006941112224012613,0.28770145773887634,0.0003193716984242201,0.03193716984242201,0.111008022320863,0.5898800492286682
SGCC,100,23,10,1.1714475627603202,0.177563784468914,0.71,1.1659059524536133,6.190238491399214e-05,0.006190238491399214,0.2751777768135071,0.0003016743285115808,0.030167432851158082,0.10962888500841074,-0.5522310733795166
SGCC,100,23,11,1.1693174941786404,0.17945628127114124,0.7449999999999999,1.1623936891555786,7.150542660383508e-05,0.007150542660383508,0.20328909158706665,0.00033471258939243853,0.03347125893924385,0.1646485735065054,0.18465787172317505
SGCC,100,23,12,1.1690597893862889,0.1758002758575207,0.7,1.1578549146652222,5.912243796046823e-05,0.005912243796046823,0.2217932641506195,0.00029678441933356225,0.029678441933356225,0.13381128614078033,-0.5569499731063843
SGCC,100,23,13,1.1681132552952602,0.17925244600260185,0.7699999999999999,1.1563807725906372,5.413508915808052e-05,0.005413508915808052,0.11729316413402557,0.0002875185164157301,0.028751851641573012,0.245128110012614,0.2935198247432709
SGCC,100,23,14,1.16593880694488,0.17487886176331985,0.74,1.1541202068328857,5.1720129704335704e-05,0.0051720129704335704,0.14198464155197144,0.0002800489601213485,0.02800489601213485,0.1972389105330386,-0.4590083956718445
SGCC,100,23,15,1.1665327425660759,0.1760252715649793,0.7749999999999999,1.153640627861023,5.434992999653332e-05,0.005434992999653332,0.16942858695983887,0.0002880972751881927,0.028809727518819273,0.17004053469234381,0.5679106116294861
SGCC,100,37,1,1.3237719535827637,0.18728354068091527,0.57,1.200723648071289,0.00010075458703795448,0.010075458703795448,0.06785276532173157,0.00029969323077239096,0.029969323077239096,0.44168167553873683,-0.5984032154083252
SGCC,100,37,2,1.2090893953010953,0.1866348621178901,0.7449999999999999,1.1700398921966553,5.90125382586848e-05,0.00590125382586848,0.054416559636592865,0.0002299356710864231,0.02299356710864231,0.42254724043928893,-0.7400820255279541
SGCC,100,37,3,1.1971543266855438,0.19171927853094375,0.7449999999999999,1.1680922508239746,5.286567102302797e-05,0.005286567102302797,0.06492871046066284,0.00022963517403695732,0.022963517403695732,0.35367277804798253,-0.8197743892669678
SGCC,100,37,4,1.193909462155967,0.1874263218561579,0.83,1.167913794517517,5.25091054441873e-05,0.00525091054441873,0.05165723338723183,0.00023924329434521496,0.023924329434521496,0.4631360966465327,-0.6057050228118896
SGCC,100,37,5,1.1929643606317455,0.190169228634827,0.83,1.165473461151123,5.5350854381686077e-05,0.005535085438168608,0.04506850242614746,0.0002497448876965791,0.02497448876965791,0.554145077498036,-0.4370754063129425
SGCC,100,37,6,1.192381725229066,0.18691567865215536,0.57,1.165242314338684,4.890003037871793e-05,0.004890003037871793,0.15791438519954681,0.00023604524903930724,0.023604524903930724,0.14947672356830013,-0.8181962370872498
SGCC,100,37,7,1.1907719127063094,0.18997368069868845,0.57,1.1646136045455933,4.7412002459168434e-05,0.004741200245916843,0.17247703671455383,0.0002359182690270245,0.02359182690270245,0.1367824224725432,-0.8251919746398926
SGCC,100,53,1,1.289400441893216,0.20797901839087948,0.615,1.134970784187317,8.384276588913053e-05,0.008384276588913053,0.10537253320217133,0.000273189099971205,0.0273189099971205,0.2592602566050634,-0.5657158493995667
SGCC,100,53,2,1.2052050284270583,0.22239898177102743,0.74,1.1221486330032349,6.0307051171548665e-05,0.0060307051171548665,0.10068315267562866,0.00027139659505337477,0.027139659505337477,0.2695551220249671,-0.6716481447219849
SGCC,100,53,3,1.1947116913466618,0.21972651944734217,0.8049999999999999,1.1157495975494385,5.6500095524825156e-05,0.005650009552482516,0.07206126302480698,0.000269029987975955,0.0269029987975955,0.3733350994463445,-0.6335734724998474
SGCC,100,53,4,1.191918052476028,0.22136964715305743,0.825,1.1136548519134521,5.671092731063254e-05,0.005671092731063254,0.07742679119110107,0.00027210399275645614,0.027210399275645614,0.35143390107031836,-0.1211734190583229
SGCC,100,53,5,1.1904863304105298,0.22136964715305743,0.82,1.106803059577942,6.389457848854363e-05,0.006389457848854363,0.09229815006256104,0.00028878223383799195,0.028878223383799195,0.31287976372468046,0.10307586193084717
SGCC,100,53,6,1.1881653543176323,0.21772108210479674,0.63,1.1068203449249268,6.597449100809172e-05,0.006597449100809172,0.16372771561145782,0.0003058984875679016,0.03058984875679016,0.18683366247766456,0.3741322457790375
SGCC,100,71,1,1.3675057209771255,0.17882967452843937,0.6699999999999999,1.2557694911956787,0.00010428246605442837,0.010428246605442837,0.06645398586988449,0.0003123912320006639,0.031239123200066388,0.4700865236470832,-0.47156983613967896
SGCC,100,71,2,1.1966926219134495,0.18377051135189906,0.71,1.2455334663391113,5.874676207895391e-05,0.005874676207895391,0.33530938625335693,0.00027785380370914936,0.027785380370914936,0.08286490480144369,-0.7458820939064026
SGCC,100,71,3,1.189603528072094,0.18577025399621258,0.6549999999999999,1.244248390197754,5.7353372540092096e-05,0.00573533725400921,0.3018559217453003,0.00028306202148087323,0.028306202148087323,0.09377388385963653,-0.7332341074943542
SGCC,100,71,4,1.1872721150003631,0.1915489026739719,0.7,1.2393248081207275,5.832362512592226e-05,0.005832362512592226,0.22015151381492615,0.0002902551495935768,0.02902551495935768,0.13184335849608755,-0.6775182485580444
SGCC,100,71,5,1.184498632776326,0.1934601489915321,0.735,1.2377256155014038,6.0614947869908065e-05,0.0060614947869908065,0.1318766325712204,0.0002953306247945875,0.02953306247945875,0.2239446208448591,-0.5348231196403503
SGCC,100,71,6,1.1821267358187972,0.2042316694908874,0.6749999999999999,1.2426016330718994,6.215651956154034e-05,0.0062156519561540335,0.27831315994262695,0.0002960909914691001,0.029609099146910012,0.10638770783607142,-0.4833698272705078
SGCC,100,71,7,1.1785031464593163,0.20155788699980853,0.6849999999999999,1.2425540685653687,5.7977758842753246e-05,0.005797775884275325,0.3106575310230255,0.00028276830562390387,0.028276830562390387,0.0910225175268471,-0.3756846785545349
SGCC,100,71,8,1.1755889972736095,0.20344827625426123,0.6549999999999999,1.2511922121047974,4.981737947673537e-05,0.004981737947673537,0.5607680678367615,0.0002609478251542896,0.02609478251542896,0.04653400222322413,-0.47813382744789124
SGCC,100,71,9,1.1756139705921043,0.19589496066397105,0.6799999999999999,1.2381914854049683,5.199195584282279e-05,0.005199195584282279,0.20501284301280975,0.00026995420921593904,0.026995420921593904,0.13167673071051045,-0.3242974877357483
SGCC,100,71,10,1.1744797013956925,0.19761657804920382,0.71,1.2378484010696411,4.9982827476924285e-05,0.0049982827476924285,0.21430151164531708,0.00026306850486434996,0.026306850486434996,0.12275625255492617,-0.3549807667732239
SGCC,100,89,1,1.374948345381638,0.1641784300550009,0.575,1.2906755208969116,0.00010242297139484435,0.010242297139484435,0.06859153509140015,0.000350705289747566,0.0350705289747566,0.5112952921672351,-0.682611882686615
SGCC,100,89,2,1.209620695689629,0.1718299259604424,0.7899999999999999,1.2536741495132446,8.310395787702873e-05,0.008310395787702873,0.06345807760953903,0.0003327254671603441,0.03327254671603441,0.5243232693048501,0.45348861813545227
SGCC,100,89,3,1.1909328842985218,0.17556924439720153,0.7549999999999999,1.2486016750335693,6.907226634211838e-05,0.006907226634211838,0.08898485451936722,0.00030638836324214935,0.030638836324214935,0.3443151813834399,-0.757170557975769
SGCC,100,89,4,1.1860985560663815,0.17752062481483516,0.6699999999999999,1.251183032989502,5.973462975816801e-05,0.005973462975816801,0.19271783530712128,0.0002854954218491912,0.02854954218491912,0.14814167116095747,-0.7569958567619324
SGCC,100,89,5,1.1841353876837368,0.1759411691705905,0.69,1.2485730648040771,5.6157976359827444e-05,0.005615797635982744,0.18207283318042755,0.00027904604212380946,0.027904604212380946,0.153260668958386,-0.7540120482444763
SGCC,100,89,6,1.1824179713068337,0.17803549219230314,0.74,1.242860198020935,5.700309338863008e-05,0.005700309338863008,0.09338647872209549,0.00028304842999204993,0.028304842999204993,0.30309358899200034,-0.6917389631271362
SGCC,100,89,7,1.1811515524469574,0.18211067699878458,0.73,1.2411046028137207,5.604871330433525e-05,0.005604871330433525,0.16761153936386108,0.0002812413440551609,0.028124134405516088,0.16779354519537312,-0.7550638318061829
SGCC,100,89,8,1.1789847458231038,0.18589701446045045,0.73,1.2366966009140015,5.887840598006733e-05,0.005887840598006733,0.18258428573608398,0.00029312088736332953,0.029312088736332953,0.16054004110026227,-0.7525113224983215
SGCC,100,89,9,1.1763025347528786,0.18556840385528633,0.74,1.2281877994537354,6.213258166098967e-05,0.006213258166098967,0.11364378780126572,0.0003039196599274874,0.030391965992748737,0.2674318287058208,-0.739456295967102
SGCC,100,89,10,1.1744189724839966,0.1842634060252145,0.7499999999999999,1.2233970165252686,6.343150016618893e-05,0.0063431500166188926,0.14600346982479095,0.00030776826315559447,0.030776826315559447,0.21079517050171936,-0.6471015810966492
SGCC,100,89,11,1.1720786999011863,0.18213204097897034,0.7499999999999999,1.223010540008545,6.0559708799701184e-05,0.006055970879970118,0.1351245641708374,0.00029855885077267885,0.029855885077267885,0.2209508334807372,-0.4364270865917206
SGCC,100,89,12,1.168802207913892,0.18105712067813692,0.7849999999999999,1.223602294921875,5.439728556666523e-05,0.005439728556666523,0.11745190620422363,0.00028287782333791256,0.028287782333791256,0.24084566396568208,-0.2529014050960541
SGCC,100,107,1,1.3218206804374169,0.22445604485538667,0.6399999999999999,1.2009100914001465,0.0001232888753293082,0.012328887532930821,0.048268452286720276,0.0003866731422021985,0.03866731422021985,0.8010887523497017,-0.39258214831352234
SGCC,100,107,2,1.2027606748301407,0.22211045673501423,0.7699999999999999,1.1846742630004883,7.668403850402683e-05,0.007668403850402683,0.014129803515970707,0.00031492815469391644,0.031492815469391644,2.228821896482551,-0.5549116134643555
SGCC,100,107,3,1.1938502346647197,0.22510294534230446,0.7749999999999999,1.1857733726501465,6.529936945298687e-05,0.006529936945298687,0.016692038625478745,0.00029021225054748356,0.029021225054748356,1.7386267612902795,0.17354291677474976
SGCC,100,107,4,1.1918215340581433,0.22411494379731237,0.7899999999999999,1.1846131086349487,6.323021807475016e-05,0.0063230218074750155,0.00979063380509615,0.0002849168376997113,0.028491683769971132,2.9100959485524673,-0.4002116620540619
SGCC,100,107,5,1.190945448546574,0.22185924988465075,0.7699999999999999,1.1864410638809204,5.729183612857014e-05,0.005729183612857014,0.07702107727527618,0.00027057682746089995,0.027057682746089995,0.3513023149414651,0.610029935836792
SGCC,100,107,6,1.19048921609747,0.22643716438295222,0.7549999999999999,1.18604576587677,5.105067975819111e-05,0.005105067975819111,0.09012230485677719,0.000253129139309749,0.0253129139309749,0.28087290900074413,-0.7303906679153442
SGCC,100,107,7,1.1880888897797157,0.22558409077696193,0.7849999999999999,1.1841859817504883,5.235122443991713e-05,0.005235122443991713,0.020317506045103073,0.00025942359934560955,0.025942359934560955,1.2768476542825287,-0.5728834867477417
SGCC,100,107,8,1.1874697640024383,0.22714657206749364,0.69,1.1840921640396118,5.067823440185748e-05,0.005067823440185748,0.047380052506923676,0.0002565618488006294,0.025656184880062938,0.5414976033704012,-0.638881266117096
SGCC,100,107,9,1.1855043244772945,0.22857753108631412,0.705,1.1813963651657104,5.2485393098322675e-05,0.0052485393098322675,0.02792508713901043,0.0002671654219739139,0.02671654219739139,0.9567218918385848,-0.7561826705932617
SGCC,100,107,10,1.183704318671391,0.22777204601847137,0.735,1.1748647689819336,6.014567770762369e-05,0.006014567770762369,0.05627109110355377,0.00029136743978597224,0.029136743978597224,0.5177924118261341,0.23057852685451508
SGCC,100,107,11,1.1799425832156478,0.2239968965571136,0.6649999999999999,1.1713001728057861,5.672339102602564e-05,0.005672339102602564,0.12221745401620865,0.0002783004892989993,0.02783004892989993,0.22770928386553585,-0.6588245034217834
SGCC,100,107,12,1.1776698077547139,0.22074491632686413,0.6799999999999999,1.1691548824310303,5.2817380492342636e-05,0.005281738049234264,0.12003958225250244,0.0002646501234266907,0.02646501234266907,0.22046904734306802,-0.6469442844390869
SGCC,100,107,13,1.177083003109899,0.2191821118969509,0.6699999999999999,1.1693885326385498,5.0541366363177076e-05,0.005054136636317708,0.15470415353775024,0.00025701787672005594,0.025701787672005594,0.16613508483296122,-0.49405181407928467
SGCC,100,131,1,1.3063058955916043,0.19100427074825965,0.615,1.22265625,8.585244358982891e-05,0.00858524435898289,0.03281380236148834,0.0002875849895644933,0.02875849895644933,0.8764147062152575,0.007542709819972515
SGCC,100,131,2,1.2020147411987698,0.19767503971492595,0.6499999999999999,1.221980333328247,5.670292739523575e-05,0.005670292739523575,0.191560298204422,0.0002524667652323842,0.02524667652323842,0.13179493224789532,0.7344893217086792
SGCC,100,131,3,1.1934504426758865,0.19484076566232353,0.6499999999999999,1.21553373336792,4.636602534446865e-05,0.004636602534446865,0.03718803822994232,0.00023116395459510386,0.023116395459510386,0.6216083601016089,-0.13864532113075256
SGCC,100,131,4,1.1919128339866112,0.19631388548284426,0.6649999999999999,1.2140551805496216,4.6679484512424096e-05,0.00466794845124241,0.048438284546136856,0.00023164894082583487,0.023164894082583487,0.47823522859318474,0.5717833638191223
SGCC,100,131,5,1.190842262629805,0.1996958659558776,0.69,1.2149296998977661,4.246245589456521e-05,0.004246245589456521,0.045322906225919724,0.00021972545073367655,0.021972545073367655,0.48480000297954795,0.18236969411373138
SGCC,100,131,6,1.1893458160860786,0.19994148185144456,0.69,1.2125627994537354,4.380753307486884e-05,0.004380753307486884,0.02776031196117401,0.00022345913748722523,0.022345913748722523,0.8049590285575988,-0.21564392745494843
SGCC,100,131,7,1.1889927263917595,0.19974036854849359,0.7,1.2153642177581787,4.271024590707384e-05,0.004271024590707384,0.08577264100313187,0.00021993054542690516,0.021993054542690516,0.2564110686750041,0.6200258135795593
SGCC,100,131,8,1.1873413427122708,0.2036459270491198,0.705,1.2124460935592651,4.333314427640289e-05,0.004333314427640289,0.03736557811498642,0.00022092198196332902,0.0220921981963329,0.5912446511157353,0.430259644985199
SGCC,100,131,9,1.1857547646966473,0.2007760863479794,0.6399999999999999,1.2132329940795898,4.045638706884347e-05,0.004045638706884347,0.11801695823669434,0.00021497368288692087,0.021497368288692087,0.18215490900534015,-0.6894224286079407
SGCC,100,131,10,1.186349122688688,0.20420540480759794,0.6599999999999999,1.2114405632019043,4.5731634600088e-05,0.0045731634600088,0.09442362189292908,0.00023668096400797367,0.023668096400797367,0.2506586373866872,-0.6397963166236877
SGCC,100,131,11,1.181974850851914,0.2014608097416516,0.585,1.2116214036941528,5.207632057135925e-05,0.005207632057135925,0.09924685209989548,0.00025645154528319836,0.025645154528319836,0.25839766184732066,0.6165372133255005
SGCC,100,131,12,1.178874810194147,0.20082083061920694,0.58,1.2099615335464478,5.098704059491865e-05,0.005098704059491865,0.09606027603149414,0.0002492470375727862,0.02492470375727862,0.259469416360066,0.6009136438369751
SGCC,100,131,13,1.1778838120657822,0.1959829322944956,0.6699999999999999,1.211872935295105,5.377541310735978e-05,0.005377541310735978,0.21142295002937317,0.0002535856037866324,0.025358560378663242,0.11994232591655804,0.5285265445709229
SGCC,100,131,14,1.1772165195695286,0.19967363065736668,0.595,1.2115391492843628,4.6130353439366445e-05,0.0046130353439366445,0.1427527666091919,0.0002308954281033948,0.02308954281033948,0.1617449760084211,0.6286147832870483
SGCC,100,149,1,1.3472474669588024,0.1729549360368266,0.5599999999999999,1.2415322065353394,0.00011860299855470657,0.011860299855470657,0.07448744773864746,0.0003002347075380385,0.03002347075380385,0.40306751896167214,-0.7234841585159302
SGCC,100,149,2,1.2100580540196648,0.17726000467171227,0.63,1.2155498266220093,6.231659790500998e-05,0.0062316597905009985,0.12220033258199692,0.00023353264259640127,0.023353264259640127,0.19110638871600447,-0.7551098465919495
SGCC,100,149,3,1.1928064864257286,0.18226555659966068,0.6,1.2112692594528198,5.4963315051281825e-05,0.0054963315051281825,0.117182157933712,0.00022914493456482887,0.022914493456482887,0.19554592491328956,-0.7992568016052246
SGCC,100,149,4,1.1905105257856434,0.18288643046114186,0.635,1.2072885036468506,5.516334204003215e-05,0.005516334204003215,0.05501888692378998,0.00023689000227022916,0.023689000227022916,0.4305612409032556,-0.6749457120895386
SGCC,100,149,5,1.1882803481200646,0.18642330905384127,0.635,1.2040961980819702,5.510393748409115e-05,0.005510393748409115,0.06639114767313004,0.00024030603526625782,0.024030603526625782,0.3619549347894689,-0.6751652359962463
SGCC,100,149,6,1.1869145549576858,0.18890081980401832,0.595,1.1998463869094849,5.666998913511634e-05,0.005666998913511634,0.16986967623233795,0.00024756573839113116,0.024756573839113116,0.14573862968486795,-0.8186637759208679
SGCC,100,149,7,1.1831426188863556,0.18254811788727895,0.6799999999999999,1.1873903274536133,6.999538891250268e-05,0.006999538891250268,0.22838832437992096,0.0002906509907916188,0.029065099079161882,0.12726175542499482,-0.7802075743675232
SGCC,100,149,8,1.1793419955105617,0.17987126975046497,0.735,1.1769535541534424,7.613314664922655e-05,0.007613314664922655,0.11339187622070312,0.0003177425533067435,0.03177425533067435,0.2802163293323565,-0.5205723643302917
SGCC,100,149,9,1.1781367659568787,0.17738086436793393,0.61,1.1784394979476929,7.090407598298043e-05,0.007090407598298043,0.1738390475511551,0.0003335889196023345,0.03335889196023345,0.19189527571713733,-0.7496927976608276
SGCC,100,149,10,1.1766823869327019,0.17677959115614597,0.59,1.184694766998291,5.5171789426822215e-05,0.0055171789426822215,0.21454964578151703,0.0002681401092559099,0.026814010925590992,0.12497811789862652,-0.8609998822212219
SGCC,100,173,1,1.438294544302184,0.19959015037753228,0.6449999999999999,1.186833143234253,0.00031327505712397397,0.0313275057123974,0.0655776634812355,0.0003538538294378668,0.03538538294378668,0.5395950551655734,-0.5312526822090149
SGCC,100,173,2,1.2084982086872231,0.1958216340731409,0.8099999999999999,1.164713978767395,6.70603767503053e-05,0.0067060376750305295,0.03345998004078865,0.0002711353008635342,0.02711353008635342,0.8103271446456713,-0.8453254103660583
SGCC,100,173,3,1.1939323462288955,0.20040134264794193,0.84,1.1621038913726807,5.749044066760689e-05,0.005749044066760689,0.06524255871772766,0.00025991033180616796,0.025991033180616796,0.3983754422181258,-0.8644976615905762
SGCC,100,173,4,1.1903538477831874,0.1964329934905914,0.83,1.161447525024414,5.430637611425482e-05,0.005430637611425482,0.13927006721496582,0.00025743991136550903,0.025743991136550903,0.18484941991745144,-0.8218119144439697
SGCC,100,173,5,1.1890100240707397,0.19831838073305208,0.845,1.1610209941864014,6.18266494711861e-05,0.00618266494711861,0.0737181007862091,0.0002887652372010052,0.028876523720100522,0.3917155137222774,-0.5734102129936218
SGCC,100,173,6,1.1864590953136314,0.19764796745892527,0.8799999999999999,1.1557111740112305,6.292833131738007e-05,0.006292833131738007,0.12285862118005753,0.00030022996361367404,0.030022996361367404,0.2443702857235122,0.5740710496902466
SGCC,100,173,7,1.1832630192411357,0.20012213475440083,0.8849999999999999,1.1622624397277832,7.844949141144753e-05,0.007844949141144753,0.3751815855503082,0.0003514977579470724,0.03514977579470724,0.0936873693924778,0.6760430335998535
UCI,0,11,1,0.6931025981903076,0.23782391693748445,0.4799999999999999,0.6932818293571472,0.006504140794277191,0.0,0.011457213200628757,0.0003819527628365904,0.0,0.0,-0.09484357386827469
UCI,0,11,2,0.6930323243141174,0.09523809523809523,0.48499999999999993,0.6928437948226929,0.006504364311695099,0.0,0.010914984159171581,0.00038355865399353206,0.0,0.0,-0.09897997975349426
UCI,0,11,3,0.6931082904338837,0.16682120232032635,0.48499999999999993,0.6924455165863037,0.006504598539322615,0.0,0.010443420149385929,0.0003852061345241964,0.0,0.0,-0.10430760681629181
UCI,0,11,4,0.6922418177127838,0.18411492357966466,0.48999999999999994,0.6920529007911682,0.0065048192627727985,0.0,0.00997836608439684,0.000387047475669533,0.0,0.0,-0.10943134129047394
UCI,0,11,5,0.6920688450336456,0.12531595371053228,0.48999999999999994,0.6916972398757935,0.006505110301077366,0.0,0.009579476900398731,0.0003888214414473623,0.0,0.0,-0.11559981107711792
UCI,0,11,6,0.6917873919010162,0.2484646732989441,0.49499999999999994,0.6913689970970154,0.006505387369543314,0.0,0.009233811870217323,0.0003906749770976603,0.0,0.0,-0.12242022156715393
UCI,0,11,7,0.6913314163684845,0.17323973216880925,0.49999999999999994,0.6910499930381775,0.0065056029707193375,0.0,0.008921152912080288,0.00039275610470212996,0.0,0.0,-0.1297634392976761
UCI,0,11,8,0.6908074915409088,0.2673939106929519,0.49999999999999994,0.6907749176025391,0.006506139412522316,0.0,0.008679957129061222,0.0003942798066418618,0.0,0.0,-0.13808022439479828
UCI,0,11,9,0.6903040707111359,0.19493925957690475,0.5049999999999999,0.690493643283844,0.00650661438703537,0.0,0.008447268977761269,0.0003959499881602824,0.0,0.0,-0.14630842208862305
UCI,0,11,10,0.6899549961090088,0.22011272658140596,0.5049999999999999,0.6902173757553101,0.006507033482193947,0.0,0.008251229301095009,0.0003978661261498928,0.0,0.0,-0.15469422936439514
UCI,0,11,11,0.6901770830154419,0.21645482913637396,0.5099999999999999,0.6899462938308716,0.006507471669465303,0.0,0.0080998744815588,0.000400004064431414,0.0,0.0,-0.16303548216819763
UCI,0,11,12,0.6896286308765411,0.22011272658140596,0.5099999999999999,0.6896867156028748,0.006507951766252518,0.0,0.00799608789384365,0.00040229863952845335,0.0,0.0,-0.17067350447177887
UCI,0,11,13,0.6900899112224579,0.21645482913637396,0.5149999999999999,0.6894267797470093,0.0065083554945886135,0.0,0.007931548170745373,0.00040492304833605886,0.0,0.0,-0.17696240544319153
UCI,0,11,14,0.6895817816257477,0.22086305214969307,0.5149999999999999,0.6891727447509766,0.006508675403892994,0.0,0.007918314076960087,0.00040785575401969254,0.0,0.0,-0.1814524233341217
UCI,0,11,15,0.6886640787124634,0.21645482913637396,0.5199999999999999,0.6889213919639587,0.006508897058665752,0.0,0.007958387024700642,0.0004110756563022733,0.0,0.0,-0.18390072882175446
UCI,0,11,16,0.6891892552375793,0.2684624220856097,0.5199999999999999,0.6886588335037231,0.006509222090244293,0.0,0.008008621633052826,0.00041446834802627563,0.0,0.0,-0.18406209349632263
UCI,0,11,17,0.6887484192848206,0.21645482913637396,0.5249999999999999,0.688389778137207,0.006509550381451845,0.0,0.008074651472270489,0.00041807437082752585,0.0,0.0,-0.18197007477283478
UCI,0,11,18,0.6886311769485474,0.21645482913637396,0.5249999999999999,0.6881122589111328,0.006509795784950256,0.0,0.008172573521733284,0.0004219273687340319,0.0,0.0,-0.1776648461818695
UCI,0,11,19,0.6874958574771881,0.25908195902003417,0.5249999999999999,0.6878249645233154,0.0065101273357868195,0.0,0.008252653293311596,0.0004258053086232394,0.0,0.0,-0.17163248360157013
UCI,0,11,20,0.6879602074623108,0.22086305214969307,0.5249999999999999,0.6875139474868774,0.006510341074317694,0.0,0.008353033103048801,0.0004300536238588393,0.0,0.0,-0.1629640907049179
UCI,0,11,21,0.6871205270290375,0.22011272658140596,0.5249999999999999,0.6871820688247681,0.006510633043944836,0.0,0.008420097641646862,0.00043428674689494073,0.0,0.0,-0.15236565470695496
UCI,0,11,22,0.6874061524868011,0.21645482913637396,0.5299999999999999,0.6868314743041992,0.006510661914944649,0.0,0.008516143076121807,0.0004388956294860691,0.0,0.0,-0.13927574455738068
UCI,0,11,23,0.6863280832767487,0.22715542521212734,0.5299999999999999,0.6864652633666992,0.0065102968364953995,0.0,0.00866365060210228,0.00044412113493308425,0.0,0.0,-0.1250898391008377
UCI,0,11,24,0.6868462264537811,0.2484646732989441,0.5299999999999999,0.6860764026641846,0.0065097021870315075,0.0,0.008807286620140076,0.0004496069741435349,0.0,0.0,-0.10977020859718323
UCI,0,23,1,0.6938134729862213,0.12704247025712678,0.5099999999999999,0.6932576298713684,0.005569018889218569,0.0,0.015032251365482807,0.0003991306002717465,0.0,0.0,-0.053119804710149765
UCI,0,23,2,0.6931601762771606,0.24112141108520604,0.5099999999999999,0.6928355097770691,0.005570014473050833,0.0,0.014436035417020321,0.0003991351695731282,0.0,0.0,-0.05119047313928604
UCI,0,23,3,0.6929702460765839,0.22808577638091165,0.5099999999999999,0.6924525499343872,0.005570586305111647,0.0,0.013960436917841434,0.00039999803993850946,0.0,0.0,-0.05385036766529083
UCI,0,23,4,0.6922568380832672,0.23099715105270544,0.5049999999999999,0.6920810341835022,0.005571631249040365,0.0,0.013517322018742561,0.0004003888461738825,0.0,0.0,-0.04991447553038597
UCI,0,23,5,0.6919179558753967,0.18576071235199634,0.5049999999999999,0.6917321085929871,0.005572284571826458,0.0,0.013154467567801476,0.0004016313760075718,0.0,0.0,-0.049531709402799606
UCI,0,23,6,0.6917068064212799,0.2358333153182891,0.49499999999999994,0.6913868188858032,0.005573096219450235,0.0,0.012820236384868622,0.0004029740230180323,0.0,0.0,-0.04619692265987396
UCI,0,23,7,0.691098541021347,0.24198422796860888,0.49999999999999994,0.6910560131072998,0.005573870148509741,0.0,0.012527692131698132,0.0004045997920911759,0.0,0.0,-0.041294436901807785
UCI,0,23,8,0.6911146938800812,0.21989091855183412,0.49999999999999994,0.6907294988632202,0.005574322771281004,0.0,0.01225624792277813,0.0004069807182531804,0.0,0.0,-0.03902542591094971
UCI,0,23,9,0.6911582052707672,0.2576735608413086,0.5049999999999999,0.6904178261756897,0.005574570037424564,0.0,0.012002456933259964,0.0004096666816622019,0.0,0.0,-0.037380483001470566
UCI,0,23,10,0.6904930770397186,0.27165268399721654,0.5049999999999999,0.6901211142539978,0.005574808456003666,0.0,0.011771325953304768,0.00041242726729251444,0.0,0.0,-0.03361068665981293
UCI,0,23,11,0.690557599067688,0.27431506742959905,0.49499999999999994,0.6898332834243774,0.005574789829552174,0.0,0.011533345095813274,0.00041560627869330347,0.0,0.0,-0.0334840789437294
UCI,0,23,12,0.6895038187503815,0.27165268399721654,0.5049999999999999,0.6895579099655151,0.0055749244056642056,0.0,0.011322692036628723,0.0004184868885204196,0.0,0.0,-0.02838810533285141
UCI,0,23,13,0.6893226206302643,0.2997004492513102,0.5049999999999999,0.6892739534378052,0.005575185175985098,0.0,0.011113760992884636,0.00042145390762016177,0.0,0.0,-0.018087713047862053
UCI,0,23,14,0.6893500089645386,0.2997004492513102,0.5049999999999999,0.6889830231666565,0.0055753132328391075,0.0,0.010902469046413898,0.00042470620246604085,0.0,0.0,-0.006371692288666964
UCI,0,23,15,0.6892822682857513,0.2997004492513102,0.5049999999999999,0.6886860728263855,0.005574781447649002,0.0,0.010633300058543682,0.0004289687203709036,0.0,0.0,-0.0070307282730937
UCI,0,23,16,0.6888851523399353,0.29236564320829667,0.5049999999999999,0.6883877515792847,0.005573613103479147,0.0,0.010301300324499607,0.0004341025196481496,0.0,0.0,-0.022955844178795815
UCI,0,23,17,0.688989669084549,0.27431506742959905,0.48999999999999994,0.6880909204483032,0.005572537891566753,0.0,0.00998010579496622,0.00043884944170713425,0.0,0.0,-0.033578917384147644
UCI,0,23,18,0.6876885294914246,0.2656844656620286,0.5099999999999999,0.6877965331077576,0.005571339745074511,0.0,0.009671972133219242,0.0004434572474565357,0.0,0.0,-0.043706655502319336
UCI,0,23,19,0.6876649260520935,0.2997004492513102,0.5099999999999999,0.6874881982803345,0.0055699823424220085,0.0,0.00932981912046671,0.00044822751078754663,0.0,0.0,-0.054197583347558975
UCI,0,23,20,0.6884401440620422,0.3104602102825332,0.5099999999999999,0.6871746778488159,0.0055685704573988914,0.0,0.008979476056993008,0.0004526826087385416,0.0,0.0,-0.06049222871661186
UCI,0,23,21,0.68717160820961,0.34141531479696996,0.5099999999999999,0.6868741512298584,0.005566604435443878,0.0,0.008633749559521675,0.00045757502084597945,0.0,0.0,-0.0865873247385025
UCI,0,23,22,0.6866814494132996,0.34141531479696996,0.5099999999999999,0.6865677237510681,0.00556414807215333,0.0,0.008319082669913769,0.00046288015437312424,0.0,0.0,-0.12819688022136688
UCI,0,23,23,0.6865473985671997,0.3267616012328021,0.5099999999999999,0.6862612366676331,0.00556134432554245,0.0,0.008077424019575119,0.0004683054576162249,0.0,0.0,-0.18212351202964783
UCI,0,23,24,0.6844753324985504,0.337099931231621,0.5099999999999999,0.6859676837921143,0.005559161305427551,0.0,0.00784992054104805,0.0004718270502053201,0.0,0.0,-0.20544996857643127
UCI,0,23,25,0.6846908032894135,0.337099931231621,0.5099999999999999,0.6856645345687866,0.005556502845138311,0.0,0.007656393572688103,0.00047563566477037966,0.0,0.0,-0.24037274718284607
UCI,0,23,26,0.6864432990550995,0.337099931231621,0.5099999999999999,0.6853580474853516,0.005553713999688625,0.0,0.007438459899276495,0.0004789159575011581,0.0,0.0,-0.2668246030807495
UCI,0,23,27,0.6846840977668762,0.34141531479696996,0.5149999999999999,0.6850764155387878,0.0055510359816253185,0.0,0.0073386565782129765,0.0004813433042727411,0.0,0.0,-0.2924535572528839
UCI,0,23,28,0.6849794387817383,0.35136418446315326,0.5149999999999999,0.6847995519638062,0.005547556560486555,0.0,0.007528535556048155,0.0004846923111472279,0.0,0.0,-0.34953296184539795
UCI,0,23,29,0.6841938495635986,0.35136418446315326,0.5149999999999999,0.6845294237136841,0.005544179584830999,0.0,0.007882005535066128,0.0004874056903645396,0.0,0.0,-0.39680033922195435
UCI,0,23,30,0.6827593445777893,0.3708099243547831,0.5099999999999999,0.6842435598373413,0.005541893187910318,0.0,0.00779614457860589,0.00048722702194936574,0.0,0.0,-0.3887718915939331
UCI,0,23,31,0.6858149766921997,0.3708099243547831,0.5099999999999999,0.683953046798706,0.005539739038795233,0.0,0.007551754824817181,0.0004861042252741754,0.0,0.0,-0.35903432965278625
UCI,0,23,32,0.6862085461616516,0.3803341794400215,0.5049999999999999,0.6836588382720947,0.005538956727832556,0.0,0.007137388456612825,0.0004824346979148686,0.0,0.0,-0.2694559693336487
UCI,0,23,33,0.6832485496997833,0.38644907980014026,0.49999999999999994,0.6833670139312744,0.005538511089980602,0.0,0.007139146793633699,0.00047951072338037193,0.0,0.0,-0.21682722866535187
UCI,0,23,34,0.6838548481464386,0.3897418814769785,0.5049999999999999,0.6830523610115051,0.0055383192375302315,0.0,0.007190299686044455,0.00047573979827575386,0.0,0.0,-0.1278405636548996
UCI,0,23,35,0.6823573708534241,0.39904344223381105,0.49999999999999994,0.6827234029769897,0.005538368131965399,0.0,0.007467036135494709,0.0004719790304079652,0.0,0.0,-0.039312705397605896
UCI,0,23,36,0.6845830082893372,0.3897418814769785,0.49999999999999994,0.682377278804779,0.005537973251193762,0.0,0.007886976934969425,0.00046931870747357607,0.0,0.0,0.021637970581650734
UCI,0,23,37,0.6812551319599152,0.39904344223381105,0.49499999999999994,0.6820195317268372,0.005538256373256445,0.0,0.008455384522676468,0.0004667504981625825,0.0,0.0,0.07377851754426956
UCI,0,23,38,0.680745005607605,0.39904344223381105,0.49499999999999994,0.6816344857215881,0.0055376687087118626,0.0,0.008748026564717293,0.00046670917072333395,0.0,0.0,0.0650961846113205
UCI,0,23,39,0.6814170181751251,0.39904344223381105,0.49499999999999994,0.6812107563018799,0.005535848438739777,0.0,0.008701642975211143,0.00046996495802886784,0.0,0.0,-0.015493089333176613
UCI,0,23,40,0.6809139251708984,0.39904344223381105,0.49499999999999994,0.6807664632797241,0.005533879157155752,0.0,0.008800630457699299,0.00047436958993785083,0.0,0.0,-0.11496931314468384
UCI,0,37,1,0.6962580680847168,0.10540925533894598,0.5499999999999999,0.695963978767395,0.003180308733135462,0.0,0.02374088205397129,0.0003265606355853379,0.0,0.0,-0.20163610577583313
UCI,0,37,2,0.6963755190372467,0.14907119849998599,0.5399999999999999,0.6950103044509888,0.0031800507567822933,0.0,0.022714702412486076,0.0003262412210460752,0.0,0.0,-0.21257275342941284
UCI,0,37,3,0.6948738694190979,0.16807316136320358,0.5449999999999999,0.6940991282463074,0.003179830266162753,0.0,0.02167920581996441,0.0003259489603806287,0.0,0.0,-0.2230963557958603
UCI,0,37,4,0.6942646205425262,0.16807316136320358,0.5449999999999999,0.6932360529899597,0.003179598832502961,0.0,0.02065969444811344,0.00032576205558143556,0.0,0.0,-0.23400668799877167
UCI,0,37,5,0.6937388777732849,0.2,0.5399999999999999,0.6924319863319397,0.00317935086786747,0.0,0.019659830257296562,0.0003256395284552127,0.0,0.0,-0.24533215165138245
UCI,0,37,6,0.6925553977489471,0.16807316136320358,0.5399999999999999,0.6916738152503967,0.003179078223183751,0.0,0.018654150888323784,0.00032561933039687574,0.0,0.0,-0.25678402185440063
UCI,0,37,7,0.6915078461170197,0.25362863675089403,0.5349999999999999,0.6909599304199219,0.003178767394274473,0.0,0.01764136552810669,0.00032577035017311573,0.0,0.0,-0.2685887813568115
UCI,0,37,8,0.6908657550811768,0.2,0.5349999999999999,0.6903015971183777,0.003178421640768647,0.0,0.01664673537015915,0.0003261184610892087,0.0,0.0,-0.2809508740901947
UCI,0,37,9,0.6897853314876556,0.16807316136320358,0.5349999999999999,0.6896883249282837,0.0031780158169567585,0.0,0.015661921352148056,0.0003267772844992578,0.0,0.0,-0.2936294376850128
UCI,0,37,10,0.6900300979614258,0.21442250696755896,0.5299999999999999,0.689132571220398,0.0031775403767824173,0.0,0.014741268940269947,0.00032771576661616564,0.0,0.0,-0.3069411814212799
UCI,0,37,11,0.6885529458522797,0.2,0.5299999999999999,0.6886451244354248,0.003176984377205372,0.0,0.013952414505183697,0.0003290023887529969,0.0,0.0,-0.32023942470550537
UCI,0,37,12,0.6881285607814789,0.24743582965269675,0.5249999999999999,0.6882114410400391,0.0031763913575559855,0.0,0.013336094096302986,0.00033058616099879146,0.0,0.0,-0.3333892226219177
UCI,0,37,13,0.6879543364048004,0.22808577638091165,0.5249999999999999,0.6878165602684021,0.003175681456923485,0.0,0.01291097141802311,0.00033263725345022976,0.0,0.0,-0.3453819155693054
UCI,0,37,14,0.6876831948757172,0.2,0.5249999999999999,0.6874682903289795,0.0031750102061778307,0.0,0.012733856216073036,0.00033495257957838476,0.0,0.0,-0.35533371567726135
UCI,0,37,15,0.6875371932983398,0.2,0.5249999999999999,0.6871559619903564,0.0031742241699248552,0.0,0.012859372422099113,0.0003378114488441497,0.0,0.0,-0.3620152175426483
UCI,0,53,1,0.701602578163147,0.0,0.05,0.7003090977668762,0.002548126270994544,0.0,0.027525989338755608,0.0002733919827733189,0.0,0.0,-0.11737103015184402
UCI,0,53,2,0.7005705535411835,0.0,0.05,0.6992225646972656,0.002548465272411704,0.0,0.026063621044158936,0.0002731186687014997,0.0,0.0,-0.13164657354354858
UCI,0,53,3,0.6994325816631317,0.0,0.05,0.6982133388519287,0.0025488685350865126,0.0,0.02476956881582737,0.00027292061713524163,0.0,0.0,-0.14326916635036469
UCI,0,53,4,0.6966053247451782,0.0,0.05,0.6972741484642029,0.002549320925027132,0.0,0.023609431460499763,0.00027287440025247633,0.0,0.0,-0.15515294671058655
UCI,0,53,5,0.6960057020187378,0.0,0.05,0.6964152455329895,0.0025497961323708296,0.0,0.022593235597014427,0.0002730258274823427,0.0,0.0,-0.16759008169174194
UCI,0,53,6,0.6964607834815979,0.18576071235199634,0.5399999999999999,0.6956139206886292,0.002550315810367465,0.0,0.021677695214748383,0.0002733639266807586,0.0,0.0,-0.1792934536933899
UCI,0,53,7,0.6940666437149048,0.0784735610658242,0.5349999999999999,0.6948584318161011,0.002550909062847495,0.0,0.020818909630179405,0.00027386267902329564,0.0,0.0,-0.18949706852436066
UCI,0,53,8,0.6955603063106537,0.18576071235199634,0.5349999999999999,0.6941642761230469,0.0025515167508274317,0.0,0.02005942538380623,0.00027457071701064706,0.0,0.0,-0.1995152086019516
UCI,0,53,9,0.6936891078948975,0.15900879764848913,0.5299999999999999,0.693468451499939,0.0025521875359117985,0.0,0.019305145367980003,0.00027552031679078937,0.0,0.0,-0.20847751200199127
UCI,0,53,10,0.6929378509521484,0.18576071235199634,0.5299999999999999,0.6927971243858337,0.0025528636761009693,0.0,0.018574127927422523,0.000276657723588869,0.0,0.0,-0.21627025306224823
UCI,0,53,11,0.6923985481262207,0.1294595556006309,0.5499999999999999,0.6921545267105103,0.0025535032618790865,0.0,0.01785154826939106,0.0002778975176624954,0.0,0.0,-0.22223907709121704
UCI,0,53,12,0.6922890841960907,0.17407765595569785,0.5249999999999999,0.6915165185928345,0.0025541128125041723,0.0,0.01709602028131485,0.0002793082967400551,0.0,0.0,-0.22660383582115173
UCI,0,53,13,0.6917348206043243,0.17232808737106584,0.5199999999999999,0.6909146904945374,0.0025546534452587366,0.0,0.016316836699843407,0.00028078435570932925,0.0,0.0,-0.228907972574234
UCI,0,53,14,0.6906820833683014,0.16222142113076254,0.5199999999999999,0.6903207302093506,0.0025551237631589174,0.0,0.015459131449460983,0.0002824257535394281,0.0,0.0,-0.22881898283958435
UCI,0,71,1,0.6950546205043793,0.0,0.05,0.6948875188827515,0.005937726236879826,0.0,0.021004529669880867,0.0004596768703777343,0.0,0.0,-0.08811508119106293
UCI,0,71,2,0.6948676407337189,0.0,0.05,0.6941903829574585,0.005938996560871601,0.0,0.01997191831469536,0.0004569902957882732,0.0,0.0,-0.08024629950523376
UCI,0,71,3,0.6941193640232086,0.0,0.05,0.6935176253318787,0.005940302275121212,0.0,0.018953876569867134,0.00045426806900650263,0.0,0.0,-0.06848175823688507
UCI,0,71,4,0.6932910084724426,0.13793431476706133,0.48499999999999993,0.6928731203079224,0.005941458977758884,0.0,0.01799904741346836,0.00045178987784311175,0.0,0.0,-0.055025551468133926
UCI,0,71,5,0.6926465332508087,0.1846372364689991,0.48999999999999994,0.6922695636749268,0.005942297168076038,0.0,0.017150187864899635,0.0004498820344451815,0.0,0.0,-0.04219226539134979
UCI,0,71,6,0.6918732523918152,0.18123858497615616,0.48999999999999994,0.6917180418968201,0.005942745599895716,0.0,0.016442326828837395,0.00044875554158352315,0.0,0.0,-0.031754471361637115
UCI,0,71,7,0.6916894614696503,0.22808577638091165,0.49499999999999994,0.6911991834640503,0.005942740943282843,0.0,0.015849506482481956,0.0004483570228330791,0.0,0.0,-0.025220811367034912
UCI,0,71,8,0.6912676692008972,0.17557911458287687,0.49499999999999994,0.6907065510749817,0.00594244385138154,0.0,0.015346372500061989,0.00044846077798865736,0.0,0.0,-0.019640740007162094
UCI,0,71,9,0.6905263662338257,0.22808577638091165,0.49999999999999994,0.690222978591919,0.005942038260400295,0.0,0.014902879483997822,0.0004486630205065012,0.0,0.0,-0.011419393122196198
UCI,0,71,10,0.690279632806778,0.28322059201851035,0.49999999999999994,0.6897520422935486,0.005941248964518309,0.0,0.014542236924171448,0.0004495102330110967,0.0,0.0,-0.005445690359920263
UCI,0,71,11,0.6897671222686768,0.22808577638091165,0.5049999999999999,0.6892870664596558,0.005940279457718134,0.0,0.01424700953066349,0.0004505320976022631,0.0,0.0,0.0029246830381453037
UCI,0,71,12,0.6890377402305603,0.2773500981126146,0.5049999999999999,0.688826322555542,0.005939109716564417,0.0,0.014033343642950058,0.0004517612687777728,0.0,0.0,0.014008591882884502
UCI,0,71,13,0.688918799161911,0.22808577638091165,0.5099999999999999,0.6883639097213745,0.00593764241784811,0.0,0.013911562971770763,0.00045328354462981224,0.0,0.0,0.02679186873137951
UCI,0,71,14,0.6885792016983032,0.2656844656620286,0.5099999999999999,0.6879007816314697,0.00593580212444067,0.0,0.013860187493264675,0.00045540512655861676,0.0,0.0,0.038923244923353195
UCI,0,71,15,0.688353955745697,0.22808577638091165,0.5149999999999999,0.6874348521232605,0.005933649837970734,0.0,0.013868212699890137,0.00045798823703080416,0.0,0.0,0.051736894994974136
UCI,0,71,16,0.6872809827327728,0.24112141108520604,0.5149999999999999,0.6869712471961975,0.005931296851485968,0.0,0.013926785439252853,0.0004608055460266769,0.0,0.0,0.06526312232017517
UCI,0,71,17,0.687142550945282,0.25362863675089403,0.5149999999999999,0.6864849925041199,0.005928605794906616,0.0,0.013937384821474552,0.00046415140968747437,0.0,0.0,0.07972259819507599
UCI,0,71,18,0.6860319077968597,0.28867513459481287,0.5149999999999999,0.6859883666038513,0.005925538018345833,0.0,0.014057987369596958,0.0004678825498558581,0.0,0.0,0.09709221869707108
UCI,0,71,19,0.6858757138252258,0.22808577638091165,0.5199999999999999,0.6854638457298279,0.005921890959143639,0.0,0.014233342371881008,0.00047231800272129476,0.0,0.0,0.11718916147947311
UCI,0,71,20,0.6834786534309387,0.24112141108520604,0.5199999999999999,0.6849309206008911,0.005917912814766169,0.0,0.014411961659789085,0.00047740127774886787,0.0,0.0,0.13844247162342072
UCI,0,71,21,0.6844276785850525,0.25362863675089403,0.5199999999999999,0.6843528151512146,0.00591312674805522,0.0,0.01466502994298935,0.0004836013540625572,0.0,0.0,0.16246305406093597
UCI,0,71,22,0.6833341419696808,0.2773500981126146,0.5199999999999999,0.6837546229362488,0.005907703191041946,0.0,0.015026045963168144,0.0004906708491034806,0.0,0.0,0.18688993155956268
UCI,0,71,23,0.6836312711238861,0.2773500981126146,0.5199999999999999,0.6831087470054626,0.0059014190919697285,0.0,0.015360960736870766,0.0004992368631064892,0.0,0.0,0.2133771777153015
UCI,0,71,24,0.6826717555522919,0.28867513459481287,0.5199999999999999,0.682443380355835,0.005894447211176157,0.0,0.015855466946959496,0.0005086662131361663,0.0,0.0,0.23743535578250885
UCI,0,71,25,0.6824741065502167,0.2997004492513102,0.5199999999999999,0.6817342042922974,0.005886652506887913,0.0,0.016127726063132286,0.0005198316648602486,0.0,0.0,0.2638581097126007
UCI,0,71,26,0.6820792257785797,0.2997004492513102,0.5199999999999999,0.6809936165809631,0.005877967923879623,0.0,0.016289416700601578,0.000532599980942905,0.0,0.0,0.28967466950416565
UCI,0,71,27,0.6813021004199982,0.28867513459481287,0.5199999999999999,0.6802218556404114,0.005868103355169296,0.0,0.01658330112695694,0.0005466850707307458,0.0,0.0,0.30984702706336975
UCI,0,71,28,0.6778633296489716,0.28322059201851035,0.5149999999999999,0.679450273513794,0.0058581167832016945,0.0,0.016439050436019897,0.0005613580578938127,0.0,0.0,0.3289857506752014
UCI,0,71,29,0.6762591600418091,0.2997004492513102,0.5149999999999999,0.6786824464797974,0.005847267806529999,0.0,0.0164365042001009,0.0005766578833572567,0.0,0.0,0.3354932963848114
UCI,0,71,30,0.6772059798240662,0.30338993810845893,0.5099999999999999,0.6779000163078308,0.005834805779159069,0.0,0.017099561169743538,0.0005930449697189033,0.0,0.0,0.3144935667514801
UCI,0,71,31,0.6776506006717682,0.3104602102825332,0.5099999999999999,0.6771451234817505,0.0058221518993377686,0.0,0.017143677920103073,0.0006097026052884758,0.0,0.0,0.28506016731262207
UCI,0,71,32,0.6769624650478363,0.30547686060781526,0.5049999999999999,0.6764459013938904,0.0058090160600841045,0.0,0.01882140524685383,0.000625520886387676,0.0,0.0,0.20648980140686035
UCI,0,71,33,0.6739148795604706,0.30547686060781526,0.49999999999999994,0.6757665872573853,0.005797163117676973,0.0,0.0191714596003294,0.0006395875243470073,0.0,0.0,0.13958433270454407
UCI,0,71,34,0.6739209592342377,0.3312945782245396,0.49499999999999994,0.6751091480255127,0.0057851169258356094,0.0,0.019666289910674095,0.0006530198152177036,0.0,0.0,0.055200789123773575
UCI,0,71,35,0.6773469746112823,0.3209833376209784,0.48999999999999994,0.6744579672813416,0.005774638615548611,0.0,0.01727808080613613,0.0006632358417846262,0.0,0.0,-0.0017910863971337676
UCI,0,71,36,0.6752528846263885,0.34141531479696996,0.4799999999999999,0.6738408803939819,0.005767603404819965,0.0,0.012205636128783226,0.0006665412802249193,0.0,0.0,-0.01496316958218813
UCI,0,71,37,0.6744587421417236,0.3312945782245396,0.4749999999999999,0.6732785105705261,0.00576150743290782,0.0,0.010373550467193127,0.0006675114273093641,0.0,0.0,-0.07239101082086563
UCI,0,71,38,0.6750759482383728,0.3312945782245396,0.4699999999999999,0.6727316975593567,0.005756485275924206,0.0,0.010808104649186134,0.0006670560105703771,0.0,0.0,-0.14951908588409424
UCI,0,71,39,0.6744513213634491,0.34141531479696996,0.4649999999999999,0.6721709966659546,0.005752964410930872,0.0,0.011752135120332241,0.0006645066314376891,0.0,0.0,-0.1756497323513031
UCI,0,71,40,0.6707332730293274,0.3246172270321178,0.4599999999999999,0.6715674996376038,0.005750895012170076,0.0,0.013427117839455605,0.000662680366076529,0.0,0.0,-0.17946283519268036
UCI,0,89,1,0.6918624341487885,0.16807316136320358,0.5099999999999999,0.6917654871940613,0.00563444709405303,0.0,0.011825745925307274,0.0004889665287919343,0.0,0.0,-0.1309552788734436
UCI,0,89,2,0.6921696066856384,0.16487498971248796,0.48999999999999994,0.6914921402931213,0.005636123940348625,0.0,0.01162109337747097,0.00048696529120206833,0.0,0.0,-0.14109815657138824
UCI,0,89,3,0.6916665434837341,0.1655211777204736,0.49999999999999994,0.691238522529602,0.0056365723721683025,0.0,0.011428073048591614,0.0004869303957093507,0.0,0.0,-0.16137316823005676
UCI,0,89,4,0.6910431981086731,0.1655211777204736,0.49999999999999994,0.6909886598587036,0.005637227091938257,0.0,0.011260098777711391,0.00048705682274885476,0.0,0.0,-0.17990612983703613
UCI,0,89,5,0.6910099387168884,0.1709786436730771,0.49999999999999994,0.6907291412353516,0.0056377905420959,0.0,0.011089322157204151,0.00048804149264469743,0.0,0.0,-0.19969090819358826
UCI,0,89,6,0.6901182234287262,0.1846372364689991,0.5249999999999999,0.6904758810997009,0.005639059003442526,0.0,0.010953785851597786,0.0004879967891611159,0.0,0.0,-0.21223756670951843
UCI,0,89,7,0.6907661557197571,0.175919798853417,0.48499999999999993,0.6902078986167908,0.005640518851578236,0.0,0.010812093503773212,0.000487962068291381,0.0,0.0,-0.22374072670936584
UCI,0,89,8,0.6899287104606628,0.1655211777204736,0.5049999999999999,0.689943253993988,0.005641773343086243,0.0,0.010687864385545254,0.0004882875364273787,0.0,0.0,-0.2367294579744339
UCI,0,89,9,0.6899187862873077,0.1846372364689991,0.5349999999999999,0.6896664500236511,0.005643065553158522,0.0,0.010563813149929047,0.00048881396651268,0.0,0.0,-0.24966488778591156
UCI,0,89,10,0.6893194615840912,0.22587697572631282,0.4799999999999999,0.6893841624259949,0.005644362419843674,0.0,0.010453409515321255,0.0004894464509561658,0.0,0.0,-0.262142151594162
UCI,0,89,11,0.6891912221908569,0.18699392279626206,0.4799999999999999,0.6890933513641357,0.005645691882818937,0.0,0.010337417013943195,0.0004903039080090821,0.0,0.0,-0.27336958050727844
UCI,0,89,12,0.6897619962692261,0.1892583246525563,0.5049999999999999,0.6887972354888916,0.005646762903779745,0.0,0.01022795494645834,0.0004915815661661327,0.0,0.0,-0.28653061389923096
UCI,0,89,13,0.688647598028183,0.20085883379503597,0.5049999999999999,0.6885064244270325,0.0056479196064174175,0.0,0.0101468525826931,0.0004925948451273143,0.0,0.0,-0.2965855002403259
UCI,0,89,14,0.6874123513698578,0.23280223035107195,0.4749999999999999,0.6882124543190002,0.005648922175168991,0.0,0.010071832686662674,0.0004938755882903934,0.0,0.0,-0.30680978298187256
UCI,0,89,15,0.6886573731899261,0.19728305039201205,0.5049999999999999,0.6878958344459534,0.005649983417242765,0.0,0.00998337659984827,0.0004953285679221153,0.0,0.0,-0.3156431317329407
UCI,0,89,16,0.6886840760707855,0.19728305039201205,0.5049999999999999,0.6875787377357483,0.0056511880829930305,0.0,0.009908023290336132,0.0004963901592418551,0.0,0.0,-0.32011011242866516
UCI,0,89,17,0.6874679327011108,0.23280223035107195,0.4699999999999999,0.6872630715370178,0.005652087274938822,0.0,0.009851605631411076,0.000497679109685123,0.0,0.0,-0.32558977603912354
UCI,0,89,18,0.6865554451942444,0.20085883379503597,0.5099999999999999,0.6869324445724487,0.005652774125337601,0.0,0.009801953099668026,0.0004991680034436285,0.0,0.0,-0.33115971088409424
UCI,0,89,19,0.6874896585941315,0.20478889182363452,0.5199999999999999,0.6865847110748291,0.005653508938848972,0.0,0.00971965305507183,0.0005006015417166054,0.0,0.0,-0.333354651927948
UCI,0,89,20,0.6871480047702789,0.2316661873125233,0.4649999999999999,0.686227560043335,0.005653964355587959,0.0,0.009658725932240486,0.0005020088865421712,0.0,0.0,-0.3349097967147827
UCI,0,89,21,0.6859065294265747,0.20085883379503597,0.5099999999999999,0.6858584880828857,0.005654536187648773,0.0,0.009591479785740376,0.0005026612780056894,0.0,0.0,-0.32888665795326233
UCI,0,89,22,0.685314953327179,0.23280223035107195,0.4599999999999999,0.6854760646820068,0.005654796026647091,0.0,0.009506273083388805,0.0005034959758631885,0.0,0.0,-0.32288840413093567
UCI,0,107,1,0.696399062871933,0.0,0.05,0.6959210634231567,0.004356957506388426,0.0,0.016831813380122185,0.0004371189570520073,0.0,0.0,0.1330638974905014
UCI,0,107,2,0.6962787210941315,0.0,0.05,0.6952494382858276,0.004355084616690874,0.0,0.01593494787812233,0.00043614429887384176,0.0,0.0,0.11659608781337738
UCI,0,107,3,0.6952643692493439,0.0,0.05,0.6946215033531189,0.004353269934654236,0.0,0.015126549638807774,0.0004355386190582067,0.0,0.0,0.09851089119911194
UCI,0,107,4,0.6948106288909912,0.0,0.05,0.6940374970436096,0.004351555369794369,0.0,0.014476449228823185,0.00043537895544432104,0.0,0.0,0.07689269632101059
UCI,0,107,5,0.6935052871704102,0.1846372364689991,0.48499999999999993,0.6934959888458252,0.0043499465100467205,0.0,0.013929955661296844,0.00043584697414189577,0.0,0.0,0.053377289324998856
UCI,0,107,6,0.6935728192329407,0.186858321674153,0.48499999999999993,0.6929854154586792,0.00434857327491045,0.0,0.0135214077308774,0.0004365768691059202,0.0,0.0,0.02560228481888771
UCI,0,107,7,0.6927311420440674,0.17323973216880925,0.48999999999999994,0.692497968673706,0.004347383510321379,0.0,0.013197948224842548,0.0004377384320832789,0.0,0.0,-0.004915612284094095
UCI,0,107,8,0.6923164427280426,0.14595127662315596,0.48999999999999994,0.6920303702354431,0.004346484784036875,0.0,0.0129707595333457,0.00043915113201364875,0.0,0.0,-0.038190677762031555
UCI,0,107,9,0.6919727325439453,0.19781414201873612,0.49499999999999994,0.691566526889801,0.004345857072621584,0.0,0.012814415618777275,0.00044086427078582346,0.0,0.0,-0.07406653463840485
UCI,0,107,10,0.6913667917251587,0.19367011027991354,0.49999999999999994,0.6911137700080872,0.004345539957284927,0.0,0.012726874090731144,0.00044272179366089404,0.0,0.0,-0.11122503131628036
UCI,0,107,11,0.6907639503479004,0.17897494805707315,0.49999999999999994,0.6906721591949463,0.0043456475250422955,0.0,0.012711339630186558,0.0004444743972271681,0.0,0.0,-0.1477990597486496
UCI,0,107,12,0.6905142962932587,0.21063058936525558,0.5049999999999999,0.6902150511741638,0.004346026107668877,0.0,0.012735606171190739,0.00044644487206824124,0.0,0.0,-0.18507233262062073
UCI,0,107,13,0.6900557279586792,0.19367011027991354,0.5099999999999999,0.6897503733634949,0.004346806090325117,0.0,0.012812991626560688,0.00044825251097790897,0.0,0.0,-0.22037525475025177
UCI,0,107,14,0.6902794539928436,0.1846372364689991,0.5449999999999999,0.6892715096473694,0.004347828216850758,0.0,0.012923359870910645,0.00045002560364082456,0.0,0.0,-0.2541066110134125
UCI,0,107,15,0.688540130853653,0.2044398826909146,0.5149999999999999,0.688792884349823,0.004349139519035816,0.0,0.013085062615573406,0.00045147485798224807,0.0,0.0,-0.2835611402988434
UCI,0,107,16,0.6879861056804657,0.19781414201873612,0.5149999999999999,0.6882835626602173,0.004350730683654547,0.0,0.01326606422662735,0.00045262338244356215,0.0,0.0,-0.30937278270721436
UCI,0,107,17,0.6883407831192017,0.23655309301829208,0.5199999999999999,0.6877323389053345,0.004352566320449114,0.0,0.013473225757479668,0.0004534581385087222,0.0,0.0,-0.3310305178165436
UCI,0,107,18,0.6881848573684692,0.2087912087912088,0.5199999999999999,0.6871534585952759,0.004354556556791067,0.0,0.013720540329813957,0.0004538373032119125,0.0,0.0,-0.34645316004753113
UCI,0,107,19,0.6875090003013611,0.23280223035107195,0.5249999999999999,0.6865509748458862,0.0043566348031163216,0.0,0.014012463390827179,0.0004537491768132895,0.0,0.0,-0.35459765791893005
UCI,0,107,20,0.6849774718284607,0.21517402008629544,0.5299999999999999,0.6859235763549805,0.004358844831585884,0.0,0.014318778179585934,0.0004532296734396368,0.0,0.0,-0.3554740846157074
UCI,0,107,21,0.6854959428310394,0.2557925102245004,0.5299999999999999,0.6852368712425232,0.004361015744507313,0.0,0.014731188304722309,0.0004525704716797918,0.0,0.0,-0.34862977266311646
UCI,0,107,22,0.6840122640132904,0.21517402008629544,0.5349999999999999,0.6845030188560486,0.004363202024251223,0.0,0.015205586329102516,0.0004517614434007555,0.0,0.0,-0.33463022112846375
UCI,0,107,23,0.6849687099456787,0.25784170064485096,0.5349999999999999,0.6837203502655029,0.004365207627415657,0.0,0.015956168994307518,0.00045103623415343463,0.0,0.0,-0.3119892179965973
UCI,0,107,24,0.6846183836460114,0.2664693550105965,0.5349999999999999,0.6828852891921997,0.004367203451693058,0.0,0.016734149307012558,0.0004503524396568537,0.0,0.0,-0.2860170900821686
UCI,0,107,25,0.6831471621990204,0.2542872819425528,0.5349999999999999,0.6820031404495239,0.004369013011455536,0.0,0.017755940556526184,0.0004499326751101762,0.0,0.0,-0.2576919198036194
UCI,0,107,26,0.6819396018981934,0.2429493573646624,0.5349999999999999,0.6810576915740967,0.004370625596493483,0.0,0.019042521715164185,0.0004496641631703824,0.0,0.0,-0.22760087251663208
UCI,0,107,27,0.6794869005680084,0.2472066162365221,0.5399999999999999,0.6800587773323059,0.004371849820017815,0.0,0.02104177512228489,0.0004496574401855469,0.0,0.0,-0.19691753387451172
UCI,0,107,28,0.6800487339496613,0.2542872819425528,0.5349999999999999,0.6789467334747314,0.004372827708721161,0.0,0.02355560101568699,0.0004498148337006569,0.0,0.0,-0.16927461326122284
UCI,0,107,29,0.6768189072608948,0.2684624220856097,0.5349999999999999,0.6777276396751404,0.004373900126665831,0.0,0.025339752435684204,0.0004500405630096793,0.0,0.0,-0.1499132215976715
UCI,0,107,30,0.6787839829921722,0.2650356625796317,0.5299999999999999,0.6763936281204224,0.004374480340629816,0.0,0.02809937298297882,0.00045060316915623844,0.0,0.0,-0.1357407569885254
UCI,0,107,31,0.6766914427280426,0.25784170064485096,0.5299999999999999,0.674875795841217,0.004375223536044359,0.0,0.029440227895975113,0.0004513334424700588,0.0,0.0,-0.12668967247009277
UCI,0,107,32,0.6756888031959534,0.27639921950277474,0.5199999999999999,0.6731749176979065,0.004375958349555731,0.0,0.02953423745930195,0.0004523285024333745,0.0,0.0,-0.11938067525625229
UCI,0,107,33,0.6715317070484161,0.2684624220856097,0.5149999999999999,0.6712941527366638,0.0043766493909060955,0.0,0.028504613786935806,0.0004536574997473508,0.0,0.0,-0.1098424568772316
UCI,0,107,34,0.6699554622173309,0.2684624220856097,0.5099999999999999,0.6692091822624207,0.004376634024083614,0.0,0.028549760580062866,0.00045618368312716484,0.0,0.0,-0.09714305400848389
UCI,0,107,35,0.6687843799591064,0.2484646732989441,0.5199999999999999,0.6668838262557983,0.004376158118247986,0.0,0.028921347111463547,0.000459890638012439,0.0,0.0,-0.06762456893920898
UCI,0,107,36,0.6654514372348785,0.2650356625796317,0.49499999999999994,0.6642382144927979,0.004374559503048658,0.0,0.030792295932769775,0.00046691292664036155,0.0,0.0,-0.048435259610414505
UCI,0,107,37,0.6647240221500397,0.2472066162365221,0.49499999999999994,0.6612511873245239,0.004371700342744589,0.0,0.03468428552150726,0.00047908848500810564,0.0,0.0,-0.10479607433080673
UCI,0,107,38,0.6614970266819,0.2472066162365221,0.48999999999999994,0.6579485535621643,0.004369089845567942,0.0,0.034992385655641556,0.0004866619419772178,0.0,0.0,-0.041285280138254166
UCI,0,107,39,0.6569164395332336,0.2790727860929738,0.48499999999999993,0.6543448567390442,0.004365171305835247,0.0,0.03708653524518013,0.0004987199790775776,0.0,0.0,-0.09171167016029358
UCI,0,107,40,0.6543788313865662,0.2472066162365221,0.48499999999999993,0.6505757570266724,0.004360159859061241,0.0,0.058257441967725754,0.0005251959664747119,0.0,0.0,-0.38545915484428406
UCI,0,131,1,0.6964280009269714,0.03316790634033297,0.4599999999999999,0.6957388520240784,0.003083885880187154,0.0,0.019468093290925026,0.0003179255872964859,0.0,0.0,0.01053196657449007
UCI,0,131,2,0.695888489484787,0.09899678265684461,0.4599999999999999,0.6949453353881836,0.003083724295720458,0.0,0.01853795349597931,0.00031857998692430556,0.0,0.0,-0.012826548889279366
UCI,0,131,3,0.6942181289196014,0.10994987428338562,0.4599999999999999,0.6942125558853149,0.003083641640841961,0.0,0.017660614103078842,0.0003194399469066411,0.0,0.0,-0.03648398816585541
UCI,0,131,4,0.6946413815021515,0.14990633779917228,0.48499999999999993,0.693538248538971,0.003083715680986643,0.0,0.01685749739408493,0.0003205847169738263,0.0,0.0,-0.06024938449263573
UCI,0,131,5,0.6937792301177979,0.1846372364689991,0.48999999999999994,0.692880392074585,0.0030839405953884125,0.0,0.016064565628767014,0.0003220667131245136,0.0,0.0,-0.08497753739356995
UCI,0,131,6,0.6933112144470215,0.09899678265684461,0.4649999999999999,0.6922467350959778,0.0030843373388051987,0.0,0.015298712998628616,0.0003238686185795814,0.0,0.0,-0.11121858656406403
UCI,0,131,7,0.6917611658573151,0.10994987428338562,0.4649999999999999,0.6916261911392212,0.0030848851893097162,0.0,0.014538299292325974,0.00032600053236819804,0.0,0.0,-0.13935573399066925
UCI,0,131,8,0.6924577355384827,0.16807316136320358,0.5099999999999999,0.6910361051559448,0.0030855906661599874,0.0,0.013828218914568424,0.0003284170525148511,0.0,0.0,-0.1689390242099762
UCI,0,131,9,0.6908009946346283,0.2,0.5149999999999999,0.690460205078125,0.0030863911379128695,0.0,0.013118780218064785,0.0003311328182462603,0.0,0.0,-0.2006271630525589
UCI,0,131,10,0.6900467872619629,0.14808721943977307,0.49999999999999994,0.6899195313453674,0.0030873059295117855,0.0,0.012462425976991653,0.00033395859645679593,0.0,0.0,-0.2336859256029129
UCI,0,131,11,0.6898611783981323,0.16807316136320358,0.5299999999999999,0.6894190907478333,0.0030883336439728737,0.0,0.01189490221440792,0.0003368555335327983,0.0,0.0,-0.2662489414215088
UCI,0,131,12,0.6889944672584534,0.1846372364689991,0.5349999999999999,0.6889218091964722,0.0030894367955625057,0.0,0.011347422376275063,0.00034001137828454375,0.0,0.0,-0.3001638650894165
UCI,0,131,13,0.6893372535705566,0.14990633779917228,0.5449999999999999,0.6884344816207886,0.003090601647272706,0.0,0.010834631510078907,0.0003432910016272217,0.0,0.0,-0.3342384099960327
UCI,0,131,14,0.6891675591468811,0.1846372364689991,0.5499999999999999,0.6879651546478271,0.0030917669646441936,0.0,0.010384473018348217,0.00034661151585169137,0.0,0.0,-0.3673592209815979
UCI,0,131,15,0.6882431209087372,0.16807316136320358,0.5599999999999999,0.6875022053718567,0.003092894097790122,0.0,0.009993785060942173,0.0003500562743283808,0.0,0.0,-0.3997431993484497
UCI,0,131,16,0.6872068345546722,0.12090832578915783,0.4699999999999999,0.6870532631874084,0.003094021463766694,0.0,0.00971814151853323,0.00035341843613423407,0.0,0.0,-0.4269588589668274
UCI,0,131,17,0.6877689957618713,0.1846372364689991,0.575,0.6866194009780884,0.003095175139605999,0.0,0.009581981226801872,0.00035645850584842265,0.0,0.0,-0.4444938004016876
UCI,0,149,1,0.6929083466529846,0.16993235521110622,0.5149999999999999,0.6922990083694458,0.004399395082145929,0.0,0.015830863267183304,0.00040423398604616523,0.0,0.0,-0.26909753680229187
UCI,0,149,2,0.691578209400177,0.10768601458875716,0.5299999999999999,0.6917353272438049,0.0044008418917655945,0.0,0.015516718849539757,0.00040341311250813305,0.0,0.0,-0.2848776876926422
UCI,0,149,3,0.6913411021232605,0.17740004829626463,0.5449999999999999,0.6912143230438232,0.004401966463774443,0.0,0.01527058519423008,0.00040253973565995693,0.0,0.0,-0.3007832169532776
UCI,0,149,4,0.6908789575099945,0.16807316136320358,0.5499999999999999,0.6906806230545044,0.004403219558298588,0.0,0.015032305382192135,0.0004016467137262225,0.0,0.0,-0.315717875957489
UCI,0,149,5,0.6897653341293335,0.14149998919097348,0.5299999999999999,0.6901604533195496,0.0044044977985322475,0.0,0.014821232296526432,0.0004008407413493842,0.0,0.0,-0.3292662501335144
UCI,0,149,6,0.6896940171718597,0.1649572197684645,0.5549999999999999,0.6896589994430542,0.00440559908747673,0.0,0.014666707254946232,0.00040007734787650406,0.0,0.0,-0.3421739339828491
UCI,0,149,7,0.6890274584293365,0.17712297710801905,0.5599999999999999,0.689174234867096,0.004406563937664032,0.0,0.014563468284904957,0.00039939102134667337,0.0,0.0,-0.3535749018192291
UCI,0,149,8,0.6887606382369995,0.17740004829626463,0.565,0.688683271408081,0.004407480824738741,0.0,0.014490567147731781,0.00039875644142739475,0.0,0.0,-0.36294928193092346
UCI,0,149,9,0.6887964308261871,0.17740004829626463,0.57,0.6881800889968872,0.004408368840813637,0.0,0.014446846209466457,0.00039816737989895046,0.0,0.0,-0.36967724561691284
UCI,0,149,10,0.6883970499038696,0.17740004829626463,0.575,0.6876567006111145,0.004409321118146181,0.0,0.014413764700293541,0.0003976625157520175,0.0,0.0,-0.37274083495140076
UCI,0,149,11,0.687840610742569,0.17712297710801905,0.58,0.6871249675750732,0.004410183522850275,0.0,0.0144142871722579,0.0003972231934312731,0.0,0.0,-0.37237119674682617
UCI,0,173,1,0.6960011124610901,0.10540925533894598,0.5399999999999999,0.6953429579734802,0.006552559323608875,0.0,0.019429434090852737,0.0004975294577889144,0.0,0.0,0.23674161732196808
UCI,0,173,2,0.6962624490261078,0.10540925533894598,0.5399999999999999,0.6948267221450806,0.006549804005771875,0.0,0.018681839108467102,0.0005000464734621346,0.0,0.0,0.23558177053928375
UCI,0,173,3,0.6941733360290527,0.3312945782245396,0.5349999999999999,0.6943212151527405,0.006546840071678162,0.0,0.017990730702877045,0.0005033922498114407,0.0,0.0,0.2359965443611145
UCI,0,173,4,0.6946268677711487,0.3104602102825332,0.5349999999999999,0.6938490271568298,0.006543970201164484,0.0,0.01738528534770012,0.0005069521139375865,0.0,0.0,0.2362947016954422
UCI,0,173,5,0.6941052079200745,0.2773500981126146,0.5349999999999999,0.6933913826942444,0.00654097693040967,0.0,0.016822628676891327,0.0005113717634230852,0.0,0.0,0.23688946664333344
UCI,0,173,6,0.6936953663825989,0.2656844656620286,0.5349999999999999,0.6929402947425842,0.006537905894219875,0.0,0.016299745067954063,0.0005164933390915394,0.0,0.0,0.23760618269443512
UCI,0,173,7,0.6920539736747742,0.34141531479696996,0.5299999999999999,0.692503809928894,0.006534786894917488,0.0,0.015812261030077934,0.000522350484970957,0.0,0.0,0.23811094462871552
UCI,0,173,8,0.6930883824825287,0.3209833376209784,0.5299999999999999,0.6920946836471558,0.006531889084726572,0.0,0.015384924598038197,0.0005279702600091696,0.0,0.0,0.237891286611557
UCI,0,173,9,0.6925757527351379,0.3104602102825332,0.5299999999999999,0.6917057037353516,0.006528903264552355,0.0,0.014977608807384968,0.0005344694363884628,0.0,0.0,0.23729275166988373
UCI,0,173,10,0.691935122013092,0.35136418446315326,0.5249999999999999,0.6913203001022339,0.006525805685669184,0.0,0.014584798365831375,0.0005418989458121359,0.0,0.0,0.2362842559814453
UCI,0,173,11,0.6910776793956757,0.35136418446315326,0.5249999999999999,0.6909288167953491,0.006522500887513161,0.0,0.014193378388881683,0.0005504380096681416,0.0,0.0,0.2347736358642578
UCI,0,173,12,0.6909158825874329,0.3209833376209784,0.5249999999999999,0.6905397176742554,0.006519125774502754,0.0,0.013811013661324978,0.0005596469272859395,0.0,0.0,0.23308034241199493
UCI,0,173,13,0.690216451883316,0.3209833376209784,0.5249999999999999,0.6901630163192749,0.006515699904412031,0.0,0.013435049913823605,0.0005695097497664392,0.0,0.0,0.23096230626106262
UCI,0,173,14,0.6904776692390442,0.36115755925730764,0.5199999999999999,0.6897804737091064,0.006512037944048643,0.0,0.013040724210441113,0.0005804465035907924,0.0,0.0,0.22812288999557495
UCI,0,173,15,0.689973384141922,0.35136418446315326,0.5199999999999999,0.6894127726554871,0.006508333142846823,0.0,0.012645389884710312,0.0005918582319281995,0.0,0.0,0.22457656264305115
UCI,0,173,16,0.6886543035507202,0.36115755925730764,0.5149999999999999,0.6890461444854736,0.006504246033728123,0.0,0.012214147485792637,0.000604797329287976,0.0,0.0,0.21881745755672455
UCI,0,173,17,0.6879443228244781,0.36115755925730764,0.5149999999999999,0.688684344291687,0.006500165909528732,0.0,0.0117652527987957,0.0006178924813866615,0.0,0.0,0.21196848154067993
UCI,0,173,18,0.688843846321106,0.36115755925730764,0.5149999999999999,0.6883524656295776,0.006497147958725691,0.0,0.011391201056540012,0.0006282359827309847,0.0,0.0,0.21158944070339203
UCI,0,173,19,0.6888587176799774,0.36115755925730764,0.5149999999999999,0.6880103349685669,0.006493324879556894,0.0,0.010932515375316143,0.0006410925416275859,0.0,0.0,0.20775191485881805
UCI,0,173,20,0.6878342628479004,0.36115755925730764,0.5099999999999999,0.68767249584198,0.006488990969955921,0.0,0.010414902120828629,0.0006556222215294838,0.0,0.0,0.19924120604991913
UCI,0,173,21,0.6870358884334564,0.36115755925730764,0.5099999999999999,0.6873506903648376,0.00648494390770793,0.0,0.00990238506346941,0.0006694436888210475,0.0,0.0,0.19138482213020325
UCI,0,173,22,0.6862723529338837,0.36115755925730764,0.5099999999999999,0.6870208978652954,0.006479858886450529,0.0,0.009276931174099445,0.0006864261231385171,0.0,0.0,0.17186421155929565
UCI,0.000001,11,1,0.6931025981903076,0.23782391693748445,0.4799999999999999,0.6932818293571472,0.006358994171023369,6.358994171023368e-09,0.011457212269306183,0.0003759899118449539,3.759899118449539e-10,3.281687578157464e-08,-0.09545131027698517
UCI,0.000001,11,2,0.6930323243141174,0.09523809523809523,0.48499999999999993,0.6928437948226929,0.006217132322490215,6.217132322490215e-09,0.010914984159171581,0.00037175239413045347,3.7175239413045347e-10,3.405890367858019e-08,-0.10095828026533127
UCI,0.000001,11,3,0.6931082904338837,0.16682120232032635,0.48499999999999993,0.6924455165863037,0.006078346166759729,6.078346166759729e-09,0.010443422012031078,0.000367675005691126,3.67675005691126e-10,3.5206372515403035e-08,-0.10844116657972336
UCI,0.000001,11,4,0.6922418177127838,0.18411492357966466,0.48999999999999994,0.6920529007911682,0.005942628253251314,5.942628253251314e-09,0.00997836608439684,0.00036389686283655465,3.6389686283655465e-10,3.646858210640115e-08,-0.11659571528434753
UCI,0.000001,11,5,0.6920688450336456,0.12531595371053228,0.48999999999999994,0.6916972398757935,0.005810056813061237,5.810056813061237e-09,0.009579476900398731,0.0003601751523092389,3.6017515230923887e-10,3.759862423116727e-08,-0.12662099301815033
UCI,0.000001,11,6,0.6917873620986938,0.2484646732989441,0.49499999999999994,0.6913689970970154,0.005680552683770657,5.680552683770656e-09,0.009233811870217323,0.00035664631286635995,3.566463128663599e-10,3.8623952694627084e-08,-0.13810086250305176
UCI,0.000001,11,7,0.6913314461708069,0.17323973216880925,0.49999999999999994,0.6910499930381775,0.005554072093218565,5.554072093218564e-09,0.008921152912080288,0.0003534296411089599,3.534296411089599e-10,3.96170365637803e-08,-0.1509837955236435
UCI,0.000001,11,8,0.6908074915409088,0.2673939106929519,0.49999999999999994,0.6907749176025391,0.005430902354419231,5.430902354419231e-09,0.008679957129061222,0.00034989911364391446,3.4989911364391446e-10,4.031115689182646e-08,-0.16534605622291565
UCI,0.000001,11,9,0.6903040707111359,0.19493925957690475,0.5049999999999999,0.690493643283844,0.005310702137649059,5.310702137649059e-09,0.008447268977761269,0.00034664824488572776,3.4664824488572777e-10,4.103672391613579e-08,-0.18046963214874268
UCI,0.000001,11,10,0.6899549961090088,0.22011272658140596,0.5049999999999999,0.6902173757553101,0.0051934560760855675,5.193456076085567e-09,0.008251229301095009,0.0003437237173784524,3.437237173784524e-10,4.1657273702578755e-08,-0.19639919698238373
UCI,0.000001,11,11,0.6901770830154419,0.21645482913637396,0.5099999999999999,0.6899462938308716,0.005079207941889763,5.0792079418897626e-09,0.0080998744815588,0.0003410887438803911,3.410887438803911e-10,4.21103740134439e-08,-0.21276497840881348
UCI,0.000001,11,12,0.6896286308765411,0.22011272658140596,0.5099999999999999,0.6896867156028748,0.0049679274670779705,4.96792746707797e-09,0.00799608789384365,0.00033866878948174417,3.3866878948174417e-10,4.235431050507738e-08,-0.22865591943264008
UCI,0.000001,11,13,0.6900899112224579,0.21645482913637396,0.5149999999999999,0.6894267797470093,0.00485948845744133,4.85948845744133e-09,0.007931548170745373,0.000336578581482172,3.36578581482172e-10,4.2435420454685556e-08,-0.24327538907527924
UCI,0.000001,11,14,0.6895817816257477,0.22086305214969307,0.5149999999999999,0.6891727447509766,0.004753837361931801,4.753837361931801e-09,0.007918313145637512,0.00033475624513812363,3.347562451381236e-10,4.2276206937149617e-08,-0.25580576062202454
UCI,0.000001,11,15,0.6886640787124634,0.21645482913637396,0.5199999999999999,0.6889213919639587,0.004650902934372425,4.650902934372425e-09,0.007958387024700642,0.0003331816114950925,3.331816114950925e-10,4.186546978187772e-08,-0.26567715406417847
UCI,0.000001,11,16,0.6891892552375793,0.2684624220856097,0.5199999999999999,0.6886588335037231,0.0045508090406656265,4.550809040665627e-09,0.008008621633052826,0.000331780465785414,3.3178046578541396e-10,4.14279111921213e-08,-0.2730872333049774
UCI,0.000001,11,17,0.6887484192848206,0.21645482913637396,0.5249999999999999,0.688389778137207,0.004453402943909168,4.453402943909168e-09,0.008074652403593063,0.0003305447462480515,3.305447462480515e-10,4.0936096035659135e-08,-0.2778920531272888
UCI,0.000001,11,18,0.6886311769485474,0.21645482913637396,0.5249999999999999,0.6881122589111328,0.004358559846878052,4.3585598468780515e-09,0.008172573521733284,0.00032949651358649135,3.294965135864913e-10,4.0317350796571345e-08,-0.27964746952056885
UCI,0.000001,11,19,0.6874958574771881,0.25908195902003417,0.5249999999999999,0.6878249645233154,0.0042663258500397205,4.26632585003972e-09,0.00825265422463417,0.0003284891718067229,3.2848917180672287e-10,3.9804063379534646e-08,-0.27986693382263184
UCI,0.000001,11,20,0.6879602074623108,0.22086305214969307,0.5249999999999999,0.6875139474868774,0.0041765375062823296,4.176537506282329e-09,0.008353032171726227,0.0003277116920799017,3.277116920799017e-10,3.9232662504181065e-08,-0.27647608518600464
UCI,0.000001,11,21,0.6871205270290375,0.22011272658140596,0.5249999999999999,0.6871820688247681,0.004089235793799162,4.0892357937991615e-09,0.008420097641646862,0.00032692652894183993,3.2692652894183993e-10,3.882692848178152e-08,-0.27172788977622986
UCI,0.000001,11,22,0.6874061524868011,0.21645482913637396,0.5299999999999999,0.6868314743041992,0.0040041496977210045,4.0041496977210045e-09,0.008516143076121807,0.0003262789105065167,3.262789105065167e-10,3.831299070366275e-08,-0.2628364562988281
UCI,0.000001,11,23,0.6863280832767487,0.22715542521212734,0.5299999999999999,0.6864652633666992,0.003921133000403643,3.921133000403643e-09,0.00866365060210228,0.000325806817272678,3.25806817272678e-10,3.7606181532022924e-08,-0.2504965364933014
UCI,0.000001,11,24,0.6868462264537811,0.2484646732989441,0.5299999999999999,0.6860764026641846,0.0038402455393224955,3.840245539322495e-09,0.008807284757494926,0.00032529322197660804,3.2529322197660804e-10,3.693456393581304e-08,-0.23503513634204865
UCI,0.000001,23,1,0.6938134729862213,0.12704247025712678,0.5099999999999999,0.6932576298713684,0.005448341369628906,5.448341369628906e-09,0.015032251365482807,0.00039362834650091827,3.936283465009183e-10,2.6185588368005294e-08,-0.05315382406115532
UCI,0.000001,23,2,0.6931601762771606,0.24112141108520604,0.5099999999999999,0.6928355097770691,0.005331151187419891,5.331151187419891e-09,0.014436035417020321,0.0003882677701767534,3.882677701767534e-10,2.6895734109863667e-08,-0.052427150309085846
UCI,0.000001,23,3,0.6929702460765839,0.22808577638091165,0.5099999999999999,0.6924525499343872,0.00521607231348753,5.21607231348753e-09,0.01396043598651886,0.0003838369157165289,3.8383691571652887e-10,2.749462238050357e-08,-0.05732434615492821
UCI,0.000001,23,4,0.6922568380832672,0.23099715105270544,0.5049999999999999,0.6920810341835022,0.005103963892906904,5.103963892906904e-09,0.013517321087419987,0.00037909086677245796,3.7909086677245796e-10,2.8044822218898255e-08,-0.056895911693573
UCI,0.000001,23,5,0.6919179260730743,0.18576071235199634,0.5049999999999999,0.6917321085929871,0.004994031507521868,4.994031507521868e-09,0.01315446849912405,0.00037521100603044033,3.752110060304403e-10,2.852346379904482e-08,-0.06099176034331322
UCI,0.000001,23,6,0.6917068064212799,0.2358333153182891,0.49499999999999994,0.6913868188858032,0.00488678365945816,4.88678365945816e-09,0.012820235453546047,0.0003715151106007397,3.715151106007397e-10,2.897880557240308e-08,-0.06335747241973877
UCI,0.000001,23,7,0.6910985708236694,0.24198422796860888,0.49999999999999994,0.6910560131072998,0.004782043397426605,4.782043397426605e-09,0.012527692131698132,0.00036814535269513726,3.681453526951372e-10,2.9386526171379903e-08,-0.06519045680761337
UCI,0.000001,23,8,0.6911146938800812,0.21989091855183412,0.49999999999999994,0.6907294988632202,0.004679564852267504,4.679564852267504e-09,0.01225624792277813,0.00036544911563396454,3.654491156339645e-10,2.981737297878746e-08,-0.07044349610805511
UCI,0.000001,23,9,0.6911582052707672,0.2576735608413086,0.5049999999999999,0.6904178261756897,0.004579438827931881,4.579438827931881e-09,0.012002457864582539,0.00036302287480793893,3.6302287480793894e-10,3.024571124545792e-08,-0.07693153619766235
UCI,0.000001,23,10,0.6904930770397186,0.27165268399721654,0.5049999999999999,0.6901211142539978,0.004481813870370388,4.4818138703703874e-09,0.011771326884627342,0.00036068540066480637,3.6068540066480636e-10,3.0641014747100444e-08,-0.08193520456552505
UCI,0.000001,23,11,0.690557599067688,0.27431506742959905,0.49499999999999994,0.6898332834243774,0.004386476241052151,4.386476241052151e-09,0.011533343233168125,0.0003586819220799953,3.5868192207999525e-10,3.109956192480955e-08,-0.0907408595085144
UCI,0.000001,23,12,0.6895038187503815,0.27165268399721654,0.5049999999999999,0.6895579099655151,0.004293710924685001,4.293710924685001e-09,0.011322692036628723,0.0003564802755136043,3.564802755136043e-10,3.148370320065197e-08,-0.09525930881500244
UCI,0.000001,23,13,0.6893226206302643,0.2997004492513102,0.5049999999999999,0.6892738938331604,0.004203479271382093,4.203479271382093e-09,0.011113760061562061,0.0003543746715877205,3.543746715877205e-10,3.188611861554913e-08,-0.09548360854387283
UCI,0.000001,23,14,0.6893500089645386,0.2997004492513102,0.5049999999999999,0.6889830231666565,0.004115540999919176,4.115540999919176e-09,0.010902468115091324,0.0003524518106132746,3.5245181061327456e-10,3.2327708450291784e-08,-0.09476354718208313
UCI,0.000001,23,15,0.6892822682857513,0.2997004492513102,0.5049999999999999,0.688685953617096,0.004029467701911926,4.0294677019119265e-09,0.010633299127221107,0.0003511419054120779,3.511419054120779e-10,3.3022855955698567e-08,-0.1053016260266304
UCI,0.000001,23,16,0.6888851523399353,0.29236564320829667,0.5049999999999999,0.6883877515792847,0.0039452542550861835,3.945254255086184e-09,0.010301301255822182,0.00035029969876632094,3.5029969876632094e-10,3.40053834041923e-08,-0.129203200340271
UCI,0.000001,23,17,0.6889896988868713,0.27431506742959905,0.48999999999999994,0.6880909204483032,0.0038633872754871845,3.863387275487184e-09,0.00998010579496622,0.00034910449176095426,3.4910449176095426e-10,3.498003918325556e-08,-0.14791125059127808
UCI,0.000001,23,18,0.687688559293747,0.2656844656620286,0.5099999999999999,0.6877965331077576,0.003783648367971182,3.783648367971182e-09,0.009671971201896667,0.0003476812853477895,3.476812853477895e-10,3.5947303614759465e-08,-0.1655133068561554
UCI,0.000001,23,19,0.6876649260520935,0.2997004492513102,0.5099999999999999,0.6874881982803345,0.003706010291352868,3.706010291352868e-09,0.009329820983111858,0.00034622475504875183,3.462247550487518e-10,3.710947462716186e-08,-0.18256843090057373
UCI,0.000001,23,20,0.6884401440620422,0.3104602102825332,0.5099999999999999,0.6871746778488159,0.003630460938438773,3.630460938438773e-09,0.008979476056993008,0.00034441862953826785,3.444186295382678e-10,3.835620556836861e-08,-0.1950194090604782
UCI,0.000001,23,21,0.68717160820961,0.34141531479696996,0.5099999999999999,0.6868741512298584,0.0035565870348364115,3.556587034836411e-09,0.00863375049084425,0.00034273421624675393,3.4273421624675394e-10,3.9697025830224074e-08,-0.2222425490617752
UCI,0.000001,23,22,0.6866814494132996,0.34141531479696996,0.5099999999999999,0.6865677237510681,0.0034844325855374336,3.4844325855374333e-09,0.008319081738591194,0.0003410640638321638,3.410640638321638e-10,4.0997801746556913e-08,-0.25919604301452637
UCI,0.000001,23,23,0.6865473985671997,0.3267616012328021,0.5099999999999999,0.6862611770629883,0.0034140381030738354,3.414038103073835e-09,0.008077424950897694,0.0003392686485312879,3.392686485312879e-10,4.200207994425041e-08,-0.30166828632354736
UCI,0.000001,23,24,0.6844753324985504,0.337099931231621,0.5099999999999999,0.6859676837921143,0.0033458967227488756,3.3458967227488755e-09,0.007849919609725475,0.00033647261443547904,3.3647261443547906e-10,4.286319238462189e-08,-0.3184002637863159
UCI,0.000001,23,25,0.6846908330917358,0.337099931231621,0.5099999999999999,0.6856645345687866,0.0032793625723570585,3.2793625723570584e-09,0.007656392641365528,0.0003336369409225881,3.336369409225881e-10,4.357625797820676e-08,-0.33933892846107483
UCI,0.000001,23,26,0.6864432990550995,0.337099931231621,0.5099999999999999,0.6853580474853516,0.003214570228010416,3.214570228010416e-09,0.007438459899276495,0.0003303812409285456,3.303812409285456e-10,4.441527485557599e-08,-0.34944218397140503
UCI,0.000001,23,27,0.6846840977668762,0.34141531479696996,0.5149999999999999,0.6850764155387878,0.0031515201553702354,3.151520155370235e-09,0.007338656112551689,0.00032684224424883723,3.2684224424883724e-10,4.453707044397704e-08,-0.3571464419364929
UCI,0.000001,23,28,0.6849794387817383,0.35136418446315326,0.5149999999999999,0.6847995519638062,0.0030897231772542,3.0897231772541997e-09,0.007528537884354591,0.0003236130578443408,3.2361305784434077e-10,4.298484816246409e-08,-0.3801085352897644
UCI,0.000001,23,29,0.684193879365921,0.35136418446315326,0.5149999999999999,0.6845294237136841,0.003029587445780635,3.029587445780635e-09,0.007882008329033852,0.00032011439907364547,3.2011439907364545e-10,4.061330383203032e-08,-0.3954154849052429
UCI,0.000001,23,30,0.6827593445777893,0.3708099243547831,0.5099999999999999,0.6842435598373413,0.0029715634882450104,2.9715634882450102e-09,0.007796145975589752,0.00031544914236292243,3.154491423629224e-10,4.046219033745834e-08,-0.37991246581077576
UCI,0.000001,23,31,0.6858149766921997,0.3708099243547831,0.5099999999999999,0.683953046798706,0.0029151274356991053,2.9151274356991052e-09,0.0075517576187849045,0.00031044555362313986,3.104455536231398e-10,4.1109046303460574e-08,-0.3506826162338257
UCI,0.000001,23,32,0.6862085461616516,0.3803341794400215,0.5049999999999999,0.6836588978767395,0.0028607631102204323,2.860763110220432e-09,0.007137389853596687,0.00030494763632304966,3.0494763632304967e-10,4.272537196064467e-08,-0.29553669691085815
UCI,0.000001,23,33,0.6832485795021057,0.38644907980014026,0.49999999999999994,0.6833670139312744,0.0028079429175704718,2.8079429175704716e-09,0.007139145862311125,0.00030047260224819183,3.004726022481918e-10,4.2088032384159905e-08,-0.27214816212654114
UCI,0.000001,23,34,0.6838548481464386,0.3897418814769785,0.5049999999999999,0.6830523610115051,0.0027565963100641966,2.7565963100641963e-09,0.00719029875472188,0.00029586313758045435,2.9586313758045434e-10,4.1147544444681186e-08,-0.23062436282634735
UCI,0.000001,23,35,0.6823573708534241,0.39904344223381105,0.49999999999999994,0.6827234029769897,0.0027066615875810385,2.706661587581038e-09,0.00746703427284956,0.0002916697121690959,2.9166971216909586e-10,3.906098479146116e-08,-0.19417959451675415
UCI,0.000001,23,36,0.6845830082893372,0.3897418814769785,0.49999999999999994,0.682377278804779,0.002657818142324686,2.657818142324686e-09,0.007886973209679127,0.0002880478568840772,2.880478568840772e-10,3.652197734494348e-08,-0.17369575798511505
UCI,0.000001,23,37,0.6812551021575928,0.39904344223381105,0.49499999999999994,0.6820195317268372,0.002610499504953623,2.6104995049536227e-09,0.008455385453999043,0.00028507778188213706,2.8507778188213704e-10,3.3715527628288926e-08,-0.1655915528535843
UCI,0.000001,23,38,0.680745005607605,0.39904344223381105,0.49499999999999994,0.6816345453262329,0.002564102876931429,2.5641028769314286e-09,0.008748026564717293,0.0002831877791322768,2.8318777913227675e-10,3.2371618563029415e-08,-0.19104033708572388
UCI,0.000001,23,39,0.6814170181751251,0.39904344223381105,0.49499999999999994,0.6812107563018799,0.0025184748228639364,2.518474822863936e-09,0.008701642043888569,0.00028241524705663323,2.8241524705663323e-10,3.2455396996591254e-08,-0.2511928975582123
UCI,0.000001,23,40,0.6809139251708984,0.39904344223381105,0.49499999999999994,0.6807664632797241,0.002474046079441905,2.474046079441905e-09,0.008800629526376724,0.00028227182338014245,2.8227182338014245e-10,3.207404908184512e-08,-0.3097146153450012
UCI,0.000001,37,1,0.6962580680847168,0.10540925533894598,0.5499999999999999,0.695963978767395,0.0031237017828971148,3.1237017828971144e-09,0.02374088019132614,0.0003254779439885169,3.254779439885169e-10,1.3709598859246679e-08,-0.20209605991840363
UCI,0.000001,37,2,0.6963755190372467,0.14907119849998599,0.5399999999999999,0.6950103044509888,0.003067860146984458,3.067860146984458e-09,0.022714702412486076,0.00032411233405582607,3.2411233405582605e-10,1.4268834703186087e-08,-0.21405181288719177
UCI,0.000001,37,3,0.6948738694190979,0.16807316136320358,0.5449999999999999,0.6940991282463074,0.0030130899976938963,3.013089997693896e-09,0.02167920581996441,0.0003228086279705167,3.2280862797051665e-10,1.489024232028102e-08,-0.22618639469146729
UCI,0.000001,37,4,0.6942646205425262,0.16807316136320358,0.5449999999999999,0.6932360529899597,0.0029593550134450197,2.9593550134450194e-09,0.02065969631075859,0.00032163187279365957,3.2163187279365953e-10,1.5568083284272136e-08,-0.2393062859773636
UCI,0.000001,37,5,0.6937388777732849,0.2,0.5399999999999999,0.6924319863319397,0.0029066605493426323,2.9066605493426323e-09,0.019659830257296562,0.00032053457107394934,3.2053457107394934e-10,1.6304035532299975e-08,-0.2534519135951996
UCI,0.000001,37,6,0.6925553679466248,0.16807316136320358,0.5399999999999999,0.6916738152503967,0.0028550084680318832,2.855008468031883e-09,0.018654152750968933,0.0003195428871549666,3.195428871549666e-10,1.7129852608201083e-08,-0.2683883607387543
UCI,0.000001,37,7,0.6915078461170197,0.25362863675089403,0.5349999999999999,0.6909599304199219,0.002804397838190198,2.8043978381901977e-09,0.01764136739075184,0.0003187086549587548,3.1870865495875474e-10,1.8065983656450116e-08,-0.2843667268753052
UCI,0.000001,37,8,0.6908657550811768,0.2,0.5349999999999999,0.6903015971183777,0.002754837740212679,2.7548377402126787e-09,0.016646733507514,0.0003180467174388468,3.180467174388468e-10,1.910565320789733e-08,-0.30152270197868347
UCI,0.000001,37,9,0.6897853314876556,0.16807316136320358,0.5349999999999999,0.6896881461143494,0.002706314902752638,2.7063149027526377e-09,0.015661921352148056,0.00031763463630340993,3.1763463630340993e-10,2.0280694121851523e-08,-0.3196057379245758
UCI,0.000001,37,10,0.6900300979614258,0.21442250696755896,0.5299999999999999,0.689132571220398,0.0026588195469230413,2.658819546923041e-09,0.014741268008947372,0.0003174262819811702,3.174262819811702e-10,2.1533173522691866e-08,-0.33860525488853455
UCI,0.000001,37,11,0.6885529458522797,0.2,0.5299999999999999,0.6886451244354248,0.00261233514174819,2.61233514174819e-09,0.013952413573861122,0.0003174621961079538,3.1746219610795375e-10,2.2753210003944916e-08,-0.35735252499580383
UCI,0.000001,37,12,0.6881285011768341,0.24743582965269675,0.5249999999999999,0.6882114410400391,0.002566898474469781,2.5668984744697808e-09,0.013336093164980412,0.00031769261113367975,3.1769261113367973e-10,2.3822014978713322e-08,-0.3751176595687866
UCI,0.000001,37,13,0.6879543364048004,0.22808577638091165,0.5249999999999999,0.6878165006637573,0.0025224548298865557,2.5224548298865554e-09,0.01291097141802311,0.0003182077198289335,3.1820771982893347e-10,2.464630348299977e-08,-0.39004766941070557
UCI,0.000001,37,14,0.6876831948757172,0.2,0.5249999999999999,0.6874682903289795,0.002479101065546274,2.479101065546274e-09,0.012733854353427887,0.0003188957634847611,3.188957634847611e-10,2.504314519656148e-08,-0.4005611836910248
UCI,0.000001,37,15,0.6875371932983398,0.2,0.5249999999999999,0.6871559619903564,0.0024367172736674547,2.4367172736674544e-09,0.012859372422099113,0.0003198904450982809,3.198904450982809e-10,2.487605418041569e-08,-0.4044998586177826
UCI,0.000001,53,1,0.701602578163147,0.0,0.05,0.7003090977668762,0.0024956734851002693,2.4956734851002692e-09,0.027525989338755608,0.0002714147849474102,2.714147849474102e-10,9.860309891396633e-09,-0.116689532995224
UCI,0.000001,53,2,0.7005705535411835,0.0,0.05,0.6992225646972656,0.002444586018100381,2.4445860181003807e-09,0.026063622906804085,0.0002692180569283664,2.692180569283664e-10,1.0329264580408167e-08,-0.13090403378009796
UCI,0.000001,53,3,0.6994325816631317,0.0,0.05,0.6982133388519287,0.002394595881924033,2.394595881924033e-09,0.02476956881582737,0.0002671540714800358,2.671540714800358e-10,1.0785576182873578e-08,-0.14312976598739624
UCI,0.000001,53,4,0.6966053247451782,0.0,0.05,0.6972741484642029,0.002345697721466422,2.345697721466422e-09,0.023609431460499763,0.00026529442402534187,2.6529442402534186e-10,1.1236798500175578e-08,-0.15629640221595764
UCI,0.000001,53,5,0.6960057020187378,0.0,0.05,0.6964152455329895,0.0022978701163083315,2.2978701163083316e-09,0.022593235597014427,0.00026367694954387844,2.636769495438784e-10,1.1670614791390122e-08,-0.1706630140542984
UCI,0.000001,53,6,0.6964607834815979,0.18576071235199634,0.5399999999999999,0.6956138610839844,0.002251139609143138,2.251139609143138e-09,0.021677695214748383,0.00026228794013150036,2.6228794013150037e-10,1.209943850271745e-08,-0.18495182693004608
UCI,0.000001,53,7,0.6940666437149048,0.0784735610658242,0.5349999999999999,0.6948584318161011,0.002205538097769022,2.205538097769022e-09,0.020818909630179405,0.0002611049567349255,2.611049567349255e-10,1.2541721030213024e-08,-0.198410764336586
UCI,0.000001,53,8,0.6955603063106537,0.18576071235199634,0.5349999999999999,0.6941642761230469,0.0021610059775412083,2.161005977541208e-09,0.020059427246451378,0.00026016452466137707,2.601645246613771e-10,1.296968858905987e-08,-0.21224607527256012
UCI,0.000001,53,9,0.6936891078948975,0.15900879764848913,0.5299999999999999,0.693468451499939,0.00211759889498353,2.11759889498353e-09,0.019305145367980003,0.0002594937104731798,2.594937104731798e-10,1.3441686427473505e-08,-0.22578874230384827
UCI,0.000001,53,10,0.6929378509521484,0.18576071235199634,0.5299999999999999,0.6927971243858337,0.0020752574782818556,2.0752574782818554e-09,0.018574127927422523,0.00025903203641064465,2.5903203641064466e-10,1.3945851854945729e-08,-0.23884150385856628
UCI,0.000001,53,11,0.6923985481262207,0.1294595556006309,0.5499999999999999,0.6921545267105103,0.0020339353941380978,2.0339353941380976e-09,0.01785154826939106,0.0002586846530903131,2.586846530903131e-10,1.4490880521207427e-08,-0.250722199678421
UCI,0.000001,53,12,0.6922891139984131,0.17407765595569785,0.5249999999999999,0.6915165185928345,0.0019936426542699337,1.993642654269934e-09,0.01709602028131485,0.00025849955272860825,2.584995527286082e-10,1.512045192243578e-08,-0.26179108023643494
UCI,0.000001,53,13,0.6917348206043243,0.17232808737106584,0.5199999999999999,0.6909146904945374,0.0019543261732906103,1.9543261732906104e-09,0.016316838562488556,0.00025837437715381384,2.583743771538138e-10,1.583483075868638e-08,-0.271380752325058
UCI,0.000001,53,14,0.6906820833683014,0.16222142113076254,0.5199999999999999,0.6903207302093506,0.0019159989897161722,1.9159989897161723e-09,0.015459131449460983,0.00025837289285846055,2.5837289285846055e-10,1.6713286493690388e-08,-0.2793324589729309
UCI,0.000001,71,1,0.6950546205043793,0.0,0.05,0.6948875188827515,0.005795600358396769,5.7956003583967685e-09,0.021004529669880867,0.000452847802080214,4.52847802080214e-10,2.155953069159022e-08,-0.08839009702205658
UCI,0.000001,71,2,0.6948675811290741,0.0,0.05,0.6941903829574585,0.005657873582094908,5.6578735820949075e-09,0.019971920177340508,0.0004435789305716753,4.435789305716753e-10,2.221012935325796e-08,-0.08170013874769211
UCI,0.000001,71,3,0.6941193640232086,0.0,0.05,0.6935176253318787,0.005523325875401497,5.523325875401497e-09,0.018953876569867134,0.0004345312772784382,4.345312772784382e-10,2.292572053409147e-08,-0.07204607874155045
UCI,0.000001,71,4,0.6932910084724426,0.13793431476706133,0.48499999999999993,0.6928731203079224,0.005391801241785288,5.3918012417852874e-09,0.01799904741346836,0.0004259668930899352,4.2596689308993517e-10,2.3666079837713626e-08,-0.061688996851444244
UCI,0.000001,71,5,0.6926465332508087,0.1846372364689991,0.48999999999999994,0.6922695636749268,0.005263158585876226,5.263158585876226e-09,0.017150186002254486,0.0004181648837402463,4.181648837402463e-10,2.4382527611378454e-08,-0.05294632166624069
UCI,0.000001,71,6,0.6918732523918152,0.18123858497615616,0.48999999999999994,0.6917181015014648,0.005137354135513306,5.137354135513305e-09,0.016442326828837395,0.0004112883179914206,4.112883179914206e-10,2.5013997244604216e-08,-0.047504834830760956
UCI,0.000001,71,7,0.6916894018650055,0.22808577638091165,0.49499999999999994,0.6911991834640503,0.005014342721551657,5.014342721551657e-09,0.015849504619836807,0.00040523975621908903,4.05239756219089e-10,2.5567976156926823e-08,-0.046884454786777496
UCI,0.000001,71,8,0.6912676692008972,0.17557911458287687,0.49499999999999994,0.6907065510749817,0.0048942724242806435,4.8942724242806435e-09,0.015346371568739414,0.0003997976309619844,3.9979763096198437e-10,2.605160634689524e-08,-0.0480329804122448
UCI,0.000001,71,9,0.6905263662338257,0.22808577638091165,0.49999999999999994,0.690222978591919,0.004777298308908939,4.777298308908939e-09,0.014902880415320396,0.00039460492553189397,3.9460492553189397e-10,2.647843333200432e-08,-0.047286950051784515
UCI,0.000001,71,10,0.6902796030044556,0.28322059201851035,0.49999999999999994,0.6897520422935486,0.004663160070776939,4.663160070776939e-09,0.014542237855494022,0.00039009455940686166,3.9009455940686165e-10,2.682493322439262e-08,-0.049444328993558884
UCI,0.000001,71,11,0.6897671222686768,0.22808577638091165,0.5049999999999999,0.6892870664596558,0.0045520104467868805,4.552010446786881e-09,0.01424700953066349,0.0003858566633425653,3.8585666334256526e-10,2.708334422828141e-08,-0.049606338143348694
UCI,0.000001,71,12,0.6890377402305603,0.2773500981126146,0.5049999999999999,0.688826322555542,0.004443807527422905,4.443807527422905e-09,0.014033344574272633,0.0003818959230557084,3.818959230557084e-10,2.7213464405045622e-08,-0.0470711775124073
UCI,0.000001,71,13,0.6889187395572662,0.22808577638091165,0.5099999999999999,0.6883639097213745,0.004338440485298634,4.3384404852986335e-09,0.013911562040448189,0.0003782394924201071,3.782394924201071e-10,2.7188858542295037e-08,-0.0424409881234169
UCI,0.000001,71,14,0.6885792016983032,0.2656844656620286,0.5099999999999999,0.6879007816314697,0.004235789645463228,4.235789645463228e-09,0.013860189355909824,0.0003751043404918164,3.751043404918164e-10,2.706343548848243e-08,-0.0380738340318203
UCI,0.000001,71,15,0.688353955745697,0.22808577638091165,0.5149999999999999,0.6874348521232605,0.0041358573362231255,4.1358573362231255e-09,0.013868213631212711,0.00037235344643704593,3.723534464370459e-10,2.6849416683270785e-08,-0.03241029381752014
UCI,0.000001,71,16,0.6872810125350952,0.24112141108520604,0.5149999999999999,0.6869712471961975,0.004038662649691105,4.038662649691105e-09,0.013926785439252853,0.000369823508663103,3.69823508663103e-10,2.655483638175037e-08,-0.02526467852294445
UCI,0.000001,71,17,0.687142550945282,0.25362863675089403,0.5149999999999999,0.6864849925041199,0.003944058436900377,3.9440584369003774e-09,0.013937385752797127,0.0003677266649901867,3.6772666499018665e-10,2.638419223751389e-08,-0.0176069475710392
UCI,0.000001,71,18,0.6860319077968597,0.28867513459481287,0.5149999999999999,0.6859883666038513,0.0038519753143191338,3.851975314319133e-09,0.014057988300919533,0.0003658199857454747,3.658199857454747e-10,2.6022214410403684e-08,-0.004996909759938717
UCI,0.000001,71,19,0.685875654220581,0.22808577638091165,0.5199999999999999,0.6854638457298279,0.003762234468013048,3.762234468013048e-09,0.014233342371881008,0.0003642775700427592,3.642775700427592e-10,2.5593255647557226e-08,0.012157355435192585
UCI,0.000001,71,20,0.6834786534309387,0.24112141108520604,0.5199999999999999,0.6849309206008911,0.0036748824641108513,3.6748824641108513e-09,0.014411961659789085,0.0003631377185229212,3.631377185229212e-10,2.5196966734661407e-08,0.031208697706460953
UCI,0.000001,71,21,0.6844276487827301,0.25362863675089403,0.5199999999999999,0.6843528151512146,0.003589630126953125,3.589630126953125e-09,0.014665032736957073,0.0003625419340096414,3.6254193400964137e-10,2.4721522311778158e-08,0.05580431595444679
UCI,0.000001,71,22,0.6833341419696808,0.2773500981126146,0.5199999999999999,0.6837546825408936,0.003506492357701063,3.506492357701063e-09,0.015026047825813293,0.0003623133816290647,3.6231338162906467e-10,2.4112353815794823e-08,0.0840584859251976
UCI,0.000001,71,23,0.6836312711238861,0.2773500981126146,0.5199999999999999,0.6831087470054626,0.0034252661280333996,3.4252661280333996e-09,0.015360962599515915,0.0003628905105870217,3.6289051058702167e-10,2.3624203772129346e-08,0.11551804095506668
UCI,0.000001,71,24,0.6826717555522919,0.28867513459481287,0.5199999999999999,0.682443380355835,0.0033460005652159452,3.346000565215945e-09,0.015855466946959496,0.0003637611516751349,3.637611516751349e-10,2.294231717627787e-08,0.14872215688228607
UCI,0.000001,71,25,0.6824741065502167,0.2997004492513102,0.5199999999999999,0.6817342042922974,0.0032685340847820044,3.2685340847820044e-09,0.016127729788422585,0.000365649611921981,3.65649611921981e-10,2.2672106782472596e-08,0.18223118782043457
UCI,0.000001,71,26,0.6820792257785797,0.2997004492513102,0.5199999999999999,0.6809936165809631,0.0031927763484418392,3.192776348441839e-09,0.01628941483795643,0.0003683194809127599,3.683194809127599e-10,2.261097065651052e-08,0.215187206864357
UCI,0.000001,71,27,0.6813020706176758,0.28867513459481287,0.5199999999999999,0.6802218556404114,0.00311852409504354,3.1185240950435397e-09,0.01658330112695694,0.00037134732701815665,3.7134732701815664e-10,2.239284712827858e-08,0.2474418580532074
UCI,0.000001,71,28,0.6778633296489716,0.28322059201851035,0.5149999999999999,0.679450273513794,0.0030462872236967087,3.0462872236967085e-09,0.016439050436019897,0.00037472276017069817,3.7472276017069814e-10,2.2794671847324976e-08,0.27255645394325256
UCI,0.000001,71,29,0.6762591600418091,0.2997004492513102,0.5149999999999999,0.6786824464797974,0.0029757225420325994,2.9757225420325994e-09,0.0164365042001009,0.00037799880374222994,3.7799880374222994e-10,2.2997518154736912e-08,0.2927520275115967
UCI,0.000001,71,30,0.6772059798240662,0.30338993810845893,0.5099999999999999,0.6779000163078308,0.002906429348513484,2.9064293485134837e-09,0.017099563032388687,0.0003810238849837333,3.8102388498373327e-10,2.2282667940813862e-08,0.30443185567855835
UCI,0.000001,71,31,0.6776506006717682,0.3104602102825332,0.5099999999999999,0.6771451234817505,0.0028389822691679,2.8389822691678998e-09,0.017143677920103073,0.00038403127109631896,3.8403127109631896e-10,2.2400751629030258e-08,0.3015461266040802
UCI,0.000001,71,32,0.6769624650478363,0.30547686060781526,0.5049999999999999,0.6764459013938904,0.0027733363676816225,2.7733363676816225e-09,0.018821410834789276,0.0003854997339658439,3.854997339658439e-10,2.0481978601375126e-08,0.271232932806015
UCI,0.000001,71,33,0.6739148795604706,0.30547686060781526,0.49999999999999994,0.6757665872573853,0.002710103988647461,2.7101039886474606e-09,0.01917145773768425,0.00038616740494035184,3.8616740494035184e-10,2.0142829524188158e-08,0.23397134244441986
UCI,0.000001,71,34,0.6739209592342377,0.3312945782245396,0.49499999999999994,0.6751091480255127,0.002648580353707075,2.648580353707075e-09,0.019666288048028946,0.00038578707608394325,3.8578707608394323e-10,1.9616669660373898e-08,0.18150818347930908
UCI,0.000001,71,35,0.6773469746112823,0.3209833376209784,0.48999999999999994,0.6744579672813416,0.0025894457940012217,2.5894457940012216e-09,0.01727808453142643,0.00038446468533948064,3.8446468533948063e-10,2.225158029758408e-08,0.13545605540275574
UCI,0.000001,71,36,0.6752528846263885,0.34141531479696996,0.4799999999999999,0.6738408207893372,0.002533453516662121,2.533453516662121e-09,0.012205639854073524,0.00038180386763997376,3.818038676399737e-10,3.1280938337087674e-08,0.08297240734100342
UCI,0.000001,71,37,0.6744587421417236,0.3312945782245396,0.4749999999999999,0.6732785105705261,0.00247959210537374,2.47959210537374e-09,0.010373550467193127,0.0003783604479394853,3.783604479394853e-10,3.647357277877706e-08,-0.011976687237620354
UCI,0.000001,71,38,0.6750759482383728,0.3312945782245396,0.4699999999999999,0.6727316975593567,0.002427885076031089,2.4278850760310886e-09,0.010808106511831284,0.0003745114663615823,3.7451146636158224e-10,3.465097849948247e-08,-0.07146366685628891
UCI,0.000001,71,39,0.6744513213634491,0.34141531479696996,0.4649999999999999,0.6721709966659546,0.0023782229982316494,2.3782229982316494e-09,0.011752133257687092,0.0003709150187205523,3.7091501872055233e-10,3.156150552308758e-08,-0.08419577777385712
UCI,0.000001,71,40,0.6707332730293274,0.3246172270321178,0.4599999999999999,0.6715674996376038,0.0023307318333536386,2.3307318333536387e-09,0.013427120633423328,0.0003664472314994782,3.664472314994782e-10,2.7291572147441873e-08,-0.05681969225406647
UCI,0.000001,89,1,0.6918624341487885,0.16807316136320358,0.5099999999999999,0.6917654871940613,0.0054944525472819805,5.49445254728198e-09,0.011825745925307274,0.0004816669679712504,4.816669679712504e-10,4.0730366694288256e-08,-0.13331042230129242
UCI,0.000001,89,2,0.6921696066856384,0.16487498971248796,0.48999999999999994,0.6914921402931213,0.005359357222914696,5.359357222914695e-09,0.01162109337747097,0.0004727437917608768,4.727437917608767e-10,4.067980321691187e-08,-0.1466125100851059
UCI,0.000001,89,3,0.6916665434837341,0.1655211777204736,0.49999999999999994,0.691238522529602,0.00522633595392108,5.22633595392108e-09,0.011428073048591614,0.00046596830361522734,4.659683036152274e-10,4.077400464924862e-08,-0.17052604258060455
UCI,0.000001,89,4,0.6910431981086731,0.1655211777204736,0.49999999999999994,0.6909886002540588,0.005096792709082365,5.096792709082365e-09,0.011260098777711391,0.00045960830175317824,4.5960830175317824e-10,4.081743071943045e-08,-0.19326242804527283
UCI,0.000001,89,5,0.6910099387168884,0.1709786436730771,0.49999999999999994,0.6907291412353516,0.004970456939190626,4.9704569391906255e-09,0.011089322157204151,0.00045426859287545085,4.5426859287545083e-10,4.0964504992790414e-08,-0.21772466599941254
UCI,0.000001,89,6,0.6901182234287262,0.1846372364689991,0.5249999999999999,0.6904758810997009,0.004848009906709194,4.848009906709194e-09,0.010953785851597786,0.00044831790728494525,4.4831790728494524e-10,4.092812415349081e-08,-0.2357025444507599
UCI,0.000001,89,7,0.6907661557197571,0.175919798853417,0.48499999999999993,0.6902078986167908,0.0047289663925766945,4.728966392576694e-09,0.010812093503773212,0.0004426826781127602,4.4268267811276015e-10,4.094328984097968e-08,-0.25331300497055054
UCI,0.000001,89,8,0.6899287104606628,0.1655211777204736,0.5049999999999999,0.689943253993988,0.004612940829247236,4.612940829247236e-09,0.010687864385545254,0.0004375955031719059,4.375955031719059e-10,4.0943212543352405e-08,-0.2727411389350891
UCI,0.000001,89,9,0.6899187862873077,0.1846372364689991,0.5349999999999999,0.6896664500236511,0.004500130657106638,4.500130657106638e-09,0.010563813149929047,0.0004329371440690011,4.3293714406900104e-10,4.098303689439158e-08,-0.2925731837749481
UCI,0.000001,89,10,0.6893194615840912,0.22587697572631282,0.4799999999999999,0.6893841624259949,0.004390461836010218,4.390461836010218e-09,0.010453409515321255,0.00042860396206378937,4.286039620637893e-10,4.100135572375665e-08,-0.3122953474521637
UCI,0.000001,89,11,0.6891912221908569,0.18699392279626206,0.4799999999999999,0.6890933513641357,0.004283922724425793,4.283922724425792e-09,0.01033741794526577,0.00042467538150958717,4.2467538150958717e-10,4.10813787116033e-08,-0.3310765326023102
UCI,0.000001,89,12,0.6897620260715485,0.1892583246525563,0.5049999999999999,0.6887972354888916,0.004180225543677807,4.1802255436778064e-09,0.01022795494645834,0.00042121659498661757,4.2121659498661756e-10,4.118287548113158e-08,-0.3516695201396942
UCI,0.000001,89,13,0.688647598028183,0.20085883379503597,0.5049999999999999,0.6885063648223877,0.0040795691311359406,4.07956913113594e-09,0.010146848857402802,0.00041774901910685003,4.1774901910685e-10,4.117032045885598e-08,-0.36931100487709045
UCI,0.000001,89,14,0.6874123513698578,0.23280223035107195,0.4749999999999999,0.6882124543190002,0.0039817276410758495,3.981727641075849e-09,0.0100718317553401,0.0004146019055042416,4.1460190550424155e-10,4.116449873027506e-08,-0.38682442903518677
UCI,0.000001,89,15,0.6886573731899261,0.19728305039201205,0.5049999999999999,0.6878958344459534,0.003886851016432047,3.886851016432047e-09,0.00998337659984827,0.00041172964847646654,4.117296484764665e-10,4.1241522280420044e-08,-0.4028412997722626
UCI,0.000001,89,16,0.6886840760707855,0.19728305039201205,0.5049999999999999,0.6875787377357483,0.003794871736317873,3.7948717363178725e-09,0.009908024221658707,0.00040872814133763313,4.0872814133763313e-10,4.125223477392829e-08,-0.4146448075771332
UCI,0.000001,89,17,0.6874679028987885,0.23280223035107195,0.4699999999999999,0.6872630715370178,0.0037053932901471853,3.7053932901471854e-09,0.009851604700088501,0.00040589101263321936,4.0589101263321934e-10,4.120049727833406e-08,-0.42641177773475647
UCI,0.000001,89,18,0.6865554451942444,0.20085883379503597,0.5099999999999999,0.6869324445724487,0.0036184622440487146,3.6184622440487145e-09,0.009801953099668026,0.00040317504317499697,4.0317504317499695e-10,4.113211306720614e-08,-0.43702930212020874
UCI,0.000001,89,19,0.6874896585941315,0.20478889182363452,0.5199999999999999,0.6865847110748291,0.003534219926223159,3.534219926223159e-09,0.009719653986394405,0.00040045095374807715,4.0045095374807715e-10,4.1200124439473805e-08,-0.44339731335639954
UCI,0.000001,89,20,0.6871480047702789,0.2316661873125233,0.4649999999999999,0.686227560043335,0.003452316392213106,3.452316392213106e-09,0.009658725932240486,0.00039761426160112023,3.976142616011202e-10,4.1166326116977584e-08,-0.4472469389438629
UCI,0.000001,89,21,0.6859065294265747,0.20085883379503597,0.5099999999999999,0.685858428478241,0.003372924169525504,3.372924169525504e-09,0.00959148071706295,0.0003943277115467936,3.943277115467936e-10,4.1112287370321944e-08,-0.4443424940109253
UCI,0.000001,89,22,0.685314953327179,0.23280223035107195,0.4599999999999999,0.6854760646820068,0.0032957394141703844,3.295739414170384e-09,0.00950627401471138,0.000391033390769735,3.91033390769735e-10,4.113424357057176e-08,-0.43886643648147583
UCI,0.000001,107,1,0.696399062871933,0.0,0.05,0.6959210634231567,0.004245262127369642,4.245262127369642e-09,0.016831813380122185,0.000432397035183385,4.32397035183385e-10,2.5689272178720306e-08,0.13365299999713898
UCI,0.000001,107,2,0.6962787210941315,0.0,0.05,0.6952494382858276,0.00413441052660346,4.1344105266034604e-09,0.01593494601547718,0.0004267525509931147,4.267525509931147e-10,2.6780922293594313e-08,0.11717984825372696
UCI,0.000001,107,3,0.6952643692493439,0.0,0.05,0.6946215033531189,0.004026342183351517,4.026342183351517e-09,0.015126549638807774,0.00042152428068220615,4.2152428068220614e-10,2.786651885243999e-08,0.09849224239587784
UCI,0.000001,107,4,0.6948106288909912,0.0,0.05,0.6940374970436096,0.003921106923371553,3.921106923371553e-09,0.01447645016014576,0.0004167988372500986,4.1679883725009854e-10,2.8791508459550548e-08,0.07564668357372284
UCI,0.000001,107,5,0.6935052871704102,0.1846372364689991,0.48499999999999993,0.6934959888458252,0.0038187087047845125,3.818708704784513e-09,0.013929955661296844,0.00041274225804954767,4.1274225804954767e-10,2.9629832864171687e-08,0.05030357465147972
UCI,0.000001,107,6,0.6935728192329407,0.186858321674153,0.48499999999999993,0.6929854154586792,0.0037192620802670717,3.7192620802670714e-09,0.013521406799554825,0.00040903559420257807,4.09035594202578e-10,3.025096428694424e-08,0.0200232844799757
UCI,0.000001,107,7,0.6927311420440674,0.17323973216880925,0.48999999999999994,0.692497968673706,0.0036226969677954912,3.622696967795491e-09,0.013197948224842548,0.00040583821828477085,4.0583821828477084e-10,3.075009928595265e-08,-0.013612061738967896
UCI,0.000001,107,8,0.6923164427280426,0.14595127662315596,0.48999999999999994,0.6920303702354431,0.003529092064127326,3.529092064127326e-09,0.0129707595333457,0.0004030192503705621,4.0301925037056207e-10,3.107136859136626e-08,-0.05063745379447937
UCI,0.000001,107,9,0.6919727325439453,0.19781414201873612,0.49499999999999994,0.691566526889801,0.0034383987076580524,3.4383987076580522e-09,0.01281441655009985,0.00040063716005533934,4.006371600553393e-10,3.126456506927095e-08,-0.09088645875453949
UCI,0.000001,107,10,0.6913667917251587,0.19367011027991354,0.49999999999999994,0.6911137700080872,0.0033506175968796015,3.350617596879601e-09,0.01272687315940857,0.000398568605305627,3.98568605305627e-10,3.1317087890592986e-08,-0.13290302455425262
UCI,0.000001,107,11,0.6907639503479004,0.17897494805707315,0.49999999999999994,0.6906721591949463,0.0032657934352755547,3.2657934352755544e-09,0.012711339630186558,0.0003966458607465029,3.966458607465029e-10,3.1204095892816726e-08,-0.17477768659591675
UCI,0.000001,107,12,0.6905142962932587,0.21063058936525558,0.5049999999999999,0.6902150511741638,0.0031837690621614456,3.1837690621614453e-09,0.012735607102513313,0.00039513703086413443,3.9513703086413444e-10,3.102616370649154e-08,-0.21763402223587036
UCI,0.000001,107,13,0.6900557279586792,0.19367011027991354,0.5099999999999999,0.6897503733634949,0.0031045882496982813,3.104588249698281e-09,0.012812991626560688,0.0003937649598810822,3.9376495988108215e-10,3.073169571615322e-08,-0.25873011350631714
UCI,0.000001,107,14,0.6902794539928436,0.1846372364689991,0.5449999999999999,0.6892715096473694,0.003028072649613023,3.028072649613023e-09,0.012923359870910645,0.00039259091136045754,3.925909113604575e-10,3.037839348915334e-08,-0.2980227470397949
UCI,0.000001,107,15,0.688540130853653,0.2044398826909146,0.5149999999999999,0.688792884349823,0.0029541761614382267,2.9541761614382265e-09,0.013085060752928257,0.00039138636202551425,3.913863620255142e-10,2.9910931971632404e-08,-0.33265405893325806
UCI,0.000001,107,16,0.6879861056804657,0.19781414201873612,0.5149999999999999,0.6882835626602173,0.0028828682843595743,2.882868284359574e-09,0.013266065157949924,0.00039017267408780754,3.9017267408780754e-10,2.9411334064946127e-08,-0.3631218373775482
UCI,0.000001,107,17,0.6883407831192017,0.23655309301829208,0.5199999999999999,0.6877323389053345,0.0028140838257968426,2.8140838257968424e-09,0.013473226688802242,0.0003889088984578848,3.8890889845788477e-10,2.886531247790194e-08,-0.3882203698158264
UCI,0.000001,107,18,0.6881848573684692,0.2087912087912088,0.5199999999999999,0.6871534585952759,0.0027476635295897722,2.747663529589772e-09,0.013720539398491383,0.00038742541801184416,3.8742541801184415e-10,2.8236894101586328e-08,-0.4053330421447754
UCI,0.000001,107,19,0.6875090003013611,0.23280223035107195,0.5249999999999999,0.6865509748458862,0.002683467697352171,2.683467697352171e-09,0.014012463390827179,0.0003856936818920076,3.8569368189200757e-10,2.7525044750125083e-08,-0.4132919907569885
UCI,0.000001,107,20,0.6849774718284607,0.21517402008629544,0.5299999999999999,0.6859235763549805,0.0026214171666651964,2.6214171666651964e-09,0.014318777248263359,0.0003838021366391331,3.838021366391331e-10,2.6804113925697267e-08,-0.41323673725128174
UCI,0.000001,107,21,0.6854959726333618,0.2557925102245004,0.5299999999999999,0.6852368712425232,0.0025614616461098194,2.5614616461098193e-09,0.014731187373399734,0.0003818358527496457,3.8183585274964567e-10,2.5920235964083304e-08,-0.4007662236690521
UCI,0.000001,107,22,0.6840122640132904,0.21517402008629544,0.5349999999999999,0.6845030188560486,0.002503457246348262,2.5034572463482618e-09,0.015205585397779942,0.00037992812576703727,3.7992812576703726e-10,2.4986090033896877e-08,-0.3793191611766815
UCI,0.000001,107,23,0.6849686503410339,0.25784170064485096,0.5349999999999999,0.6837203502655029,0.0024473064113408327,2.4473064113408327e-09,0.015956168994307518,0.0003781120467465371,3.7811204674653707e-10,2.369691915906828e-08,-0.34194764494895935
UCI,0.000001,107,24,0.6846183836460114,0.2664693550105965,0.5349999999999999,0.6828854084014893,0.0023928722366690636,2.3928722366690635e-09,0.016734151169657707,0.00037662737304344773,3.7662737304344774e-10,2.250651193628195e-08,-0.3028460443019867
UCI,0.000001,107,25,0.6831471621990204,0.2542872819425528,0.5349999999999999,0.6820031404495239,0.002340009668841958,2.340009668841958e-09,0.017755940556526184,0.0003754502395167947,3.7545023951679465e-10,2.1145049360891117e-08,-0.2592235505580902
UCI,0.000001,107,26,0.6819396018981934,0.2429493573646624,0.5349999999999999,0.6810576915740967,0.002288691932335496,2.2886919323354957e-09,0.019042521715164185,0.00037448934745043516,3.7448934745043514e-10,1.966595354606932e-08,-0.21163353323936462
UCI,0.000001,107,27,0.6794869005680084,0.2472066162365221,0.5399999999999999,0.6800587773323059,0.00223881215788424,2.23881215788424e-09,0.02104177698493004,0.00037349684862419963,3.7349684862419963e-10,1.775025221927289e-08,-0.155270516872406
UCI,0.000001,107,28,0.6800487339496613,0.2542872819425528,0.5349999999999999,0.6789467334747314,0.002190384780988097,2.1903847809880973e-09,0.02355559915304184,0.0003724008274730295,3.7240082747302946e-10,1.5809439830145e-08,-0.09947289526462555
UCI,0.000001,107,29,0.6768189072608948,0.2684624220856097,0.5349999999999999,0.6777276396751404,0.002143250312656164,2.143250312656164e-09,0.025339748710393906,0.00037157710175961256,3.7157710175961254e-10,1.4663803734059855e-08,-0.06481897830963135
UCI,0.000001,107,30,0.6787840127944946,0.2650356625796317,0.5299999999999999,0.6763936281204224,0.0020973680075258017,2.0973680075258017e-09,0.02809937298297882,0.0003700596862472594,3.700596862472594e-10,1.316967771741465e-08,-0.026097934693098068
UCI,0.000001,107,31,0.6766914427280426,0.25784170064485096,0.5299999999999999,0.674875795841217,0.002052636118605733,2.0526361186057326e-09,0.029440229758620262,0.0003686276904772967,3.686276904772967e-10,1.2521223288665417e-08,-0.009702607989311218
UCI,0.000001,107,32,0.6756888031959534,0.27639921950277474,0.5199999999999999,0.6731749176979065,0.0020090078469365835,2.0090078469365833e-09,0.029534239321947098,0.0003670503501780331,3.670503501780331e-10,1.242796017791037e-08,-0.011299367062747478
UCI,0.000001,107,33,0.6715317070484161,0.2684624220856097,0.5149999999999999,0.6712941527366638,0.0019664112478494644,1.9664112478494644e-09,0.028504610061645508,0.0003652384621091187,3.652384621091187e-10,1.2813311998278017e-08,-0.03632323443889618
UCI,0.000001,107,34,0.6699554622173309,0.2684624220856097,0.5099999999999999,0.6692091822624207,0.0019247577292844653,1.924757729284465e-09,0.028549762442708015,0.00036221311893314123,3.622131189331412e-10,1.268707995942205e-08,-0.05569388344883919
UCI,0.000001,107,35,0.6687843799591064,0.2484646732989441,0.5199999999999999,0.6668838262557983,0.0018839617259800434,1.8839617259800435e-09,0.028921350836753845,0.0003588958643376827,3.588958643376827e-10,1.2409374180461531e-08,-0.07995700091123581
UCI,0.000001,107,36,0.6654514670372009,0.2650356625796317,0.49499999999999994,0.6642382144927979,0.0018438438419252634,1.8438438419252633e-09,0.030792301520705223,0.0003551672853063792,3.551672853063792e-10,1.1534288369693937e-08,-0.07206275314092636
UCI,0.000001,107,37,0.6647240221500397,0.2472066162365221,0.49499999999999994,0.6612511873245239,0.0018043270101770759,1.8043270101770758e-09,0.03468428552150726,0.00035208696499466896,3.520869649946689e-10,1.0151195554434717e-08,-0.04830256104469299
UCI,0.000001,107,38,0.6614970266819,0.2472066162365221,0.48999999999999994,0.6579485535621643,0.0017658001743257046,1.7658001743257046e-09,0.03499238193035126,0.0003501310129649937,3.501310129649937e-10,1.0005921107682625e-08,-0.05523790791630745
UCI,0.000001,107,39,0.656916469335556,0.2790727860929738,0.48499999999999993,0.6543448567390442,0.0017280179308727384,1.7280179308727383e-09,0.037086520344018936,0.00034821731969714165,3.4821731969714164e-10,9.389323033464362e-09,-0.055354151874780655
UCI,0.000001,107,40,0.6543788313865662,0.2472066162365221,0.48499999999999993,0.6505756974220276,0.001691210549324751,1.691210549324751e-09,0.058257490396499634,0.0003459466097410768,3.4594660974107683e-10,5.938233991656167e-09,-0.07382678240537643
UCI,0.000001,131,1,0.6964280009269714,0.03316790634033297,0.4599999999999999,0.6957388520240784,0.003013624344021082,3.0136243440210818e-09,0.019468095153570175,0.00031583051895722747,3.1583051895722745e-10,1.6222980033016152e-08,0.01129031740128994
UCI,0.000001,131,2,0.695888489484787,0.09899678265684461,0.4599999999999999,0.6949453353881836,0.0029446855187416077,2.9446855187416076e-09,0.01853795349597931,0.00031444578780792654,3.144457878079265e-10,1.6962270828661133e-08,-0.012238375842571259
UCI,0.000001,131,3,0.6942181289196014,0.10994987428338562,0.4599999999999999,0.6942125558853149,0.0028773206286132336,2.8773206286132336e-09,0.017660614103078842,0.0003133133868686855,3.133133868686855e-10,1.7740797972255358e-08,-0.0369955375790596
UCI,0.000001,131,4,0.6946413815021515,0.14990633779917228,0.48499999999999993,0.693538248538971,0.0028116158209741116,2.8116158209741113e-09,0.01685749925673008,0.0003125074435956776,3.125074435956776e-10,1.8538185221684894e-08,-0.06276119500398636
UCI,0.000001,131,5,0.6937792301177979,0.1846372364689991,0.48999999999999994,0.692880392074585,0.002747573656961322,2.747573656961322e-09,0.016064565628767014,0.00031207408756017685,3.120740875601768e-10,1.9426238764983596e-08,-0.09046836942434311
UCI,0.000001,131,6,0.6933112144470215,0.09899678265684461,0.4649999999999999,0.6922467350959778,0.002685216721147299,2.6852167211472985e-09,0.015298712998628616,0.00031200001831166446,3.1200001831166444e-10,2.0393873546070984e-08,-0.1206033006310463
UCI,0.000001,131,7,0.6917611658573151,0.10994987428338562,0.4649999999999999,0.6916261911392212,0.00262452638708055,2.62452638708055e-09,0.014538299292325974,0.00031228899024426937,3.1228899024426934e-10,2.1480434813246057e-08,-0.15353889763355255
UCI,0.000001,131,8,0.6924577355384827,0.16807316136320358,0.5099999999999999,0.6910361051559448,0.0025655049830675125,2.5655049830675126e-09,0.01382821798324585,0.0003128965909127146,3.128965909127146e-10,2.2627397925880067e-08,-0.1886717826128006
UCI,0.000001,131,9,0.6908009946346283,0.2,0.5149999999999999,0.690460205078125,0.0025080882478505373,2.5080882478505373e-09,0.01311878114938736,0.00031381938606500626,3.1381938606500627e-10,2.3921382824475387e-08,-0.22661595046520233
UCI,0.000001,131,10,0.6900467872619629,0.14808721943977307,0.49999999999999994,0.6899195313453674,0.002452283399179578,2.452283399179578e-09,0.012462425976991653,0.00031489948742091656,3.1489948742091653e-10,2.5267912363314285e-08,-0.266330748796463
UCI,0.000001,131,11,0.6898611783981323,0.16807316136320358,0.5299999999999999,0.6894190907478333,0.002398073673248291,2.398073673248291e-09,0.01189490221440792,0.0003161019121762365,3.161019121762365e-10,2.6574570053493353e-08,-0.30571550130844116
UCI,0.000001,131,12,0.6889944672584534,0.1846372364689991,0.5349999999999999,0.6889218091964722,0.002345423446968198,2.3454234469681976e-09,0.011347422376275063,0.0003175552119500935,3.175552119500935e-10,2.7984788211817235e-08,-0.3466154932975769
UCI,0.000001,131,13,0.6893372535705566,0.14990633779917228,0.5449999999999999,0.6884344816207886,0.002294299891218543,2.294299891218543e-09,0.010834631510078907,0.0003191267023794353,3.191267023794353e-10,2.9454319889196778e-08,-0.38749685883522034
UCI,0.000001,131,14,0.6891675591468811,0.1846372364689991,0.5499999999999999,0.6879651546478271,0.0022446217481046915,2.2446217481046916e-09,0.010384473949670792,0.00032072566682472825,3.2072566682472823e-10,3.0885114487180725e-08,-0.42679935693740845
UCI,0.000001,131,15,0.6882431209087372,0.16807316136320358,0.5599999999999999,0.6875022053718567,0.002196352230384946,2.196352230384946e-09,0.009993783198297024,0.0003223787934985012,3.2237879349850117e-10,3.225793346742159e-08,-0.46401798725128174
UCI,0.000001,131,16,0.6872068345546722,0.12090832578915783,0.4699999999999999,0.6870532631874084,0.002149497624486685,2.1494976244866845e-09,0.00971814151853323,0.0003239316283725202,3.239316283725202e-10,3.3332672482157014e-08,-0.49377965927124023
UCI,0.000001,131,17,0.6877689957618713,0.1846372364689991,0.575,0.6866194009780884,0.0021040458232164383,2.104045823216438e-09,0.009581979364156723,0.00032520858803763986,3.2520858803763986e-10,3.393960430077177e-08,-0.5109425187110901
UCI,0.000001,149,1,0.6929083466529846,0.16993235521110622,0.5149999999999999,0.6922990083694458,0.004307297524064779,4.307297524064779e-09,0.015830863267183304,0.0004002701898571104,4.0027018985711036e-10,2.5284166952970478e-08,-0.2693392336368561
UCI,0.000001,149,2,0.691578209400177,0.10768601458875716,0.5299999999999999,0.6917353272438049,0.004218484740704298,4.218484740704298e-09,0.015516718849539757,0.00039565612678416073,3.956561267841607e-10,2.5498697928389438e-08,-0.286117285490036
UCI,0.000001,149,3,0.6913411021232605,0.17740004829626463,0.5449999999999999,0.6912143230438232,0.0041312300600111485,4.131230060011148e-09,0.015270586125552654,0.0003911525709554553,3.911525709554553e-10,2.561477128248076e-08,-0.30371952056884766
UCI,0.000001,149,4,0.6908789575099945,0.16807316136320358,0.5499999999999999,0.6906806230545044,0.0040459842421114445,4.045984242111444e-09,0.01503230445086956,0.00038679756107740104,3.8679756107740103e-10,2.5731088825507807e-08,-0.32113873958587646
UCI,0.000001,149,5,0.6897653341293335,0.14149998919097348,0.5299999999999999,0.6901604533195496,0.003962656948715448,3.962656948715448e-09,0.014821231365203857,0.0003826815518550575,3.8268155185505747e-10,2.5819821742577183e-08,-0.3378777503967285
UCI,0.000001,149,6,0.6896940171718597,0.1649572197684645,0.5549999999999999,0.6896589994430542,0.0038810712285339832,3.881071228533983e-09,0.014666709117591381,0.0003787522728089243,3.787522728089243e-10,2.5823943856270078e-08,-0.3545236885547638
UCI,0.000001,149,7,0.6890274286270142,0.17712297710801905,0.5599999999999999,0.689174234867096,0.0038012717850506306,3.8012717850506305e-09,0.014563467353582382,0.0003750221512746066,3.7502215127460656e-10,2.5750883506622965e-08,-0.3701021075248718
UCI,0.000001,149,8,0.6887606382369995,0.17740004829626463,0.565,0.688683271408081,0.0037233398761600256,3.7233398761600253e-09,0.014490566216409206,0.00037144971429370344,3.714497142937034e-10,2.563389923804851e-08,-0.384144127368927
UCI,0.000001,149,9,0.6887964308261871,0.17740004829626463,0.57,0.6881800889968872,0.0036472883075475693,3.647288307547569e-09,0.014446847140789032,0.00036800341331399977,3.6800341331399977e-10,2.5472922204249254e-08,-0.3960767388343811
UCI,0.000001,149,10,0.6883970499038696,0.17740004829626463,0.575,0.6876567006111145,0.0035731762181967497,3.5731762181967495e-09,0.014413764700293541,0.00036469532642513514,3.646953264251351e-10,2.53018787255288e-08,-0.40511101484298706
UCI,0.000001,149,11,0.6878405809402466,0.17712297710801905,0.58,0.6871249675750732,0.0035008585546165705,3.5008585546165705e-09,0.0144142871722579,0.00036147513310424984,3.614751331042498e-10,2.5077558729366372e-08,-0.4112536311149597
UCI,0.000001,173,1,0.6960011124610901,0.10540925533894598,0.5399999999999999,0.6953429579734802,0.006411880254745483,6.411880254745483e-09,0.019429435953497887,0.0004905365640297532,4.905365640297532e-10,2.5247082066808106e-08,0.23590411245822906
UCI,0.000001,173,2,0.6962624490261078,0.10540925533894598,0.5399999999999999,0.6948267221450806,0.006271636579185724,6.271636579185724e-09,0.018681839108467102,0.0004860646731685847,4.860646731685847e-10,2.6018031219864612e-08,0.2335135042667389
UCI,0.000001,173,3,0.6941733360290527,0.3312945782245396,0.5349999999999999,0.6943212151527405,0.0061343698762357235,6.134369876235723e-09,0.017990728840231895,0.00048237512237392366,4.823751223739236e-10,2.6812428037668425e-08,0.23230744898319244
UCI,0.000001,173,4,0.6946268677711487,0.3104602102825332,0.5349999999999999,0.6938490271568298,0.0060003832913935184,6.000383291393518e-09,0.01738528534770012,0.00047886668471619487,4.788666847161949e-10,2.7544367270310213e-08,0.23059643805027008
UCI,0.000001,173,5,0.6941052079200745,0.2773500981126146,0.5349999999999999,0.6933913826942444,0.0058694686740636826,5.869468674063682e-09,0.016822628676891327,0.00047611340414732695,4.761134041473269e-10,2.8301962391962424e-08,0.2288321703672409
UCI,0.000001,173,6,0.6936953663825989,0.2656844656620286,0.5349999999999999,0.6929402947425842,0.005741670727729797,5.741670727729797e-09,0.016299745067954063,0.0004739408032037318,4.739408032037318e-10,2.9076577653690914e-08,0.22682182490825653
UCI,0.000001,173,7,0.6920539736747742,0.34141531479696996,0.5299999999999999,0.692503809928894,0.005617004819214344,5.617004819214344e-09,0.015812259167432785,0.0004723545571323484,4.723545571323484e-10,2.9872679933378426e-08,0.2242850661277771
UCI,0.000001,173,8,0.6930883824825287,0.3209833376209784,0.5299999999999999,0.6920946836471558,0.005495680496096611,5.495680496096611e-09,0.015384925529360771,0.0004705068131443113,4.705068131443113e-10,3.058232633277234e-08,0.22071102261543274
UCI,0.000001,173,9,0.6925757527351379,0.3104602102825332,0.5299999999999999,0.6917057037353516,0.005377394147217274,5.377394147217273e-09,0.014977609738707542,0.0004693489463534206,4.693489463534206e-10,3.133670555859482e-08,0.21656040847301483
UCI,0.000001,173,10,0.691935122013092,0.35136418446315326,0.5249999999999999,0.6913203001022339,0.005262100603431463,5.262100603431463e-09,0.01458479929715395,0.0004688847402576357,4.688847402576357e-10,3.214886476697235e-08,0.21174992620944977
UCI,0.000001,173,11,0.6910776793956757,0.35136418446315326,0.5249999999999999,0.6909288167953491,0.005149691365659237,5.149691365659237e-09,0.014193379320204258,0.00046920814202167094,4.692081420216709e-10,3.305824014396302e-08,0.2061593383550644
UCI,0.000001,173,12,0.6909158825874329,0.3209833376209784,0.5249999999999999,0.6905397176742554,0.005040237680077553,5.040237680077552e-09,0.013811014592647552,0.00046993361320346594,4.699336132034659e-10,3.4026002220983845e-08,0.20011654496192932
UCI,0.000001,173,13,0.690216451883316,0.3209833376209784,0.5249999999999999,0.6901630163192749,0.004933701828122139,4.933701828122139e-09,0.013435049913823605,0.00047103752149268985,4.710375214926898e-10,3.5060347710954867e-08,0.19345802068710327
UCI,0.000001,173,14,0.6904776692390442,0.36115755925730764,0.5199999999999999,0.6897804737091064,0.004829897079616785,4.8298970796167844e-09,0.013040724210441113,0.00047278875717893243,4.727887571789324e-10,3.625479302755226e-08,0.1858266294002533
UCI,0.000001,173,15,0.689973384141922,0.35136418446315326,0.5199999999999999,0.6894127726554871,0.004728910978883505,4.7289109788835045e-09,0.012645388953387737,0.00047471935977227986,4.747193597722798e-10,3.754090613757682e-08,0.17733965814113617
UCI,0.000001,173,16,0.6886543035507202,0.36115755925730764,0.5149999999999999,0.6890461444854736,0.004630432464182377,4.630432464182377e-09,0.012214147485792637,0.0004775582638103515,4.775582638103515e-10,3.9098779867022406e-08,0.16648544371128082
UCI,0.000001,173,17,0.6879443526268005,0.36115755925730764,0.5149999999999999,0.688684344291687,0.0045347013510763645,4.534701351076364e-09,0.01176525093615055,0.00048027708544395864,4.802770854439587e-10,4.082166101262091e-08,0.15437635779380798
UCI,0.000001,173,18,0.688843846321106,0.36115755925730764,0.5149999999999999,0.6883524656295776,0.00444240914657712,4.44240914657712e-09,0.011391201056540012,0.0004809888487216085,4.809888487216084e-10,4.2224594784538465e-08,0.14873410761356354
UCI,0.000001,173,19,0.688858687877655,0.36115755925730764,0.5149999999999999,0.6880103349685669,0.004352116491645575,4.352116491645574e-09,0.010932515375316143,0.000483181094750762,4.83181094750762e-10,4.41966993105454e-08,0.1395549774169922
UCI,0.000001,173,20,0.6878342628479004,0.36115755925730764,0.5099999999999999,0.68767249584198,0.0042639849707484245,4.263984970748424e-09,0.010414902120828629,0.0004862480273004621,4.862480273004621e-10,4.668771935244797e-08,0.12564431130886078
UCI,0.000001,173,21,0.6870358884334564,0.36115755925730764,0.5099999999999999,0.6873506903648376,0.0041785165667533875,4.178516566753387e-09,0.00990238506346941,0.0004886832321062684,4.886832321062684e-10,4.935005344409954e-08,0.11247751116752625
UCI,0.000001,173,22,0.6862723529338837,0.36115755925730764,0.5099999999999999,0.6870208382606506,0.004094745963811874,4.0947459638118744e-09,0.009276931174099445,0.0004928396665491164,4.928396665491163e-10,5.312529082085796e-08,0.08758342266082764
UCI,0.00001,11,1,0.6931026577949524,0.23782391693748445,0.4799999999999999,0.6932818293571472,0.006059394683688879,6.05939468368888e-08,0.011457213200628757,0.0003658285131677985,3.6582851316779853e-09,3.192997343784458e-07,-0.09625156968832016
UCI,0.00001,11,2,0.6930323839187622,0.09523809523809523,0.48499999999999993,0.6928437948226929,0.005640216171741486,5.640216171741486e-08,0.010914985090494156,0.00035252782981842756,3.525278298184276e-09,3.229760067427335e-07,-0.10403222590684891
UCI,0.00001,11,3,0.6931083500385284,0.16682120232032635,0.48499999999999993,0.6924455165863037,0.005245840642601252,5.2458406426012524e-08,0.010443421080708504,0.00034043187042698264,3.4043187042698266e-09,3.2597734764888655e-07,-0.11532270163297653
UCI,0.00001,11,4,0.6922418773174286,0.18411492357966466,0.48999999999999994,0.6920529007911682,0.0048756068572402,4.875606857240201e-08,0.00997836608439684,0.00032959607779048383,3.295960777904839e-09,3.303106691043065e-07,-0.129061758518219
UCI,0.00001,11,5,0.6920689046382904,0.12531595371053228,0.48999999999999994,0.6916972398757935,0.004528822842985392,4.528822842985392e-08,0.009579476900398731,0.0003197506594005972,3.1975065940059724e-09,3.3378718141414185e-07,-0.14625585079193115
UCI,0.00001,11,6,0.691787451505661,0.2484646732989441,0.49499999999999994,0.6913689970970154,0.004204570781439543,4.204570781439543e-08,0.009233811870217323,0.0003109511162620038,3.109511162620038e-09,3.367527091005e-07,-0.1663629561662674
UCI,0.00001,11,7,0.6913315057754517,0.17323973216880925,0.49999999999999994,0.6910499930381775,0.003901925403624773,3.901925403624773e-08,0.008921151980757713,0.00030322332167997956,3.032233216799796e-09,3.3989256357700286e-07,-0.1893952637910843
UCI,0.00001,11,8,0.6908075511455536,0.2673939106929519,0.49999999999999994,0.6907749176025391,0.0036201027687639,3.6201027687639e-08,0.008679957129061222,0.00029608645127154887,2.960864512715489e-09,3.4111510790787973e-07,-0.2143995612859726
UCI,0.00001,11,9,0.6903041303157806,0.19493925957690475,0.5049999999999999,0.690493643283844,0.003357863985002041,3.357863985002041e-08,0.008447269909083843,0.00028991902945563197,2.89919029455632e-09,3.432103301729061e-07,-0.2413463592529297
UCI,0.00001,11,10,0.6899550557136536,0.22011272658140596,0.5049999999999999,0.6902173757553101,0.003114211605861783,3.1142116058617836e-08,0.008251228369772434,0.00028464646311476827,2.8464646311476828e-09,3.449746514804301e-07,-0.26962852478027344
UCI,0.00001,11,11,0.6901771426200867,0.21645482913637396,0.5099999999999999,0.6899462938308716,0.0028881868347525597,2.88818683475256e-08,0.0080998744815588,0.0002801759692374617,2.8017596923746173e-09,3.4590161844525593e-07,-0.298334002494812
UCI,0.00001,11,12,0.6896286308765411,0.22011272658140596,0.5099999999999999,0.6896867156028748,0.002678741468116641,2.6787414681166413e-08,0.00799608789384365,0.0002763789671007544,2.763789671007544e-09,3.4564273275878336e-07,-0.32593655586242676
UCI,0.00001,11,13,0.6900899112224579,0.21645482913637396,0.5149999999999999,0.6894267797470093,0.0024848156608641148,2.484815660864115e-08,0.007931548170745373,0.0002732800494413823,2.732800494413823e-09,3.4454818095834707e-07,-0.3513568937778473
UCI,0.00001,11,14,0.6895817816257477,0.22086305214969307,0.5149999999999999,0.6891727447509766,0.002305402886122465,2.305402886122465e-08,0.007918314076960087,0.00027074216632172465,2.7074216632172467e-09,3.4191895356803665e-07,-0.3731314241886139
UCI,0.00001,11,15,0.6886640787124634,0.21645482913637396,0.5199999999999999,0.6889213919639587,0.002139515243470669,2.1395152434706688e-08,0.007958387024700642,0.0002687231171876192,2.687231171876192e-09,3.3766027758335537e-07,-0.39018183946609497
UCI,0.00001,11,16,0.6891892552375793,0.2684624220856097,0.5199999999999999,0.6886588335037231,0.001986370887607336,1.986370887607336e-08,0.008008621633052826,0.00026719830930233,2.6719830930233005e-09,3.33638323228508e-07,-0.4035959243774414
UCI,0.00001,11,17,0.6887484192848206,0.21645482913637396,0.5249999999999999,0.6883897185325623,0.0018449918134137988,1.844991813413799e-08,0.008074652403593063,0.00026607929612509906,2.660792961250991e-09,3.2952414893636656e-07,-0.41313374042510986
UCI,0.00001,11,18,0.6886311769485474,0.21645482913637396,0.5249999999999999,0.6881122589111328,0.0017144993180409074,1.7144993180409074e-08,0.008172574453055859,0.00026535525103099644,2.6535525103099644e-09,3.24689915711659e-07,-0.41766250133514404
UCI,0.00001,11,19,0.6874958574771881,0.25908195902003417,0.5249999999999999,0.6878249645233154,0.0015941268065944314,1.5941268065944314e-08,0.00825265422463417,0.00026493475888855755,2.649347588885576e-09,3.210297580355753e-07,-0.4206433892250061
UCI,0.00001,11,20,0.6879602074623108,0.22086305214969307,0.5249999999999999,0.6875139474868774,0.00148314971011132,1.4831497101113202e-08,0.008353032171726227,0.0002648896479513496,2.6488964795134965e-09,3.1711795490021186e-07,-0.4182680547237396
UCI,0.00001,11,21,0.6871205270290375,0.22011272658140596,0.5249999999999999,0.6871820688247681,0.0013808648800477386,1.3808648800477386e-08,0.008420097641646862,0.0002650950918905437,2.650950918905437e-09,3.148361256279857e-07,-0.4155117869377136
UCI,0.00001,11,22,0.6874061524868011,0.21645482913637396,0.5299999999999999,0.6868314743041992,0.0012865461176261306,1.2865461176261307e-08,0.008516143076121807,0.0002655236457940191,2.655236457940191e-09,3.1178861536334915e-07,-0.4061982333660126
UCI,0.00001,11,23,0.6863280832767487,0.22715542521212734,0.5299999999999999,0.6864652633666992,0.001199535676278174,1.199535676278174e-08,0.00866365060210228,0.0002661005419213325,2.661005419213325e-09,3.0714597592008367e-07,-0.39017438888549805
UCI,0.00001,11,24,0.6868462264537811,0.2484646732989441,0.5299999999999999,0.6860764026641846,0.0011193414684385061,1.1193414684385063e-08,0.008807285688817501,0.00026673488900996745,2.6673488900996746e-09,3.0285708722794966e-07,-0.36857300996780396
UCI,0.00001,23,1,0.6938135325908661,0.12704247025712678,0.5099999999999999,0.6932576298713684,0.0051905009895563126,5.190500989556313e-08,0.015032252296805382,0.00038348682573996484,3.834868257399649e-09,2.551093596409785e-07,-0.052833281457424164
UCI,0.00001,23,2,0.6931602358818054,0.24112141108520604,0.5099999999999999,0.6928355097770691,0.00483483774587512,4.8348377458751206e-08,0.014436035417020321,0.0003689630830194801,3.6896308301948014e-09,2.555847726616593e-07,-0.054211296141147614
UCI,0.00001,23,3,0.6929703056812286,0.22808577638091165,0.5099999999999999,0.6924525499343872,0.00450026523321867,4.5002652332186705e-08,0.01396043598651886,0.00035619191476143897,3.5619191476143898e-09,2.551438329758483e-07,-0.06338951736688614
UCI,0.00001,23,4,0.692256897687912,0.23099715105270544,0.5049999999999999,0.6920810341835022,0.004186995327472687,4.186995327472687e-08,0.013517322950065136,0.00034406338818371296,3.44063388183713e-09,2.545351542274538e-07,-0.06998550146818161
UCI,0.00001,23,5,0.6919180154800415,0.18576071235199634,0.5049999999999999,0.6917321085929871,0.003893699962645769,3.8936999626457696e-08,0.013154467567801476,0.00033347660792060196,3.33476607920602e-09,2.535082520077522e-07,-0.0831691101193428
UCI,0.00001,23,6,0.6917068660259247,0.2358333153182891,0.49499999999999994,0.6913868188858032,0.0036200822796672583,3.620082279667259e-08,0.012820238247513771,0.0003238508361391723,3.2385083613917235e-09,2.526090622395233e-07,-0.09724932163953781
UCI,0.00001,23,7,0.6910986006259918,0.24198422796860888,0.49999999999999994,0.6910560131072998,0.003365197451785207,3.365197451785207e-08,0.012527693063020706,0.00031524040969088674,3.1524040969088675e-09,2.5163484458396784e-07,-0.1129537895321846
UCI,0.00001,23,8,0.691114753484726,0.21989091855183412,0.49999999999999994,0.6907294988632202,0.0031280345283448696,3.12803452834487e-08,0.012256248854100704,0.0003077882865909487,3.077882865909487e-09,2.511276412994574e-07,-0.13354921340942383
UCI,0.00001,23,9,0.691158264875412,0.2576735608413086,0.5049999999999999,0.6904178261756897,0.002907769288867712,2.9077692888677122e-08,0.012002457864582539,0.0003011488588526845,3.011488588526845e-09,2.5090599129810724e-07,-0.1563638150691986
UCI,0.00001,23,10,0.6904930770397186,0.27165268399721654,0.5049999999999999,0.6901211142539978,0.002703589852899313,2.703589852899313e-08,0.011771326884627342,0.0002951952628791332,2.9519526287913326e-09,2.5077484107984535e-07,-0.1787067949771881
UCI,0.00001,23,11,0.690557599067688,0.27431506742959905,0.49499999999999994,0.6898332834243774,0.0025144482497125864,2.5144482497125865e-08,0.011533343233168125,0.0002900117542594671,2.9001175425946715e-09,2.514550624188812e-07,-0.2044956088066101
UCI,0.00001,23,12,0.6895038187503815,0.27165268399721654,0.5049999999999999,0.6895579099655151,0.0023395742755383253,2.3395742755383255e-08,0.011322692967951298,0.0002852858742699027,2.8528587426990272e-09,2.519593837591462e-07,-0.22698140144348145
UCI,0.00001,23,13,0.6893226206302643,0.2997004492513102,0.5049999999999999,0.6892738938331604,0.002178062917664647,2.1780629176646474e-08,0.01111376192420721,0.00028117946931160986,2.811794693116099e-09,2.5300116308876893e-07,-0.2466905415058136
UCI,0.00001,23,14,0.689350038766861,0.2997004492513102,0.5049999999999999,0.6889830231666565,0.002028879476711154,2.0288794767111542e-08,0.010902468115091324,0.0002776267647277564,2.776267647277564e-09,2.5464579377532156e-07,-0.2658395767211914
UCI,0.00001,23,15,0.6892822682857513,0.2997004492513102,0.5049999999999999,0.688685953617096,0.0018909383798018098,1.89093837980181e-08,0.010633299127221107,0.0002746881218627095,2.7468812186270956e-09,2.5832821834148494e-07,-0.2923038899898529
UCI,0.00001,23,16,0.6888851523399353,0.29236564320829667,0.5049999999999999,0.6883877515792847,0.0017634315881878138,1.7634315881878138e-08,0.010301301255822182,0.0002722168283071369,2.7221682830713693e-09,2.6425479805600575e-07,-0.3260115087032318
UCI,0.00001,23,17,0.688989669084549,0.27431506742959905,0.48999999999999994,0.6880909204483032,0.00164582091383636,1.64582091383636e-08,0.00998010579496622,0.00026989448815584183,2.6989448815584186e-09,2.70432492100406e-07,-0.35409414768218994
UCI,0.00001,23,18,0.687688559293747,0.2656844656620286,0.5099999999999999,0.6877965331077576,0.0015372330090031028,1.537233009003103e-08,0.009671968407928944,0.0002676730800885707,2.6767308008857073e-09,2.767514003345339e-07,-0.378917932510376
UCI,0.00001,23,19,0.6876649260520935,0.2997004492513102,0.5099999999999999,0.6874881982803345,0.0014370415592566133,1.4370415592566134e-08,0.009329818189144135,0.0002656543510966003,2.656543510966003e-09,2.8473690023853504e-07,-0.4005204141139984
UCI,0.00001,23,20,0.6884401440620422,0.3104602102825332,0.5099999999999999,0.6871746778488159,0.0013445421354845166,1.3445421354845168e-08,0.008979473263025284,0.0002636604767758399,2.6366047677583994e-09,2.936257718607091e-07,-0.4165111482143402
UCI,0.00001,23,21,0.6871715784072876,0.34141531479696996,0.5099999999999999,0.6868741512298584,0.0012589087709784508,1.2589087709784509e-08,0.00863375049084425,0.0002617709105834365,2.617709105834365e-09,3.031948987419016e-07,-0.43436771631240845
UCI,0.00001,23,22,0.6866814494132996,0.34141531479696996,0.5099999999999999,0.6865677237510681,0.0011796854669228196,1.1796854669228198e-08,0.008319079875946045,0.00025990133872255683,2.5990133872255685e-09,3.124159673884618e-07,-0.4482988715171814
UCI,0.00001,23,23,0.6865473985671997,0.3267616012328021,0.5099999999999999,0.6862612366676331,0.0011063775746151805,1.1063775746151806e-08,0.008077425882220268,0.000258042971836403,2.5804297183640303e-09,3.1946188748620733e-07,-0.4529046416282654
UCI,0.00001,23,24,0.6844753324985504,0.337099931231621,0.5099999999999999,0.6859676837921143,0.0010386002250015736,1.0386002250015736e-08,0.00784992054104805,0.0002561772707849741,2.5617727078497413e-09,3.2634377564129037e-07,-0.445468008518219
UCI,0.00001,23,25,0.6846908330917358,0.337099931231621,0.5099999999999999,0.6856645345687866,0.0009758337982930243,9.758337982930244e-09,0.007656392641365528,0.00025432812981307507,2.543281298130751e-09,3.32177491053692e-07,-0.42773905396461487
UCI,0.00001,23,26,0.6864432990550995,0.337099931231621,0.5099999999999999,0.6853580474853516,0.0009176894091069698,9.1768940910697e-09,0.00743846083059907,0.000252426863880828,2.5242686388082806e-09,3.393536238605137e-07,-0.3980536162853241
UCI,0.00001,23,27,0.6846840977668762,0.34141531479696996,0.5149999999999999,0.6850764155387878,0.0008636871934868395,8.636871934868396e-09,0.0073386565782129765,0.00025072359130717814,2.5072359130717814e-09,3.4164780520119587e-07,-0.36457768082618713
UCI,0.00001,23,28,0.6849794685840607,0.35136418446315326,0.5149999999999999,0.6847995519638062,0.0008134791278280318,8.134791278280318e-09,0.007528536021709442,0.0002490519545972347,2.4905195459723476e-09,3.3081060365396857e-07,-0.31468597054481506
UCI,0.00001,23,29,0.6841938197612762,0.35136418446315326,0.5149999999999999,0.6845294237136841,0.0007668004836887121,7.668004836887121e-09,0.007882004603743553,0.00024749344447627664,2.4749344447627664e-09,3.1399809682771536e-07,-0.26435378193855286
UCI,0.00001,23,30,0.6827593445777893,0.3708099243547831,0.5099999999999999,0.6842435598373413,0.0007234548684209585,7.234548684209586e-09,0.007796143647283316,0.00024600705364719033,2.4600705364719036e-09,3.1554966760125723e-07,-0.23682254552841187
UCI,0.00001,23,31,0.6858149766921997,0.3708099243547831,0.5099999999999999,0.683953046798706,0.0006831445498391986,6.831445498391986e-09,0.007551755290478468,0.000244582915911451,2.44582915911451e-09,3.238755845542694e-07,-0.2156038135290146
UCI,0.00001,23,32,0.6862085461616516,0.3803341794400215,0.5049999999999999,0.6836588382720947,0.0006456203409470618,6.456203409470619e-09,0.007137388456612825,0.0002436158829368651,2.436158829368651e-09,3.41323558914821e-07,-0.23377330601215363
UCI,0.00001,23,33,0.6832485795021057,0.38644907980014026,0.49999999999999994,0.6833670139312744,0.0006106949876993895,6.106949876993895e-09,0.00713914493098855,0.0002434090565657243,2.434090565657243e-09,3.409498741357247e-07,-0.26098474860191345
UCI,0.00001,23,34,0.6838548481464386,0.3897418814769785,0.5049999999999999,0.6830523610115051,0.000578159699216485,5.781596992164851e-09,0.00719029875472188,0.00024331557506229728,2.433155750622973e-09,3.383942494774805e-07,-0.30231496691703796
UCI,0.00001,23,35,0.6823573708534241,0.39904344223381105,0.49999999999999994,0.6827234029769897,0.000547849340364337,5.47849340364337e-09,0.00746703427284956,0.00024358241353183985,2.4358241353183987e-09,3.262103863879605e-07,-0.3489856719970703
UCI,0.00001,23,36,0.6845830082893372,0.3897418814769785,0.49999999999999994,0.682377278804779,0.0005196083220653236,5.1960832206532365e-09,0.007886973209679127,0.00024402669805567712,2.4402669805567712e-09,3.0940475080630467e-07,-0.38540297746658325
UCI,0.00001,23,37,0.6812551319599152,0.39904344223381105,0.49499999999999994,0.6820195317268372,0.0004933266318403184,4.9332663184031845e-09,0.008455384522676468,0.00024510265211574733,2.4510265211574736e-09,2.89877593926577e-07,-0.42905932664871216
UCI,0.00001,23,38,0.6807449758052826,0.39904344223381105,0.49499999999999994,0.6816344857215881,0.0004689773777499795,4.689773777499796e-09,0.008748025633394718,0.000246563897235319,2.4656389723531902e-09,2.818509084999544e-07,-0.45523717999458313
UCI,0.00001,23,39,0.6814170181751251,0.39904344223381105,0.49499999999999994,0.6812105774879456,0.00044644216541200876,4.464421654120088e-09,0.008701642043888569,0.00024829612812027335,2.4829612812027336e-09,2.853439923958483e-07,-0.4556353986263275
UCI,0.00001,23,40,0.6809139549732208,0.39904344223381105,0.49499999999999994,0.6807664632797241,0.0004256220126990229,4.256220126990229e-09,0.008800627663731575,0.00025046837981790304,2.5046837981790306e-09,2.8460285946434573e-07,-0.43114352226257324
UCI,0.00001,37,1,0.6962581276893616,0.10540925533894598,0.5499999999999999,0.695963978767395,0.0029597333632409573,2.9597333632409576e-08,0.02374088205397129,0.0003227685810998082,3.2276858109980825e-09,1.3595475533134906e-07,-0.20364874601364136
UCI,0.00001,37,2,0.6963755190372467,0.14907119849998599,0.5399999999999999,0.6950103044509888,0.0027526512276381254,2.7526512276381258e-08,0.022714702412486076,0.0003191357827745378,3.1913578277453783e-09,1.404974526979106e-07,-0.21845301985740662
UCI,0.00001,37,3,0.6948738694190979,0.16807316136320358,0.5449999999999999,0.6940991282463074,0.002558982465416193,2.5589824654161933e-08,0.02167920581996441,0.0003159600601065904,3.159600601065904e-09,1.457433739641986e-07,-0.23467549681663513
UCI,0.00001,37,4,0.6942646205425262,0.16807316136320358,0.5449999999999999,0.6932360529899597,0.002378256293013692,2.378256293013692e-08,0.02065969631075859,0.00031324103474617004,3.132410347461701e-09,1.5161938008887817e-07,-0.2529661953449249
UCI,0.00001,37,5,0.6937388777732849,0.2,0.5399999999999999,0.6924319863319397,0.0022099914494901896,2.2099914494901898e-08,0.019659830257296562,0.0003108918317593634,3.1089183175936344e-09,1.5813556256111563e-07,-0.2732272446155548
UCI,0.00001,37,6,0.6925553679466248,0.16807316136320358,0.5399999999999999,0.6916738152503967,0.002053667325526476,2.053667325526476e-08,0.018654150888323784,0.0003088972298428416,3.0889722984284166e-09,1.6559168610359538e-07,-0.29521241784095764
UCI,0.00001,37,7,0.6915078461170197,0.25362863675089403,0.5349999999999999,0.6909599304199219,0.0019087366526946425,1.9087366526946428e-08,0.01764136552810669,0.0003072732361033559,3.072732361033559e-09,1.7417769367898424e-07,-0.3190748393535614
UCI,0.00001,37,8,0.6908657550811768,0.2,0.5349999999999999,0.6903015971183777,0.0017746243393048644,1.7746243393048646e-08,0.01664673537015915,0.0003060110320802778,3.0601103208027782e-09,1.8382645322087093e-07,-0.34465017914772034
UCI,0.00001,37,9,0.6897853314876556,0.16807316136320358,0.5349999999999999,0.6896881461143494,0.0016507371328771114,1.6507371328771116e-08,0.015661921352148056,0.00030513896490447223,3.0513896490447227e-09,1.948285641612049e-07,-0.37156379222869873
UCI,0.00001,37,10,0.6900300681591034,0.21442250696755896,0.5299999999999999,0.689132571220398,0.0015364601276814938,1.5364601276814937e-08,0.014741268008947372,0.00030459812842309475,3.0459812842309475e-09,2.066295302671491e-07,-0.3990350365638733
UCI,0.00001,37,11,0.6885529458522797,0.2,0.5299999999999999,0.6886451244354248,0.0014311603736132383,1.4311603736132384e-08,0.013952412642538548,0.00030438852263614535,3.0438852263614537e-09,2.1816192685422464e-07,-0.42485177516937256
UCI,0.00001,37,12,0.6881285607814789,0.24743582965269675,0.5249999999999999,0.6882114410400391,0.0013342781458050013,1.3342781458050014e-08,0.013336093164980412,0.00030448526376858354,3.0448526376858357e-09,2.283166891546163e-07,-0.4472726583480835
UCI,0.00001,37,13,0.6879543364048004,0.22808577638091165,0.5249999999999999,0.6878165006637573,0.0012452369555830956,1.2452369555830956e-08,0.01291097141802311,0.0003049100050702691,3.0491000507026913e-09,2.3616348855410608e-07,-0.4631326496601105
UCI,0.00001,37,14,0.6876831948757172,0.2,0.5249999999999999,0.6874682903289795,0.0011634801048785448,1.1634801048785449e-08,0.012733855284750462,0.0003056426940020174,3.056426940020174e-09,2.4002369052210173e-07,-0.47003284096717834
UCI,0.00001,37,15,0.6875371932983398,0.2,0.5249999999999999,0.6871559619903564,0.001088434481061995,1.0884344810619951e-08,0.012859373353421688,0.00030667457031086087,3.066745703108609e-09,2.3848329298974697e-07,-0.4647250175476074
UCI,0.00001,53,1,0.701602578163147,0.0,0.05,0.7003090977668762,0.002318460261449218,2.318460261449218e-08,0.027525989338755608,0.0002649257949087769,2.649257949087769e-09,9.624569407784041e-08,-0.11364666372537613
UCI,0.00001,53,2,0.7005705535411835,0.0,0.05,0.6992225646972656,0.0021061471197754145,2.1061471197754146e-08,0.026063621044158936,0.0002569382486399263,2.569382486399263e-09,9.858117880266994e-08,-0.12675194442272186
UCI,0.00001,53,3,0.6994325816631317,0.0,0.05,0.6982133388519287,0.0019103441154584289,1.910344115458429e-08,0.02476956881582737,0.00024976744316518307,2.4976744316518307e-09,1.00836411413664e-07,-0.1399369090795517
UCI,0.00001,53,4,0.6966053247451782,0.0,0.05,0.6972741484642029,0.0017303931526839733,1.7303931526839735e-08,0.023609431460499763,0.00024344350094906986,2.4344350094906987e-09,1.0311281800934848e-07,-0.1560426503419876
UCI,0.00001,53,5,0.6960057020187378,0.0,0.05,0.6964152455329895,0.0015655490569770336,1.5655490569770338e-08,0.022593235597014427,0.00023794845037627965,2.3794845037627966e-09,1.053184477958187e-07,-0.17507116496562958
UCI,0.00001,53,6,0.6964607834815979,0.18576071235199634,0.5399999999999999,0.6956138610839844,0.0014150617644190788,1.415061764419079e-08,0.021677697077393532,0.00023323854838963598,2.33238548389636e-09,1.0759378524246819e-07,-0.19566510617733002
UCI,0.00001,53,7,0.6940666437149048,0.0784735610658242,0.5349999999999999,0.6948584318161011,0.0012781348777934909,1.278134877793491e-08,0.020818909630179405,0.00022927450481802225,2.2927450481802225e-09,1.101280080901367e-07,-0.2169780135154724
UCI,0.00001,53,8,0.6955603063106537,0.18576071235199634,0.5349999999999999,0.6941642761230469,0.0011538730468600988,1.153873046860099e-08,0.020059427246451378,0.00022602609533350915,2.260260953335092e-09,1.1267823979046781e-07,-0.2396308034658432
UCI,0.00001,53,9,0.6936891078948975,0.15900879764848913,0.5299999999999999,0.693468451499939,0.0010414833668619394,1.0414833668619396e-08,0.019305147230625153,0.0002234992425655946,2.2349924256559463e-09,1.1577184048150724e-07,-0.26350507140159607
UCI,0.00001,53,10,0.6929378509521484,0.18576071235199634,0.5299999999999999,0.6927971243858337,0.0009400566341355443,9.400566341355444e-09,0.018574127927422523,0.00022158765932545066,2.215876593254507e-09,1.1929909182885647e-07,-0.2879422903060913
UCI,0.00001,53,11,0.6923985481262207,0.1294595556006309,0.5499999999999999,0.6921545267105103,0.0008487082668580115,8.487082668580115e-09,0.01785154826939106,0.0002201537718065083,2.201537718065083e-09,1.2332474947508743e-07,-0.3120865225791931
UCI,0.00001,53,12,0.6922890841960907,0.17407765595569785,0.5249999999999999,0.6915165185928345,0.0007666517631150782,7.666517631150783e-09,0.01709602214396,0.00021920511790085584,2.1920511790085587e-09,1.28219954358389e-07,-0.33659806847572327
UCI,0.00001,53,13,0.6917348206043243,0.17232808737106584,0.5199999999999999,0.6909146904945374,0.0006930390954948962,6.9303909549489624e-09,0.016316838562488556,0.0002186081255786121,2.186081255786121e-09,1.3397701076799227e-07,-0.3601451516151428
UCI,0.00001,53,14,0.6906820833683014,0.16222142113076254,0.5199999999999999,0.6903207302093506,0.0006271866732276976,6.271866732276977e-09,0.015459130518138409,0.00021839204418938607,2.183920441893861e-09,1.412705869409303e-07,-0.38313308358192444
UCI,0.00001,71,1,0.695054680109024,0.0,0.05,0.6948875188827515,0.005455382633954287,5.455382633954287e-08,0.021004529669880867,0.0004409691027831286,4.409691027831287e-09,2.0994000328198245e-07,-0.09031164646148682
UCI,0.00001,71,2,0.6948677003383636,0.0,0.05,0.6941903829574585,0.005005976650863886,5.005976650863886e-08,0.019971920177340508,0.0004208321333862841,4.208321333862841e-09,2.1071190433844544e-07,-0.08734236657619476
UCI,0.00001,71,3,0.6941194236278534,0.0,0.05,0.6935175657272339,0.0045875064097344875,4.587506409734488e-08,0.018953874707221985,0.00040195704787038267,4.019570478703827e-09,2.1207117493354811e-07,-0.08331091701984406
UCI,0.00001,71,4,0.6932910680770874,0.13793431476706133,0.48499999999999993,0.6928731203079224,0.004198893439024687,4.198893439024687e-08,0.01799904741346836,0.00038457062328234315,3.845706232823432e-09,2.1366165355760768e-07,-0.08063844591379166
UCI,0.00001,71,5,0.6926465928554535,0.1846372364689991,0.48999999999999994,0.6922695636749268,0.003838948206976056,3.8389482069760563e-08,0.017150186002254486,0.00036887580063194036,3.688758006319404e-09,2.1508559766258492e-07,-0.08167609572410583
UCI,0.00001,71,6,0.69187331199646,0.18123858497615616,0.48999999999999994,0.6917180418968201,0.0035064630210399628,3.5064630210399634e-08,0.016442328691482544,0.00035495765041559935,3.549576504155994e-09,2.158804005660552e-07,-0.08794449269771576
UCI,0.00001,71,7,0.6916894614696503,0.22808577638091165,0.49499999999999994,0.6911991834640503,0.0032001326326280832,3.200132632628084e-08,0.015849506482481956,0.0003426624462008476,3.4266244620084763e-09,2.1619754948179834e-07,-0.10097092390060425
UCI,0.00001,71,8,0.691267728805542,0.17557911458287687,0.49499999999999994,0.6907065510749817,0.0029187374748289585,2.9187374748289587e-08,0.015346373431384563,0.0003317949885968119,3.3179498859681193e-09,2.1620416711499056e-07,-0.11744619905948639
UCI,0.00001,71,9,0.6905263662338257,0.22808577638091165,0.49999999999999994,0.690222978591919,0.0026610111817717552,2.6610111817717554e-08,0.014902880415320396,0.00032208990887738764,3.2208990887738766e-09,2.1612594337553305e-07,-0.13351865112781525
UCI,0.00001,71,10,0.690279632806778,0.28322059201851035,0.49999999999999994,0.6897519826889038,0.0024253034498542547,2.425303449854255e-08,0.014542236924171448,0.0003137988969683647,3.1379889696836473e-09,2.157844756653513e-07,-0.15364807844161987
UCI,0.00001,71,11,0.6897671222686768,0.22808577638091165,0.5049999999999999,0.6892870664596558,0.0022103104274719954,2.2103104274719956e-08,0.014247010461986065,0.000306609581457451,3.06609581457451e-09,2.1520976788467166e-07,-0.17234280705451965
UCI,0.00001,71,12,0.6890377402305603,0.2773500981126146,0.5049999999999999,0.688826322555542,0.0020145801827311516,2.014580182731152e-08,0.014033343642950058,0.00030047298059798777,3.004729805979878e-09,2.1411360559743481e-07,-0.18801094591617584
UCI,0.00001,71,13,0.6889187097549438,0.22808577638091165,0.5099999999999999,0.6883639097213745,0.0018366517033427954,1.8366517033427957e-08,0.013911562971770763,0.00029532797634601593,2.9532797634601595e-09,2.1228957303021466e-07,-0.20033234357833862
UCI,0.00001,71,14,0.6885792016983032,0.2656844656620286,0.5099999999999999,0.6879007816314697,0.0016750522190704942,1.6750522190704944e-08,0.013860189355909824,0.00029122474370524287,2.912247437052429e-09,2.1011599208856987e-07,-0.2116464078426361
UCI,0.00001,71,15,0.688353955745697,0.22808577638091165,0.5149999999999999,0.6874348521232605,0.0015284873079508543,1.5284873079508544e-08,0.013868213631212711,0.0002879941021092236,2.8799410210922365e-09,2.0766488732265072e-07,-0.220026433467865
UCI,0.00001,71,16,0.6872809827327728,0.24112141108520604,0.5149999999999999,0.6869712471961975,0.0013957229675725102,1.3957229675725104e-08,0.013926786370575428,0.00028548759291879833,2.8548759291879835e-09,2.0499172265755272e-07,-0.22502674162387848
UCI,0.00001,71,17,0.687142550945282,0.25362863675089403,0.5149999999999999,0.6864849925041199,0.0012755243806168437,1.2755243806168439e-08,0.013937385752797127,0.0002837573119904846,2.837573119904846e-09,2.035943591024857e-07,-0.2301652878522873
UCI,0.00001,71,18,0.6860319077968597,0.28867513459481287,0.5149999999999999,0.6859883666038513,0.0011668074876070023,1.1668074876070024e-08,0.014057989232242107,0.00028244819259271026,2.8244819259271027e-09,2.0091649518759992e-07,-0.2266538292169571
UCI,0.00001,71,19,0.685875654220581,0.22808577638091165,0.5199999999999999,0.6854638457298279,0.0010684998705983162,1.0684998705983163e-08,0.014233341440558434,0.00028155147447250783,2.8155147447250785e-09,1.9781122770666942e-07,-0.21589189767837524
UCI,0.00001,71,20,0.6834786534309387,0.24112141108520604,0.5199999999999999,0.6849309206008911,0.0009795663645491004,9.795663645491005e-09,0.01441196072846651,0.00028103170916438103,2.8103170916438105e-09,1.949989418228757e-07,-0.20255497097969055
UCI,0.00001,71,21,0.6844276785850525,0.25362863675089403,0.5199999999999999,0.6843528151512146,0.0008991837385110557,8.991837385110559e-09,0.014665031805634499,0.0002808096178341657,2.8080961783416573e-09,1.9148244719542646e-07,-0.18016448616981506
UCI,0.00001,71,22,0.6833341121673584,0.2773500981126146,0.5199999999999999,0.6837546229362488,0.0008264905191026628,8.264905191026628e-09,0.015026045963168144,0.00028071357519365847,2.807135751936585e-09,1.868179931578433e-07,-0.14977696537971497
UCI,0.00001,71,23,0.6836312711238861,0.2773500981126146,0.5199999999999999,0.6831087470054626,0.0007606853032484651,7.606853032484651e-09,0.015360962599515915,0.0002809041179716587,2.809041179716587e-09,1.8286882488764806e-07,-0.11616410315036774
UCI,0.00001,71,24,0.6826717555522919,0.28867513459481287,0.5199999999999999,0.682443380355835,0.0007011176785454154,7.011176785454155e-09,0.015855466946959496,0.0002810701262205839,2.8107012622058393e-09,1.7727016628449597e-07,-0.07483091950416565
UCI,0.00001,71,25,0.6824741065502167,0.2997004492513102,0.5199999999999999,0.6817342042922974,0.0006470843800343573,6.470843800343574e-09,0.016127727925777435,0.0002815804327838123,2.815804327838123e-09,1.745939874976151e-07,-0.038429319858551025
UCI,0.00001,71,26,0.6820792257785797,0.2997004492513102,0.5199999999999999,0.6809936165809631,0.000598028302192688,5.98028302192688e-09,0.01628941483795643,0.0002822261012624949,2.8222610126249496e-09,1.7325736011392618e-07,-0.0034809422213584185
UCI,0.00001,71,27,0.6813021004199982,0.28867513459481287,0.5199999999999999,0.6802218556404114,0.0005534286028705537,5.5342860287055374e-09,0.01658330298960209,0.00028268646565265954,2.8268646565265958e-09,1.7046451230488103e-07,0.0387507863342762
UCI,0.00001,71,28,0.6778633296489716,0.28322059201851035,0.5149999999999999,0.679450273513794,0.0005128929042257369,5.128929042257369e-09,0.016439050436019897,0.0002833191829267889,2.8331918292678896e-09,1.7234522397108972e-07,0.06442525237798691
UCI,0.00001,71,29,0.6762591004371643,0.2997004492513102,0.5149999999999999,0.6786825656890869,0.0004761590389534831,4.761590389534831e-09,0.01643650233745575,0.00028380120056681335,2.8380120056681336e-09,1.726652025717679e-07,0.09970953315496445
UCI,0.00001,71,30,0.6772059798240662,0.30338993810845893,0.5099999999999999,0.6779000163078308,0.00044286157935857773,4.428615793585778e-09,0.017099561169743538,0.0002839559456333518,2.8395594563335184e-09,1.6606037009639276e-07,0.16189482808113098
UCI,0.00001,71,31,0.6776506006717682,0.3104602102825332,0.5099999999999999,0.6771451234817505,0.00041255069663748145,4.1255069663748145e-09,0.017143674194812775,0.00028411095263436437,2.841109526343644e-09,1.6572349042909886e-07,0.20316562056541443
UCI,0.00001,71,32,0.6769624352455139,0.30547686060781526,0.5049999999999999,0.6764459013938904,0.0003852032823488116,3.852032823488117e-09,0.01882140524685383,0.0002837000647559762,2.8370006475597624e-09,1.507326690197053e-07,0.2648128271102905
UCI,0.00001,71,33,0.6739148497581482,0.30547686060781526,0.49999999999999994,0.6757665872573853,0.00036029101465828717,3.6029101465828718e-09,0.01917146146297455,0.00028330329223535955,2.833032922353596e-09,1.4777344584944525e-07,0.289254754781723
UCI,0.00001,71,34,0.6739209592342377,0.3312945782245396,0.49499999999999994,0.6751091480255127,0.0003376387758180499,3.3763877581804993e-09,0.0196662787348032,0.0002825615811161697,2.825615811161697e-09,1.436782143314808e-07,0.30877000093460083
UCI,0.00001,71,35,0.6773469746112823,0.3209833376209784,0.48999999999999994,0.6744579672813416,0.0003169552073813975,3.169552073813975e-09,0.01727808080613613,0.00028209242736920714,2.820924273692072e-09,1.6326606556268968e-07,0.2946377694606781
UCI,0.00001,71,36,0.6752528846263885,0.34141531479696996,0.4799999999999999,0.6738408207893372,0.0002981495636049658,2.9814956360496585e-09,0.012205632403492928,0.0002823842514771968,2.8238425147719684e-09,2.3135569066981403e-07,0.18898451328277588
UCI,0.00001,71,37,0.6744586825370789,0.3312945782245396,0.4749999999999999,0.6732785105705261,0.00028133089654147625,2.8133089654147628e-09,0.010373546741902828,0.00028279467369429767,2.827946736942977e-09,2.726113649750851e-07,0.06846824288368225
UCI,0.00001,71,38,0.6750759482383728,0.3312945782245396,0.4699999999999999,0.6727316975593567,0.00026640528813004494,2.6640528813004496e-09,0.010808106511831284,0.0002834776241797954,2.834776241797954e-09,2.6228241169670345e-07,0.06099357455968857
UCI,0.00001,71,39,0.6744513213634491,0.34141531479696996,0.4649999999999999,0.6721709966659546,0.00025285681476816535,2.5285681476816538e-09,0.011752136051654816,0.0002845934359356761,2.845934359356761e-09,2.421631562847697e-07,0.07138029485940933
UCI,0.00001,71,40,0.6707332730293274,0.3246172270321178,0.4599999999999999,0.6715674996376038,0.0002409374137641862,2.409374137641862e-09,0.013427123427391052,0.00028557839686982334,2.8557839686982335e-09,2.1268769771435137e-07,0.13007678091526031
UCI,0.00001,89,1,0.6918624937534332,0.16807316136320358,0.5099999999999999,0.6917654871940613,0.005156292114406824,5.156292114406825e-08,0.011825745925307274,0.00046397835831157863,4.639783583115786e-09,3.9234595537745994e-07,-0.13896764814853668
UCI,0.00001,89,2,0.6921696662902832,0.16487498971248796,0.48999999999999994,0.6914920806884766,0.0047128573060035706,4.712857306003571e-08,0.01162109337747097,0.00043975276639685035,4.397527663968504e-09,3.784091153155773e-07,-0.16005685925483704
UCI,0.00001,89,3,0.6916666030883789,0.1655211777204736,0.49999999999999994,0.691238522529602,0.004300570581108332,4.300570581108332e-08,0.011428073048591614,0.0004194907669443637,4.194907669443637e-09,3.670704283746781e-07,-0.192954421043396
UCI,0.00001,89,4,0.6910432577133179,0.1655211777204736,0.49999999999999994,0.6909886598587036,0.003919645678251982,3.919645678251982e-08,0.011260098777711391,0.00040156696923077106,4.015669692307711e-09,3.5662828289361536e-07,-0.22594889998435974
UCI,0.00001,89,5,0.6910099983215332,0.1709786436730771,0.49999999999999994,0.6907292008399963,0.003568633459508419,3.5686334595084195e-08,0.011089322157204151,0.00038628437323495746,3.862843732349575e-09,3.483390307891892e-07,-0.26150792837142944
UCI,0.00001,89,6,0.690118283033371,0.1846372364689991,0.5249999999999999,0.6904758810997009,0.0032466251868754625,3.246625186875463e-08,0.01095378678292036,0.0003724329872056842,3.7243298720568422e-09,3.400038676911245e-07,-0.29205870628356934
UCI,0.00001,89,7,0.6907662153244019,0.175919798853417,0.48499999999999993,0.6902078986167908,0.002951796166598797,2.951796166598797e-08,0.010812094435095787,0.00036056709359399974,3.605670935939998e-09,3.334849651549547e-07,-0.32324954867362976
UCI,0.00001,89,8,0.6899287104606628,0.1655211777204736,0.5049999999999999,0.689943253993988,0.002682323334738612,2.6823233347386125e-08,0.010687864385545254,0.0003505647764541209,3.505647764541209e-09,3.2800264281818584e-07,-0.3560563623905182
UCI,0.00001,89,9,0.6899187862873077,0.1846372364689991,0.5349999999999999,0.6896664500236511,0.0024368150625377893,2.4368150625377896e-08,0.010563813149929047,0.00034226433490402997,3.4226433490403e-09,3.239969602324222e-07,-0.38919582962989807
UCI,0.00001,89,10,0.6893194615840912,0.22587697572631282,0.4799999999999999,0.6893841624259949,0.00221362616866827,2.2136261686682703e-08,0.010453409515321255,0.0003354243526700884,3.3542435267008844e-09,3.2087554991361127e-07,-0.4216820001602173
UCI,0.00001,89,11,0.6891912221908569,0.18699392279626206,0.4799999999999999,0.6890933513641357,0.00201119645498693,2.01119645498693e-08,0.010337417013943195,0.00032994308276101947,3.299430827610195e-09,3.191736217238692e-07,-0.4525105357170105
UCI,0.00001,89,12,0.6897620260715485,0.1892583246525563,0.5049999999999999,0.6887972354888916,0.0018278042552992702,1.8278042552992703e-08,0.010227955877780914,0.0003256098716519773,3.2560987165197733e-09,3.183528317318304e-07,-0.4830673933029175
UCI,0.00001,89,13,0.688647598028183,0.20085883379503597,0.5049999999999999,0.6885064244270325,0.0016620128881186247,1.662012888118625e-08,0.01014685072004795,0.0003221155784558505,3.221155784558505e-09,3.1745374731828937e-07,-0.5096242427825928
UCI,0.00001,89,14,0.6874123513698578,0.23280223035107195,0.4749999999999999,0.6882124543190002,0.0015123102348297834,1.5123102348297836e-08,0.0100718317553401,0.0003194469027221203,3.194469027221203e-09,3.171686248161851e-07,-0.5337627530097961
UCI,0.00001,89,15,0.6886573731899261,0.19728305039201205,0.5049999999999999,0.6878958344459534,0.0013774883700534701,1.3774883700534703e-08,0.009983377531170845,0.00031758580007590353,3.1758580007590354e-09,3.181145850533184e-07,-0.5547796487808228
UCI,0.00001,89,16,0.6886840760707855,0.19728305039201205,0.5049999999999999,0.6875787377357483,0.0012561044422909617,1.2561044422909619e-08,0.009908024221658707,0.0003161950735375285,3.1619507353752855e-09,3.1913029930461173e-07,-0.5710501670837402
UCI,0.00001,89,17,0.6874679028987885,0.23280223035107195,0.4699999999999999,0.6872630715370178,0.0011467855656519532,1.1467855656519533e-08,0.009851605631411076,0.0003151760611217469,3.151760611217469e-09,3.1992354638804524e-07,-0.5837914943695068
UCI,0.00001,89,18,0.6865555047988892,0.20085883379503597,0.5099999999999999,0.6869324445724487,0.0010485149687156081,1.0485149687156083e-08,0.009801953099668026,0.00031449022935703397,3.14490229357034e-09,3.20844454323787e-07,-0.5918935537338257
UCI,0.00001,89,19,0.6874896585941315,0.20478889182363452,0.5199999999999999,0.6865847110748291,0.0009603425278328359,9.60342527832836e-09,0.00971965491771698,0.0003140687185805291,3.1406871858052914e-09,3.231274373826224e-07,-0.5939558148384094
UCI,0.00001,89,20,0.6871480047702789,0.2316661873125233,0.4649999999999999,0.6862276792526245,0.0008811043808236718,8.811043808236718e-09,0.00965872686356306,0.00031369851785711944,3.1369851785711948e-09,3.2478247111482923e-07,-0.5897198915481567
UCI,0.00001,89,21,0.6859065294265747,0.20085883379503597,0.5099999999999999,0.6858584880828857,0.0008099421975202858,8.09942197520286e-09,0.009591481648385525,0.00031328463228419423,3.1328463228419425e-09,3.2662798488169714e-07,-0.5813876390457153
UCI,0.00001,89,22,0.685314953327179,0.23280223035107195,0.4599999999999999,0.6854760646820068,0.0007460527122020721,7.460527122020722e-09,0.00950627401471138,0.00031287461752071977,3.128746175207198e-09,3.2912434149965854e-07,-0.566207766532898
UCI,0.00001,107,1,0.6963991224765778,0.0,0.05,0.6959210634231567,0.003934612963348627,3.934612963348627e-08,0.016831813380122185,0.00041925019468180835,4.1925019468180835e-09,2.4908201226668123e-07,0.13533946871757507
UCI,0.00001,107,2,0.6962787806987762,0.0,0.05,0.6952494382858276,0.0035428120754659176,3.542812075465918e-08,0.01593494787812233,0.00040178842027671635,4.0178842027671635e-09,2.521429146488432e-07,0.11850719898939133
UCI,0.00001,107,3,0.6952644288539886,0.0,0.05,0.6946215033531189,0.003182584885507822,3.1825848855078226e-08,0.015126549638807774,0.00038602479617111385,3.860247961711139e-09,2.551968594217624e-07,0.09748774021863937
UCI,0.00001,107,4,0.6948106288909912,0.0,0.05,0.6940374970436096,0.0028529027476906776,2.852902747690678e-08,0.014476449228823185,0.0003720205568242818,3.7202055682428184e-09,2.569832912366205e-07,0.0704009160399437
UCI,0.00001,107,5,0.6935052871704102,0.1846372364689991,0.48499999999999993,0.6934959888458252,0.002552514895796776,2.552514895796776e-08,0.01392995472997427,0.00035983839188702404,3.5983839188702407e-09,2.5831985735942785e-07,0.039219263941049576
UCI,0.00001,107,6,0.6935727894306183,0.186858321674153,0.48499999999999993,0.6929854154586792,0.0022800888400524855,2.2800888400524857e-08,0.013521406799554825,0.00034924608189612627,3.492460818961263e-09,2.582912318765713e-07,0.001556167844682932
UCI,0.00001,107,7,0.6927311420440674,0.17323973216880925,0.48999999999999994,0.692497968673706,0.0020340385381132364,2.0340385381132367e-08,0.013197948224842548,0.0003402806760277599,3.4028067602775995e-09,2.578284671455585e-07,-0.040434155613183975
UCI,0.00001,107,8,0.6923164427280426,0.14595127662315596,0.48999999999999994,0.6920303702354431,0.0018127933144569397,1.81279331445694e-08,0.0129707595333457,0.0003328499151393771,3.3284991513937716e-09,2.566155931606584e-07,-0.08647772669792175
UCI,0.00001,107,9,0.6919727325439453,0.19781414201873612,0.49499999999999994,0.691566526889801,0.0016146445414051414,1.6146445414051414e-08,0.01281441655009985,0.0003269249864388257,3.2692498643882575e-09,2.5512280263456736e-07,-0.13595131039619446
UCI,0.00001,107,10,0.6913667917251587,0.19367011027991354,0.49999999999999994,0.6911137700080872,0.001437872531823814,1.437872531823814e-08,0.012726874090731144,0.00032235734397545457,3.223573439754546e-09,2.532887036340088e-07,-0.1866864413022995
UCI,0.00001,107,11,0.6907639503479004,0.17897494805707315,0.49999999999999994,0.6906721591949463,0.001280764932744205,1.2807649327442051e-08,0.012711340561509132,0.0003190358984284103,3.1903589842841034e-09,2.5098524965531516e-07,-0.2365952730178833
UCI,0.00001,107,12,0.6905142366886139,0.21063058936525558,0.5049999999999999,0.6902150511741638,0.0011416060151532292,1.1416060151532294e-08,0.012735607102513313,0.0003169727569911629,3.169727569911629e-09,2.488870412220944e-07,-0.2859860956668854
UCI,0.00001,107,13,0.6900557279586792,0.19367011027991354,0.5099999999999999,0.6897503733634949,0.0010187511797994375,1.0187511797994376e-08,0.012812991626560688,0.00031598229543305933,3.1598229543305937e-09,2.466108654734808e-07,-0.3322179913520813
UCI,0.00001,107,14,0.6902794539928436,0.1846372364689991,0.5449999999999999,0.6892715096473694,0.0009105734061449766,9.105734061449767e-09,0.01292335893958807,0.00031587822013534606,3.1587822013534606e-09,2.4442424110632544e-07,-0.374068945646286
UCI,0.00001,107,15,0.688540130853653,0.2044398826909146,0.5149999999999999,0.688792884349823,0.0008155144168995321,8.15514416899532e-09,0.013085062615573406,0.0003164205118082464,3.164205118082464e-09,2.4181811054664214e-07,-0.4090286195278168
UCI,0.00001,107,16,0.6879861056804657,0.19781414201873612,0.5149999999999999,0.6882835626602173,0.0007322661112993956,7.322661112993956e-09,0.013266065157949924,0.0003175706369802356,3.175706369802356e-09,2.3938570570786455e-07,-0.4375287890434265
UCI,0.00001,107,17,0.6883407831192017,0.23655309301829208,0.5199999999999999,0.6877323389053345,0.0006595812737941742,6.595812737941742e-09,0.013473227620124817,0.0003191922151017934,3.1919221510179344e-09,2.3690850039898342e-07,-0.45725932717323303
UCI,0.00001,107,18,0.688184916973114,0.2087912087912088,0.5199999999999999,0.6871534585952759,0.0005961585557088256,5.961585557088256e-09,0.013720540329813957,0.00032100468524731696,3.21004685247317e-09,2.3395921554910777e-07,-0.4656358063220978
UCI,0.00001,107,19,0.6875089704990387,0.23280223035107195,0.5249999999999999,0.6865509748458862,0.0005408215802162886,5.408215802162886e-09,0.014012464322149754,0.0003228729183319956,3.2287291833199563e-09,2.3041836960942311e-07,-0.4624618589878082
UCI,0.00001,107,20,0.6849774718284607,0.21517402008629544,0.5299999999999999,0.6859235763549805,0.0004925011890009046,4.925011890009046e-09,0.014318779110908508,0.00032481731614097953,3.2481731614097957e-09,2.2684707517662818e-07,-0.4519575238227844
UCI,0.00001,107,21,0.6854959726333618,0.2557925102245004,0.5299999999999999,0.6852368712425232,0.0004505988908931613,4.505988908931613e-09,0.014731188304722309,0.0003268309810664505,3.268309810664505e-09,2.2186328373908559e-07,-0.4232642948627472
UCI,0.00001,107,22,0.6840122640132904,0.21517402008629544,0.5349999999999999,0.6845030188560486,0.00041407867684029043,4.1407867684029045e-09,0.01520558726042509,0.00032901784288696945,3.2901784288696946e-09,2.1637956972782606e-07,-0.38621243834495544
UCI,0.00001,107,23,0.6849686503410339,0.25784170064485096,0.5349999999999999,0.6837203502655029,0.0003824224113486707,3.824224113486708e-09,0.015956168994307518,0.00033134917612187564,3.3134917612187566e-09,2.0766211252844398e-07,-0.3267819583415985
UCI,0.00001,107,24,0.684618353843689,0.2664693550105965,0.5349999999999999,0.6828852891921997,0.00035468355054035783,3.5468355054035784e-09,0.01673414744436741,0.0003340319381095469,3.3403193810954692e-09,1.9961096866155535e-07,-0.2721916735172272
UCI,0.00001,107,25,0.6831471621990204,0.2542872819425528,0.5349999999999999,0.6820031404495239,0.00033038450055755675,3.303845005575568e-09,0.017755938693881035,0.0003369070473127067,3.3690704731270674e-09,1.8974330398471696e-07,-0.2137964814901352
UCI,0.00001,107,26,0.6819396018981934,0.2429493573646624,0.5349999999999999,0.6810576915740967,0.0003091435937676579,3.091435937676579e-09,0.019042523577809334,0.0003399676934350282,3.3996769343502824e-09,1.7853079821374094e-07,-0.15235811471939087
UCI,0.00001,107,27,0.6794869303703308,0.2472066162365221,0.5399999999999999,0.6800587773323059,0.000290642463369295,2.90642463369295e-09,0.02104177698493004,0.0003429460048209876,3.429460048209876e-09,1.6298338541778242e-07,-0.07679740339517593
UCI,0.00001,107,28,0.680048793554306,0.2542872819425528,0.5349999999999999,0.6789467334747314,0.00027452060021460056,2.7452060021460058e-09,0.02355560101568699,0.00034581872751004994,3.4581872751004995e-09,1.4680955382108483e-07,-0.002827849704772234
UCI,0.00001,107,29,0.6768189370632172,0.2684624220856097,0.5349999999999999,0.6777276396751404,0.0002600679872557521,2.600679872557521e-09,0.025339748710393906,0.0003486812929622829,3.486812929622829e-09,1.376025062234576e-07,0.03685746714472771
UCI,0.00001,107,30,0.6787840127944946,0.2650356625796317,0.5299999999999999,0.6763936281204224,0.0002474735083524138,2.4747350835241377e-09,0.02809937298297882,0.00035070854937657714,3.5070854937657717e-09,1.248100979295939e-07,0.08755353838205338
UCI,0.00001,107,31,0.6766914427280426,0.25784170064485096,0.5299999999999999,0.674875795841217,0.00023597734980285168,2.359773498028517e-09,0.029440229758620262,0.000352292787283659,3.5229278728365903e-09,1.1966373570182677e-07,0.10206304490566254
UCI,0.00001,107,32,0.6756888031959534,0.27639921950277474,0.5199999999999999,0.6731749176979065,0.00022554145834874362,2.2554145834874364e-09,0.02953423745930195,0.0003531730326358229,3.531730326358229e-09,1.1958088747762452e-07,0.08776934444904327
UCI,0.00001,107,33,0.6715317070484161,0.2684624220856097,0.5149999999999999,0.6712941527366638,0.0002159879368264228,2.159879368264228e-09,0.028504615649580956,0.00035314689739607275,3.531468973960728e-09,1.2389112757647878e-07,0.03455476090312004
UCI,0.00001,107,34,0.6699554622173309,0.2684624220856097,0.5099999999999999,0.6692091822624207,0.00020749746181536466,2.0749746181536467e-09,0.028549756854772568,0.00035136420046910644,3.5136420046910646e-09,1.2307082062254763e-07,-0.008732294663786888
UCI,0.00001,107,35,0.6687843799591064,0.2484646732989441,0.5199999999999999,0.6668838262557983,0.0001997129147639498,1.997129147639498e-09,0.028921350836753845,0.0003485631023067981,3.485631023067981e-09,1.2052103107986124e-07,-0.0702347457408905
UCI,0.00001,107,36,0.6654514372348785,0.2650356625796317,0.49499999999999994,0.6642382144927979,0.00019264782895334065,1.9264782895334066e-09,0.030792301520705223,0.00034483338822610676,3.4483338822610677e-09,1.1198688347288216e-07,-0.07045085728168488
UCI,0.00001,107,37,0.6647240221500397,0.2472066162365221,0.49499999999999994,0.6612511873245239,0.00018618298054207116,1.8618298054207117e-09,0.03468428552150726,0.00034171441802755,3.4171441802755e-09,9.852139459976981e-08,0.011613781563937664
UCI,0.00001,107,38,0.6614970266819,0.2472066162365221,0.48999999999999994,0.6579485535621643,0.00018005126912612468,1.800512691261247e-09,0.034992385655641556,0.00033941902802325785,3.3941902802325786e-09,9.699796731879466e-08,-0.04408339038491249
UCI,0.00001,107,39,0.6569164395332336,0.2790727860929738,0.48499999999999993,0.6543448567390442,0.00017467454017605633,1.7467454017605633e-09,0.03708653151988983,0.0003383625880815089,3.383625880815089e-09,9.123597549154525e-08,-0.002385977655649185
UCI,0.00001,107,40,0.6543788611888885,0.2472066162365221,0.48499999999999993,0.6505756974220276,0.00017022665997501463,1.7022665997501465e-09,0.05825747549533844,0.00034114602021872997,3.4114602021873e-09,5.8558325316727346e-08,0.19755615293979645
UCI,0.00001,131,1,0.6964280307292938,0.03316790634033297,0.4599999999999999,0.6957388520240784,0.002812183927744627,2.812183927744627e-08,0.019468095153570175,0.00031057020532898605,3.1057020532898606e-09,1.5952778270247558e-07,0.014535774476826191
UCI,0.00001,131,2,0.695888489484787,0.09899678265684461,0.4599999999999999,0.6949453353881836,0.002559530781581998,2.5595307815819982e-08,0.01853795535862446,0.0003047297359444201,3.047297359444201e-09,1.6438152431014994e-07,-0.008760077878832817
UCI,0.00001,131,3,0.6942181289196014,0.10994987428338562,0.4599999999999999,0.6942125558853149,0.002325646346434951,2.325646346434951e-08,0.017660614103078842,0.0002998345880769193,2.9983458807691935e-09,1.6977585622271655e-07,-0.03605179488658905
UCI,0.00001,131,4,0.6946413815021515,0.14990633779917228,0.48499999999999993,0.693538248538971,0.0021099946461617947,2.1099946461617948e-08,0.01685749739408493,0.0002958656696137041,2.9586566961370413e-09,1.7550984152459037e-07,-0.0667615681886673
UCI,0.00001,131,5,0.6937792301177979,0.1846372364689991,0.48999999999999994,0.692880392074585,0.0019118686905130744,1.9118686905130745e-08,0.016064565628767014,0.00029278811416588724,2.927881141658873e-09,1.822570998381606e-07,-0.10172511637210846
UCI,0.00001,131,6,0.6933112144470215,0.09899678265684461,0.4649999999999999,0.6922467350959778,0.0017305148066952825,1.7305148066952825e-08,0.015298712067306042,0.0002905345754697919,2.905345754697919e-09,1.8990786557168813e-07,-0.14091865718364716
UCI,0.00001,131,7,0.6917611658573151,0.10994987428338562,0.4649999999999999,0.6916261911392212,0.0015650856075808406,1.5650856075808406e-08,0.014538299292325974,0.0002890466130338609,2.8904661303386095e-09,1.9881734941750298e-07,-0.18434840440750122
UCI,0.00001,131,8,0.6924577355384827,0.16807316136320358,0.5099999999999999,0.6910361051559448,0.001414710539393127,1.414710539393127e-08,0.013828218914568424,0.00028823543107137084,2.8823543107137084e-09,2.0844002604536914e-07,-0.23070921003818512
UCI,0.00001,131,9,0.6908009946346283,0.2,0.5149999999999999,0.690460205078125,0.0012784391874447465,1.2784391874447466e-08,0.013118780218064785,0.00028803356690332294,2.8803356690332297e-09,2.1955819223703115e-07,-0.2802160978317261
UCI,0.00001,131,10,0.6900467872619629,0.14808721943977307,0.49999999999999994,0.6899195313453674,0.0011553611839190125,1.1553611839190126e-08,0.012462425045669079,0.0002883051347453147,2.8830513474531476e-09,2.3133951352871411e-07,-0.3308733403682709
UCI,0.00001,131,11,0.6898611783981323,0.16807316136320358,0.5299999999999999,0.6894190907478333,0.0010445475345477462,1.0445475345477463e-08,0.01189490221440792,0.0002889938186854124,2.8899381868541242e-09,2.429560272764271e-07,-0.3800120949745178
UCI,0.00001,131,12,0.6889944672584534,0.1846372364689991,0.5349999999999999,0.6889218091964722,0.0009451002697460353,9.451002697460354e-09,0.011347422376275063,0.0002901180414482951,2.9011804144829513e-09,2.5566867243336907e-07,-0.4293155074119568
UCI,0.00001,131,13,0.6893372535705566,0.14990633779917228,0.5449999999999999,0.6884344816207886,0.0008561097783967853,8.561097783967853e-09,0.010834631510078907,0.00029153915238566697,2.91539152385667e-09,2.690808193287081e-07,-0.47657695412635803
UCI,0.00001,131,14,0.6891675591468811,0.1846372364689991,0.5499999999999999,0.6879651546478271,0.0007766493363305926,7.766493363305927e-09,0.010384473018348217,0.0002931457129307091,2.9314571293070914e-09,2.8229233434643533e-07,-0.5194875001907349
UCI,0.00001,131,15,0.6882431209087372,0.16807316136320358,0.5599999999999999,0.6875022053718567,0.0007059123017825186,7.059123017825187e-09,0.009993784129619598,0.000294899771688506,2.94899771688506e-09,2.950831915755329e-07,-0.5563011765480042
UCI,0.00001,131,16,0.6872068345546722,0.12090832578915783,0.4699999999999999,0.6870532631874084,0.0006431243382394314,6.431243382394314e-09,0.009718142449855804,0.00029672274831682444,2.9672274831682447e-09,3.0532866733315603e-07,-0.5807115435600281
UCI,0.00001,131,17,0.6877689957618713,0.1846372364689991,0.575,0.6866194009780884,0.0005875330534763634,5.875330534763635e-09,0.009581981226801872,0.00029850934515707195,2.9850934515707196e-09,3.1153196618890044e-07,-0.5876619219779968
UCI,0.00001,149,1,0.6929084062576294,0.16993235521110622,0.5149999999999999,0.6922990083694458,0.004045406356453896,4.045406356453896e-08,0.015830865129828453,0.0003905345220118761,3.905345220118761e-09,2.4669183825969976e-07,-0.27042070031166077
UCI,0.00001,149,2,0.6915782690048218,0.10768601458875716,0.5299999999999999,0.6917353272438049,0.003717769170179963,3.7177691701799634e-08,0.015516718849539757,0.00037747176247648895,3.77471762476489e-09,2.432677720958289e-07,-0.2900528907775879
UCI,0.00001,149,3,0.6913411617279053,0.17740004829626463,0.5449999999999999,0.6912143230438232,0.0034139754716306925,3.4139754716306926e-08,0.015270586125552654,0.0003657407942228019,3.6574079422280197e-09,2.3950671651744836e-07,-0.3119966387748718
UCI,0.00001,149,4,0.6908790171146393,0.16807316136320358,0.5499999999999999,0.6906806230545044,0.0031334839295595884,3.1334839295595884e-08,0.015032305382192135,0.000355322117684409,3.5532211768440906e-09,2.36372338540526e-07,-0.33541783690452576
UCI,0.00001,149,5,0.6897653937339783,0.14149998919097348,0.5299999999999999,0.6901604533195496,0.0028751553036272526,2.875155303627253e-08,0.014821232296526432,0.0003462058084551245,3.4620580845512454e-09,2.335877351684602e-07,-0.3594956696033478
UCI,0.00001,149,6,0.6896940171718597,0.1649572197684645,0.5549999999999999,0.6896589994430542,0.0026377334725111723,2.6377334725111725e-08,0.014666707254946232,0.0003382476279512048,3.382476279512048e-09,2.3062274447261054e-07,-0.3841639757156372
UCI,0.00001,149,7,0.6890274584293365,0.17712297710801905,0.5599999999999999,0.689174234867096,0.0024200782645493746,2.420078264549375e-08,0.014563468284904957,0.00033135712146759033,3.3135712146759035e-09,2.2752624236566108e-07,-0.40802693367004395
UCI,0.00001,149,8,0.6887606382369995,0.17740004829626463,0.565,0.688683271408081,0.002221034374088049,2.221034374088049e-08,0.014490567147731781,0.0003254008188378066,3.254008188378066e-09,2.2456044371509768e-07,-0.43065521121025085
UCI,0.00001,149,9,0.6887964308261871,0.17740004829626463,0.57,0.6881800889968872,0.002039381768554449,2.0393817685544493e-08,0.014446847140789032,0.0003202561929356307,3.202561929356307e-09,2.2167895168726725e-07,-0.45154204964637756
UCI,0.00001,149,10,0.6883970499038696,0.17740004829626463,0.575,0.6876567006111145,0.0018739058868959546,1.873905886895955e-08,0.014413765631616116,0.0003158435574732721,3.158435574732721e-09,2.1912633072129308e-07,-0.4705238938331604
UCI,0.00001,149,11,0.687840610742569,0.17712297710801905,0.58,0.6871249675750732,0.0017233127728104591,1.7233127728104592e-08,0.014414286240935326,0.0003120158798992634,3.120158798992634e-09,2.1646294147618998e-07,-0.4869251251220703
UCI,0.00001,173,1,0.6960011720657349,0.10540925533894598,0.5399999999999999,0.6953429579734802,0.006095202639698982,6.095202639698983e-08,0.019429435953497887,0.00047717997222207487,4.771799722220749e-09,2.455964101912943e-07,0.23472627997398376
UCI,0.00001,173,2,0.6962625086307526,0.10540925533894598,0.5399999999999999,0.6948267221450806,0.005664116702973843,5.664116702973843e-08,0.018681839108467102,0.00046020557056181133,4.602055705618114e-09,2.463384722937872e-07,0.23009063303470612
UCI,0.00001,173,3,0.6941733956336975,0.3312945782245396,0.5349999999999999,0.6943212151527405,0.005261012818664312,5.261012818664313e-08,0.017990728840231895,0.0004447613609954715,4.4476136099547154e-09,2.4721697766955986e-07,0.2255355566740036
UCI,0.00001,173,4,0.6946269273757935,0.3104602102825332,0.5349999999999999,0.6938490271568298,0.00488522183150053,4.885221831500531e-08,0.01738528534770012,0.0004302595043554902,4.302595043554903e-09,2.4748486766276105e-07,0.21936793625354767
UCI,0.00001,173,5,0.6941052675247192,0.2773500981126146,0.5349999999999999,0.6933913826942444,0.004535492043942213,4.535492043942214e-08,0.016822628676891327,0.00041713970131240785,4.171397013124079e-09,2.4796344811760514e-07,0.2120656818151474
UCI,0.00001,173,6,0.6936954259872437,0.2656844656620286,0.5349999999999999,0.6929402947425842,0.004210725426673889,4.2107254266738897e-08,0.016299745067954063,0.00040518579771742225,4.051857977174223e-09,2.4858413185494135e-07,0.20339344441890717
UCI,0.00001,173,7,0.692054033279419,0.34141531479696996,0.5299999999999999,0.692503809928894,0.0039097219705581665,3.909721970558167e-08,0.015812261030077934,0.00039434555219486356,3.943455521948636e-09,2.4939226050262086e-07,0.1931665539741516
UCI,0.00001,173,8,0.6930884420871735,0.3209833376209784,0.5299999999999999,0.6920946836471558,0.00363137130625546,3.63137130625546e-08,0.015384925529360771,0.0003839754790533334,3.839754790533334e-09,2.4957903001906e-07,0.18096213042736053
UCI,0.00001,173,9,0.6925758123397827,0.3104602102825332,0.5299999999999999,0.6917057037353516,0.003374153282493353,3.374153282493353e-08,0.014977608807384968,0.00037473224801942706,3.747322480194271e-09,2.5019497627328797e-07,0.16743990778923035
UCI,0.00001,173,10,0.6919351816177368,0.35136418446315326,0.5249999999999999,0.6913203001022339,0.0031367589253932238,3.136758925393224e-08,0.01458479929715395,0.00036654400173574686,3.6654400173574688e-09,2.5131919491499177e-07,0.15241730213165283
UCI,0.00001,173,11,0.6910777390003204,0.35136418446315326,0.5249999999999999,0.6909288167953491,0.0029178503900766373,2.9178503900766375e-08,0.014193378388881683,0.0003593792498577386,3.5937924985773865e-09,2.532020495833865e-07,0.1357252448797226
UCI,0.00001,173,12,0.6909158825874329,0.3209833376209784,0.5249999999999999,0.6905396580696106,0.002716226503252983,2.7162265032529834e-08,0.013811014592647552,0.00035293918335810304,3.5293918335810308e-09,2.5554906266335726e-07,0.11777730286121368
UCI,0.00001,173,13,0.690216451883316,0.3209833376209784,0.5249999999999999,0.6901630163192749,0.002530635567381978,2.530635567381978e-08,0.013435049913823605,0.000347178807714954,3.4717880771495404e-09,2.584127412565356e-07,0.09862358123064041
UCI,0.00001,173,14,0.6904776692390442,0.36115755925730764,0.5199999999999999,0.6897804737091064,0.002359819132834673,2.3598191328346732e-08,0.013040723279118538,0.0003421688743401319,3.421688743401319e-09,2.623848900221891e-07,0.07776590436697006
UCI,0.00001,173,15,0.689973384141922,0.35136418446315326,0.5199999999999999,0.6894127726554871,0.0022026943042874336,2.2026943042874337e-08,0.012645388953387737,0.00033761648228392005,3.3761648228392007e-09,2.669878194560964e-07,0.055659011006355286
UCI,0.00001,173,16,0.6886543035507202,0.36115755925730764,0.5149999999999999,0.6890461444854736,0.0020580438431352377,2.058043843135238e-08,0.012214147485792637,0.0003338236128911376,3.3382361289113763e-09,2.7330897492390493e-07,0.030754443258047104
UCI,0.00001,173,17,0.6879443526268005,0.36115755925730764,0.5149999999999999,0.688684344291687,0.0019250258337706327,1.925025833770633e-08,0.01176525093615055,0.00033023429568856955,3.3023429568856955e-09,2.8068614726599133e-07,0.004289996810257435
UCI,0.00001,173,18,0.688843846321106,0.36115755925730764,0.5149999999999999,0.6883524656295776,0.0018030785722658038,1.803078572265804e-08,0.011391201056540012,0.0003261755045969039,3.2617550459690395e-09,2.863398714305348e-07,-0.015432744286954403
UCI,0.00001,173,19,0.6888587176799774,0.36115755925730764,0.5149999999999999,0.6880103349685669,0.0016905597876757383,1.6905597876757385e-08,0.010932515375316143,0.0003229246649425477,3.229246649425477e-09,2.9538002358694097e-07,-0.038993678987026215
UCI,0.00001,173,20,0.6878342926502228,0.36115755925730764,0.5099999999999999,0.68767249584198,0.0015867783222347498,1.58677832223475e-08,0.010414901189506054,0.00032020811340771616,3.2020811340771617e-09,3.0745189760451547e-07,-0.06721611320972443
UCI,0.00001,173,21,0.6870358884334564,0.36115755925730764,0.5099999999999999,0.6873506903648376,0.0014912686310708523,1.4912686310708525e-08,0.009902384132146835,0.0003175069869030267,3.175069869030267e-09,3.2063691194555914e-07,-0.09407953172922134
UCI,0.00001,173,22,0.6862723529338837,0.36115755925730764,0.5099999999999999,0.6870208382606506,0.001402916619554162,1.4029166195541622e-08,0.00927693024277687,0.0003155080194119364,3.1550801941193645e-09,3.400995923814289e-07,-0.1320657730102539
UCI,0.0001,11,1,0.6931032240390778,0.23782391693748445,0.4799999999999999,0.6932818293571472,0.005842593964189291,5.842593964189291e-07,0.011457213200628757,0.0003617365728132427,3.617365728132427e-08,3.157282372936824e-06,-0.09557415544986725
UCI,0.0001,11,2,0.6930328905582428,0.09523809523809523,0.48499999999999993,0.6928437948226929,0.005235894117504358,5.235894117504359e-07,0.010914985090494156,0.00034513414721004665,3.451341472100467e-08,3.1620212428015453e-06,-0.1034572571516037
UCI,0.0001,11,3,0.6931087970733643,0.16682120232032635,0.48499999999999993,0.6924455165863037,0.004681137390434742,4.681137390434742e-07,0.010443421080708504,0.0003303831035736948,3.303831035736948e-08,3.163552451064062e-06,-0.11571085453033447
UCI,0.0001,11,4,0.6922422647476196,0.18411492357966466,0.48999999999999994,0.6920529007911682,0.00417550140991807,4.17550140991807e-07,0.009978367015719414,0.00031738373218104243,3.1738373218104247e-08,3.1807181644156024e-06,-0.13150596618652344
UCI,0.0001,11,5,0.6920693218708038,0.12531595371053228,0.48999999999999994,0.6916972398757935,0.0037162487860769033,3.7162487860769034e-07,0.009579477831721306,0.00030577764846384525,3.0577764846384525e-08,3.1920074750974298e-06,-0.15169461071491241
UCI,0.0001,11,6,0.6917877495288849,0.2484646732989441,0.49499999999999994,0.6913689970970154,0.0033003990538418293,3.3003990538418295e-07,0.009233810938894749,0.0002955464296974242,2.955464296974242e-08,3.2006982994694057e-06,-0.17568117380142212
UCI,0.0001,11,7,0.6913317441940308,0.17323973216880925,0.49999999999999994,0.6910499930381775,0.0029249705839902163,2.9249705839902163e-07,0.008921152912080288,0.00028665809077210724,2.8665809077210725e-08,3.2132404140718016e-06,-0.20352467894554138
UCI,0.0001,11,8,0.6908077895641327,0.2673939106929519,0.49999999999999994,0.6907749176025391,0.002587144263088703,2.5871442630887033e-07,0.008679958991706371,0.00027865535230375826,2.786553523037583e-08,3.210330285776824e-06,-0.23353558778762817
UCI,0.0001,11,9,0.6903043389320374,0.19493925957690475,0.5049999999999999,0.6904935836791992,0.0022837927099317312,2.2837927099317314e-07,0.008447269909083843,0.0002718357427511364,2.7183574275113645e-08,3.2180307445700956e-06,-0.26620301604270935
UCI,0.0001,11,10,0.6899552047252655,0.22011272658140596,0.5049999999999999,0.6902173757553101,0.002012172481045127,2.012172481045127e-07,0.008251230232417583,0.0002660866884980351,2.660866884980351e-08,3.224812312867345e-06,-0.3003454804420471
UCI,0.0001,11,11,0.6901772320270538,0.21645482913637396,0.5099999999999999,0.6899462342262268,0.0017697227885946631,1.769722788594663e-07,0.008099876344203949,0.00026130813057534397,2.61308130575344e-08,3.226075553145067e-06,-0.3345285654067993
UCI,0.0001,11,12,0.6896288096904755,0.22011272658140596,0.5099999999999999,0.6896867156028748,0.0015539356973022223,1.5539356973022223e-07,0.0079960897564888,0.0002573591482359916,2.573591482359916e-08,3.2185625233526864e-06,-0.3667149245738983
UCI,0.0001,11,13,0.690090000629425,0.21645482913637396,0.5149999999999999,0.6894267797470093,0.0013624473940581083,1.3624473940581083e-07,0.007931550033390522,0.00025423881015740335,2.5423881015740336e-08,3.2054114150084126e-06,-0.3956504762172699
UCI,0.0001,11,14,0.6895819008350372,0.22086305214969307,0.5149999999999999,0.6891727447509766,0.001193054486066103,1.193054486066103e-07,0.007918315939605236,0.0002517941175028682,2.5179411750286818e-08,3.1798948087365816e-06,-0.4194551408290863
UCI,0.0001,11,15,0.6886641979217529,0.21645482913637396,0.5199999999999999,0.6889213919639587,0.0010436875745654106,1.0436875745654106e-07,0.00795838888734579,0.0002499712572898716,2.499712572898716e-08,3.140978165660358e-06,-0.43676701188087463
UCI,0.0001,11,16,0.6891893446445465,0.2684624220856097,0.5199999999999999,0.6886588335037231,0.0009125571232289076,9.125571232289077e-08,0.008008625358343124,0.00024877319810912013,2.4877319810912015e-08,3.106315840457643e-06,-0.4490172564983368
UCI,0.0001,11,17,0.6887485682964325,0.21645482913637396,0.5249999999999999,0.6883897185325623,0.0007977770874276757,7.977770874276757e-08,0.008074655197560787,0.000248083146288991,2.4808314628899097e-08,3.072368295849123e-06,-0.45611149072647095
UCI,0.0001,11,18,0.6886312365531921,0.21645482913637396,0.5249999999999999,0.6881122589111328,0.0006976549630053341,6.976549630053342e-08,0.008172576315701008,0.00024787208531051874,2.4787208531051875e-08,3.0329736393444415e-06,-0.45667505264282227
UCI,0.0001,11,19,0.6874959170818329,0.25908195902003417,0.5249999999999999,0.6878249645233154,0.0006106400396674871,6.106400396674871e-08,0.008252657018601894,0.00024806588771753013,2.4806588771753016e-08,3.0058911591548936e-06,-0.4553739130496979
UCI,0.0001,11,20,0.6879602670669556,0.22086305214969307,0.5249999999999999,0.6875139474868774,0.0005353749729692936,5.353749729692936e-08,0.0083530368283391,0.00024871554342098534,2.4871554342098535e-08,2.9775463526890663e-06,-0.4475078582763672
UCI,0.0001,11,21,0.6871205568313599,0.22011272658140596,0.5249999999999999,0.6871820688247681,0.0004705049213953316,4.7050492139533166e-08,0.008420100435614586,0.0002497233508620411,2.4972335086204112e-08,2.965800144209488e-06,-0.4397449493408203
UCI,0.0001,11,22,0.6874062120914459,0.21645482913637396,0.5299999999999999,0.6868314743041992,0.00041481447988189757,4.1481447988189757e-08,0.008516144938766956,0.00025102111976593733,2.5102111976593735e-08,2.9475909765608386e-06,-0.4241330921649933
UCI,0.0001,11,23,0.6863281726837158,0.22715542521212734,0.5299999999999999,0.686465322971344,0.000367173517588526,3.67173517588526e-08,0.008663653396070004,0.0002525416202843189,2.5254162028431893e-08,2.914955258931256e-06,-0.40037962794303894
UCI,0.0001,11,24,0.6868463158607483,0.2484646732989441,0.5299999999999999,0.6860764026641846,0.00032664701575413346,3.2664701575413346e-08,0.008807286620140076,0.00025419940357096493,2.5419940357096494e-08,2.8862397073540684e-06,-0.37019774317741394
UCI,0.0001,23,1,0.6938140094280243,0.12704247025712678,0.5099999999999999,0.6932576298713684,0.004990136716514826,4.990136716514826e-07,0.015032251365482807,0.00037773794610984623,3.777379461098462e-08,2.51285011756264e-06,-0.05313686281442642
UCI,0.0001,23,2,0.6931606531143188,0.24112141108520604,0.5099999999999999,0.6928354501724243,0.004461915232241154,4.461915232241154e-07,0.014436036348342896,0.0003584286605473608,3.584286605473608e-08,2.482874467052063e-06,-0.056277114897966385
UCI,0.0001,23,3,0.6929706633090973,0.22808577638091165,0.5099999999999999,0.6924525499343872,0.003981223329901695,3.9812233299016956e-07,0.01396043598651886,0.00034170859726145864,3.417085972614587e-08,2.4476928771525157e-06,-0.06847649812698364
UCI,0.0001,23,4,0.6922571957111359,0.23099715105270544,0.5049999999999999,0.6920810341835022,0.003546501509845257,3.546501509845257e-07,0.013517322018742561,0.0003265117120463401,3.265117120463401e-08,2.415505908593525e-06,-0.07955233752727509
UCI,0.0001,23,5,0.691918283700943,0.18576071235199634,0.5049999999999999,0.6917321085929871,0.003154488978907466,3.1544889789074663e-07,0.013154469430446625,0.00031353888334706426,3.135388833470643e-08,2.3835159981546965e-06,-0.09818769991397858
UCI,0.0001,23,6,0.6917071044445038,0.2358333153182891,0.49499999999999994,0.6913868188858032,0.0028026436921209097,2.80264369212091e-07,0.012820236384868622,0.0003022289020009339,3.022289020009339e-08,2.3574362666015e-06,-0.1188499927520752
UCI,0.0001,23,7,0.6910988092422485,0.24198422796860888,0.49999999999999994,0.6910560131072998,0.00248770322650671,2.4877032265067104e-07,0.012527692131698132,0.0002925289736595005,2.925289736595005e-08,2.335058768879948e-06,-0.1418422907590866
UCI,0.0001,23,8,0.6911149322986603,0.21989091855183412,0.49999999999999994,0.6907294988632202,0.0022063262294977903,2.2063262294977904e-07,0.01225624792277813,0.0002844426198862493,2.844426198862493e-08,2.3207968839926545e-06,-0.16996632516384125
UCI,0.0001,23,9,0.6911584436893463,0.2576735608413086,0.5049999999999999,0.6904178261756897,0.0019553618039935827,1.9553618039935828e-07,0.01200245600193739,0.00027758898795582354,2.7758898795582354e-08,2.3127682193629055e-06,-0.2001533806324005
UCI,0.0001,23,10,0.690493255853653,0.27165268399721654,0.5049999999999999,0.6901211142539978,0.0017318031750619411,1.7318031750619412e-07,0.011771325021982193,0.00027179892640560865,2.7179892640560866e-08,2.3089917736367117e-06,-0.22968758642673492
UCI,0.0001,23,11,0.6905577778816223,0.27431506742959905,0.49499999999999994,0.6898332834243774,0.0015326675493270159,1.532667549327016e-07,0.011533341370522976,0.0002670413232408464,2.670413232408464e-08,2.3153855822160365e-06,-0.2617451250553131
UCI,0.0001,23,12,0.6895039677619934,0.27165268399721654,0.5049999999999999,0.6895579099655151,0.0013554299948737025,1.3554299948737027e-07,0.011322690173983574,0.0002630199014674872,2.6301990146748722e-08,2.3229453197600918e-06,-0.29037877917289734
UCI,0.0001,23,13,0.6893227398395538,0.2997004492513102,0.5049999999999999,0.6892738938331604,0.0011977656977251172,1.1977656977251173e-07,0.011113759130239487,0.0002598251448944211,2.5982514489442112e-08,2.3378691390518038e-06,-0.3165149986743927
UCI,0.0001,23,14,0.6893501579761505,0.2997004492513102,0.5049999999999999,0.6889830231666565,0.0010574936168268323,1.0574936168268324e-07,0.010902464389801025,0.00025731895584613085,2.5731895584613086e-08,2.360190748128892e-06,-0.34184378385543823
UCI,0.0001,23,15,0.6892823874950409,0.2997004492513102,0.5049999999999999,0.688685953617096,0.0009326483705081046,9.326483705081046e-08,0.010633298195898533,0.00025545479729771614,2.5545479729771614e-08,2.402404151481898e-06,-0.3718886971473694
UCI,0.0001,23,16,0.6888852417469025,0.29236564320829667,0.5049999999999999,0.6883877515792847,0.0008216580026783049,8.216580026783049e-08,0.010301300324499607,0.00025408357032574713,2.5408357032574713e-08,2.4665193938813682e-06,-0.40547388792037964
UCI,0.0001,23,17,0.6889897584915161,0.27431506742959905,0.48999999999999994,0.6880909204483032,0.0007232759380713105,7.232759380713106e-08,0.009980103932321072,0.0002529967459850013,2.5299674598500133e-08,2.535011135161214e-06,-0.43308866024017334
UCI,0.0001,23,18,0.687688559293747,0.2656844656620286,0.5099999999999999,0.6877965331077576,0.0006361681153066456,6.361681153066456e-08,0.009671966545283794,0.00025209729210473597,2.5209729210473597e-08,2.606473987729648e-06,-0.45629480481147766
UCI,0.0001,23,19,0.6876649856567383,0.2997004492513102,0.5099999999999999,0.6874881982803345,0.0005593346431851387,5.593346431851387e-08,0.00932981912046671,0.00025147866108454764,2.5147866108454765e-08,2.695429116443233e-06,-0.4750145673751831
UCI,0.0001,23,20,0.688440203666687,0.3104602102825332,0.5099999999999999,0.6871746778488159,0.0004917224287055433,4.917224287055433e-08,0.008979475125670433,0.0002509743208065629,2.5097432080656292e-08,2.7949776272454953e-06,-0.4878956377506256
UCI,0.0001,23,21,0.6871716380119324,0.34141531479696996,0.5099999999999999,0.6868741512298584,0.00043229013681411743,4.3229013681411745e-08,0.008633751422166824,0.0002505434094928205,2.5054340949282053e-08,2.9019066827608677e-06,-0.4965340495109558
UCI,0.0001,23,22,0.6866815090179443,0.34141531479696996,0.5099999999999999,0.6865677237510681,0.0003803460276685655,3.8034602766856556e-08,0.00831908080726862,0.0002501536509953439,2.5015365099534395e-08,3.0069866706520933e-06,-0.4953967034816742
UCI,0.0001,23,23,0.6865474581718445,0.3267616012328021,0.5099999999999999,0.6862611770629883,0.0003351640480104834,3.351640480104834e-08,0.008077424950897694,0.00024980338639579713,2.4980338639579714e-08,3.09261166664303e-06,-0.4793083667755127
UCI,0.0001,23,24,0.6844754219055176,0.337099931231621,0.5099999999999999,0.685967743396759,0.0002960199781227857,2.9601997812278572e-08,0.007849919609725475,0.00024951272644102573,2.4951272644102574e-08,3.1785386200885133e-06,-0.45897549390792847
UCI,0.0001,23,25,0.6846908330917358,0.337099931231621,0.5099999999999999,0.6856645345687866,0.00026238124701194465,2.6238124701194467e-08,0.007656393107026815,0.0002492510247975588,2.492510247975588e-08,3.255462739613036e-06,-0.4235245883464813
UCI,0.0001,23,26,0.6864432990550995,0.337099931231621,0.5099999999999999,0.6853580474853516,0.00023363555374089628,2.336355537408963e-08,0.007438456639647484,0.0002489537000656128,2.489537000656128e-08,3.3468461554063853e-06,-0.3777174949645996
UCI,0.0001,23,27,0.6846840977668762,0.34141531479696996,0.5149999999999999,0.6850764155387878,0.00020910197054035962,2.0910197054035964e-08,0.007338652852922678,0.00024876988027244806,2.4876988027244806e-08,3.389857583648659e-06,-0.32891756296157837
UCI,0.0001,23,28,0.6849794685840607,0.35136418446315326,0.5149999999999999,0.6847995519638062,0.00018840782286133617,1.884078228613362e-08,0.007528529968112707,0.0002485363220330328,2.485363220330328e-08,3.3012596494364122e-06,-0.25323936343193054
UCI,0.0001,23,29,0.6841938495635986,0.35136418446315326,0.5149999999999999,0.6845294237136841,0.00017101441335398704,1.7101441335398703e-08,0.007882000878453255,0.00024834959185682237,2.483495918568224e-08,3.150844508730351e-06,-0.18168960511684418
UCI,0.0001,23,30,0.6827593445777893,0.3708099243547831,0.5099999999999999,0.6842435598373413,0.00015645878738723695,1.5645878738723695e-08,0.007796138525009155,0.00024819618556648493,2.4819618556648494e-08,3.183578444255433e-06,-0.15348833799362183
UCI,0.0001,23,31,0.6858150064945221,0.3708099243547831,0.5099999999999999,0.683953046798706,0.00014445003762375563,1.4445003762375563e-08,0.007551746908575296,0.000248008465860039,2.48008465860039e-08,3.284120467257926e-06,-0.1394074559211731
UCI,0.0001,23,32,0.6862085461616516,0.3803341794400215,0.5049999999999999,0.6836588382720947,0.00013448040408547968,1.3448040408547969e-08,0.0071373810060322285,0.00024806431611068547,2.480643161106855e-08,3.4755649992767862e-06,-0.18504013121128082
UCI,0.0001,23,33,0.6832485496997833,0.38644907980014026,0.49999999999999994,0.6833670139312744,0.00012643379159271717,1.2643379159271717e-08,0.0071391393430531025,0.000248606811510399,2.48606811510399e-08,3.482307874440234e-06,-0.22850821912288666
UCI,0.0001,23,34,0.6838548481464386,0.3897418814769785,0.5049999999999999,0.6830524206161499,0.00011998540139757097,1.1998540139757097e-08,0.007190294098109007,0.0002491665945854038,2.491665945854038e-08,3.465318541712122e-06,-0.29539987444877625
UCI,0.0001,23,35,0.6823573708534241,0.39904344223381105,0.49999999999999994,0.6827234029769897,0.00011491637997096404,1.1491637997096404e-08,0.0074670263566076756,0.00024993999977596104,2.4993999977596106e-08,3.3472494650401986e-06,-0.36572569608688354
UCI,0.0001,23,36,0.6845830082893372,0.3897418814769785,0.49999999999999994,0.682377278804779,0.00011107455793535337,1.1107455793535338e-08,0.007886967621743679,0.00025081788771785796,2.5081788771785797e-08,3.1801561734116294e-06,-0.41694486141204834
UCI,0.0001,23,37,0.681255042552948,0.39904344223381105,0.49499999999999994,0.6820195317268372,0.00010820379975484684,1.0820379975484685e-08,0.008455378003418446,0.0002521765127312392,2.521765127312392e-08,2.9824392549840603e-06,-0.47186416387557983
UCI,0.0001,23,38,0.6807449758052826,0.39904344223381105,0.49499999999999994,0.6816345453262329,0.0001064051321009174,1.064051321009174e-08,0.00874802004545927,0.00025388304493390024,2.5388304493390024e-08,2.902177219697619e-06,-0.49409839510917664
UCI,0.0001,23,39,0.6814170181751251,0.39904344223381105,0.49499999999999994,0.6812105774879456,0.00010555139306234196,1.0555139306234196e-08,0.008701635524630547,0.0002558607666287571,2.5586076662875712e-08,2.94037558691727e-06,-0.4744681417942047
UCI,0.0001,23,40,0.6809139549732208,0.39904344223381105,0.49499999999999994,0.6807664632797241,0.00010541368101257831,1.0541368101257832e-08,0.008800622075796127,0.00025823854957707226,2.5823854957707228e-08,2.9343215440109824e-06,-0.42656171321868896
UCI,0.0001,37,1,0.6962583661079407,0.10540925533894598,0.5499999999999999,0.695963978767395,0.0027881741989403963,2.7881741989403964e-07,0.02374088205397129,0.0003203714732080698,3.203714732080698e-08,1.3494505910932623e-06,-0.20545902848243713
UCI,0.0001,37,2,0.6963757872581482,0.14907119849998599,0.5399999999999999,0.6950103044509888,0.0024364464916288853,2.436446491628885e-07,0.022714702412486076,0.0003151731798425317,3.151731798425317e-08,1.3875294252998168e-06,-0.22276313602924347
UCI,0.0001,37,3,0.694874107837677,0.16807316136320358,0.5449999999999999,0.6940991282463074,0.0021235255990177393,2.1235255990177394e-07,0.02167920581996441,0.0003110886609647423,3.1108866096474235e-08,1.4349633632716397e-06,-0.24198925495147705
UCI,0.0001,37,4,0.694264829158783,0.16807316136320358,0.5449999999999999,0.6932360529899597,0.0018470417708158493,1.8470417708158493e-07,0.02065969817340374,0.00030794538906775415,3.0794538906775416e-08,1.4905609292210648e-06,-0.2635304629802704
UCI,0.0001,37,5,0.6937390565872192,0.2,0.5399999999999999,0.6924319863319397,0.0016043089563027024,1.6043089563027026e-07,0.019659828394651413,0.00030552796670235693,3.0552796670235694e-08,1.5540723986455438e-06,-0.28707125782966614
UCI,0.0001,37,6,0.6925555169582367,0.16807316136320358,0.5399999999999999,0.6916738152503967,0.00139240559656173,1.39240559656173e-07,0.018654152750968933,0.00030371680622920394,3.03716806229204e-08,1.628145809052777e-06,-0.31228795647621155
UCI,0.0001,37,7,0.6915079653263092,0.25362863675089403,0.5349999999999999,0.6909599304199219,0.0012083048932254314,1.2083048932254316e-07,0.01764136739075184,0.0003024478501174599,3.024478501174599e-08,1.7144240773309477e-06,-0.33922889828681946
UCI,0.0001,37,8,0.6908658742904663,0.2,0.5349999999999999,0.6903015971183777,0.001048979233019054,1.048979233019054e-07,0.01664673164486885,0.0003016545670107007,3.016545670107007e-08,1.8120948510855703e-06,-0.36753419041633606
UCI,0.0001,37,9,0.6897854506969452,0.16807316136320358,0.5349999999999999,0.6896881461143494,0.000911535054910928,9.11535054910928e-08,0.015661921352148056,0.0003013156820088625,3.0131568200886254e-08,1.923874314229886e-06,-0.3968593180179596
UCI,0.0001,37,10,0.6900301873683929,0.21442250696755896,0.5299999999999999,0.689132571220398,0.0007932467851787806,7.932467851787806e-08,0.014741268940269947,0.0003013460955116898,3.013460955116898e-08,2.0442344328206214e-06,-0.4261415898799896
UCI,0.0001,37,11,0.6885530054569244,0.2,0.5299999999999999,0.6886451244354248,0.0006916078273206949,6.916078273206949e-08,0.013952413573861122,0.00030170651734806597,3.01706517348066e-08,2.1623966043645107e-06,-0.4529340863227844
UCI,0.0001,37,12,0.6881285607814789,0.24743582965269675,0.5249999999999999,0.6882114410400391,0.000604442204348743,6.04442204348743e-08,0.013336094096302986,0.0003023795725312084,3.023795725312084e-08,2.26737731713391e-06,-0.47538894414901733
UCI,0.0001,37,13,0.6879543960094452,0.22808577638091165,0.5249999999999999,0.6878165006637573,0.0005298337782733142,5.298337782733143e-08,0.012910972349345684,0.0003033872926607728,3.033872926607728e-08,2.349840774588509e-06,-0.4902963638305664
UCI,0.0001,37,14,0.6876832544803619,0.2,0.5249999999999999,0.6874682903289795,0.000466031749965623,4.660317499656231e-08,0.012733855284750462,0.00030468846671283245,3.046884667128325e-08,2.392743280801336e-06,-0.495301753282547
UCI,0.0001,37,15,0.6875372529029846,0.2,0.5249999999999999,0.6871559619903564,0.00041156419320032,4.1156419320032e-08,0.012859374284744263,0.0003062668547499925,3.062668547499925e-08,2.3816621864201638e-06,-0.4872629940509796
UCI,0.0001,53,1,0.7016028165817261,0.0,0.05,0.7003090977668762,0.0021305920090526342,2.1305920090526343e-07,0.027525989338755608,0.00025788118364289403,2.5788118364289406e-08,9.368643592396026e-07,-0.11087941378355026
UCI,0.0001,53,2,0.7005707621574402,0.0,0.05,0.6992225646972656,0.001767436508089304,1.767436508089304e-07,0.026063622906804085,0.0002443226403556764,2.4432264035567643e-08,9.374085913892437e-07,-0.1222701147198677
UCI,0.0001,53,3,0.699432760477066,0.0,0.05,0.6982132792472839,0.0014550172490999103,1.4550172490999103e-07,0.02476956695318222,0.00023298287123907357,2.3298287123907358e-08,9.406013099843135e-07,-0.13461662828922272
UCI,0.0001,53,4,0.6966054141521454,0.0,0.05,0.6972741484642029,0.001188968075439334,1.188968075439334e-07,0.023609429597854614,0.00022374153195414692,2.2374153195414695e-08,9.476786850220147e-07,-0.15037968754768372
UCI,0.0001,53,5,0.6960058212280273,0.0,0.05,0.6964152455329895,0.0009643951780162752,9.643951780162752e-08,0.022593237459659576,0.00021639617625623941,2.1639617625623942e-08,9.577918022709968e-07,-0.16913242638111115
UCI,0.0001,53,6,0.6964608728885651,0.18576071235199634,0.5399999999999999,0.6956139206886292,0.0007764707552269101,7.764707552269101e-08,0.021677697077393532,0.00021072539675515145,2.1072539675515146e-08,9.7208387036142e-07,-0.18930049240589142
UCI,0.0001,53,7,0.6940667033195496,0.0784735610658242,0.5349999999999999,0.6948584318161011,0.0006206256221048534,6.206256221048535e-08,0.020818907767534256,0.00020650742226280272,2.0650742226280274e-08,9.91922460912372e-07,-0.20987331867218018
UCI,0.0001,53,8,0.6955603659152985,0.18576071235199634,0.5349999999999999,0.6941642761230469,0.0004925690591335297,4.925690591335297e-08,0.020059427246451378,0.0002034831268247217,2.0348312682472172e-08,1.0144014797866125e-06,-0.23113298416137695
UCI,0.0001,53,9,0.6936891674995422,0.15900879764848913,0.5299999999999999,0.693468451499939,0.00038850653800182045,3.8850653800182046e-08,0.019305145367980003,0.00020151905482634902,2.0151905482634903e-08,1.0438618875183069e-06,-0.25346148014068604
UCI,0.0001,53,10,0.6929379105567932,0.18576071235199634,0.5299999999999999,0.6927971243858337,0.00030495223472826183,3.0495223472826183e-08,0.018574126064777374,0.00020034790213685483,2.0034790213685485e-08,1.0786397240879079e-06,-0.27609723806381226
UCI,0.0001,53,11,0.6923985779285431,0.1294595556006309,0.5499999999999999,0.6921545267105103,0.00023884474649094045,2.3884474649094046e-08,0.01785154640674591,0.00019972842710558325,1.9972842710558326e-08,1.1188298344288426e-06,-0.29834312200546265
UCI,0.0001,53,12,0.6922891139984131,0.17407765595569785,0.5249999999999999,0.6915165185928345,0.00018756395729724318,1.875639572972432e-08,0.01709602028131485,0.00019960668578278273,1.9960668578278273e-08,1.167562289341359e-06,-0.32134848833084106
UCI,0.0001,53,13,0.6917348206043243,0.17232808737106584,0.5199999999999999,0.6909146904945374,0.00014870008453726768,1.487000845372677e-08,0.016316836699843407,0.00019980655633844435,1.9980655633844437e-08,1.2245422321372005e-06,-0.3436884880065918
UCI,0.0001,53,14,0.6906820833683014,0.16222142113076254,0.5199999999999999,0.6903207302093506,0.00012022412556689233,1.2022412556689233e-08,0.015459131449460983,0.00020035859779454768,2.003585977945477e-08,1.2960533937469924e-06,-0.36655688285827637
UCI,0.0001,71,1,0.6950551867485046,0.0,0.05,0.6948875188827515,0.0051760063506662846,5.176006350666285e-07,0.021004529669880867,0.00043205759720876813,4.3205759720876815e-08,2.056973443344036e-06,-0.09245257824659348
UCI,0.0001,71,2,0.6948680877685547,0.0,0.05,0.6941903829574585,0.004494387656450272,4.494387656450272e-07,0.019971920177340508,0.0004042445798404515,4.042445798404515e-08,2.024064668048765e-06,-0.09305035322904587
UCI,0.0001,71,3,0.6941198110580444,0.0,0.05,0.6935176253318787,0.0038883087690919638,3.888308769091964e-07,0.018953878432512283,0.0003789441252592951,3.7894412525929514e-08,1.9992959573344015e-06,-0.09408295899629593
UCI,0.0001,71,4,0.6932913959026337,0.13793431476706133,0.48499999999999993,0.6928731203079224,0.0033535819966346025,3.3535819966346025e-07,0.01799904927611351,0.0003563679929357022,3.563679929357022e-08,1.9799267587351807e-06,-0.09802614152431488
UCI,0.0001,71,5,0.692646861076355,0.1846372364689991,0.48999999999999994,0.6922695636749268,0.0028855165001004934,2.8855165001004933e-07,0.017150187864899635,0.000336672441335395,3.36672441335395e-08,1.9630831101532382e-06,-0.10711369663476944
UCI,0.0001,71,6,0.6918735206127167,0.18123858497615616,0.48999999999999994,0.6917180418968201,0.0024789704475551844,2.4789704475551846e-07,0.016442328691482544,0.00031988421687856317,3.198842168785632e-08,1.9454921676895415e-06,-0.12252825498580933
UCI,0.0001,71,7,0.6916896402835846,0.22808577638091165,0.49499999999999994,0.6911991834640503,0.0021283032838255167,2.128303283825517e-07,0.015849508345127106,0.0003057950234506279,3.057950234506279e-08,1.9293659891011314e-06,-0.14552243053913116
UCI,0.0001,71,8,0.6912678778171539,0.17557911458287687,0.49499999999999994,0.6907065510749817,0.0018276878399774432,1.8276878399774432e-07,0.015346373431384563,0.0002941833809018135,2.9418338090181352e-08,1.916957007576689e-06,-0.17232468724250793
UCI,0.0001,71,9,0.69052654504776,0.22808577638091165,0.49999999999999994,0.690222978591919,0.0015712010208517313,1.5712010208517313e-07,0.014902882277965546,0.00028476977604441345,2.8476977604441345e-08,1.910836915523757e-06,-0.19879159331321716
UCI,0.0001,71,10,0.6902797520160675,0.28322059201851035,0.49999999999999994,0.6897519826889038,0.0013527661794796586,1.3527661794796586e-07,0.014542239718139172,0.0002776022010948509,2.7760220109485092e-08,1.90893704460521e-06,-0.22869153320789337
UCI,0.0001,71,11,0.6897672414779663,0.22808577638091165,0.5049999999999999,0.6892869472503662,0.001166985952295363,1.166985952295363e-07,0.014247012324631214,0.00027230847626924515,2.7230847626924516e-08,1.911337409306929e-06,-0.25622811913490295
UCI,0.0001,71,12,0.6890378594398499,0.2773500981126146,0.5049999999999999,0.688826322555542,0.0010088825365528464,1.0088825365528465e-07,0.014033344574272633,0.00026867733686231077,2.6867733686231078e-08,1.91456381221393e-06,-0.27943286299705505
UCI,0.0001,71,13,0.6889189183712006,0.22808577638091165,0.5099999999999999,0.6883639097213745,0.0008741040946915746,8.741040946915746e-08,0.013911562040448189,0.000266477552941069,2.6647755294106902e-08,1.9155113722404382e-06,-0.2976493835449219
UCI,0.0001,71,14,0.688579261302948,0.2656844656620286,0.5099999999999999,0.6879008412361145,0.0007589114247821271,7.589114247821271e-08,0.013860187493264675,0.00026555382646620274,2.6555382646620275e-08,1.9159468556630133e-06,-0.31299883127212524
UCI,0.0001,71,15,0.6883540153503418,0.22808577638091165,0.5149999999999999,0.6874348521232605,0.0006602907669730484,6.602907669730485e-08,0.013868212699890137,0.0002656154683791101,2.6561546837911012e-08,1.9152826260100144e-06,-0.3237748146057129
UCI,0.0001,71,16,0.6872810125350952,0.24112141108520604,0.5149999999999999,0.6869712471961975,0.000575757585465908,5.7575758546590805e-08,0.013926784507930279,0.0002664231287781149,2.6642312877811492e-08,1.9130268629230715e-06,-0.32976123690605164
UCI,0.0001,71,17,0.6871426105499268,0.25362863675089403,0.5149999999999999,0.6864849925041199,0.0005032437038607895,5.0324370386078954e-08,0.013937385752797127,0.00026788824470713735,2.6788824470713734e-08,1.9220838789898185e-06,-0.33532577753067017
UCI,0.0001,71,18,0.6860319674015045,0.28867513459481287,0.5149999999999999,0.6859883666038513,0.0004410706169437617,4.410706169437617e-08,0.014057988300919533,0.00026961107505485415,2.6961107505485417e-08,1.9178496189047115e-06,-0.3314113914966583
UCI,0.0001,71,19,0.6858757138252258,0.22808577638091165,0.5199999999999999,0.6854638457298279,0.00038782405317761004,3.8782405317761005e-08,0.014233344234526157,0.0002715040754992515,2.715040754992515e-08,1.907521317728392e-06,-0.31992119550704956
UCI,0.0001,71,20,0.6834787130355835,0.24112141108520604,0.5199999999999999,0.6849309206008911,0.0003422017034608871,3.422017034608871e-08,0.014411961659789085,0.0002734330773819238,2.734330773819238e-08,1.8972648126370703e-06,-0.3059682250022888
UCI,0.0001,71,21,0.6844277381896973,0.25362863675089403,0.5199999999999999,0.6843528151512146,0.0003033363609574735,3.0333636095747356e-08,0.014665032736957073,0.0002753251465037465,2.753251465037465e-08,1.8774260613132133e-06,-0.28304532170295715
UCI,0.0001,71,22,0.6833342015743256,0.2773500981126146,0.5199999999999999,0.6837546825408936,0.0002702788624446839,2.702788624446839e-08,0.015026048757135868,0.00027699899510480464,2.7699899510480464e-08,1.8434586469264441e-06,-0.25201529264450073
UCI,0.0001,71,23,0.6836312711238861,0.2773500981126146,0.5199999999999999,0.6831088662147522,0.00024227012181654572,2.4227012181654573e-08,0.015360962599515915,0.0002785205433610827,2.785205433610827e-08,1.8131711574498591e-06,-0.2185089886188507
UCI,0.0001,71,24,0.6826717555522919,0.28867513459481287,0.5199999999999999,0.682443380355835,0.00021863430447410792,2.1863430447410793e-08,0.015855468809604645,0.00027968670474365354,2.7968670474365355e-08,1.7639762538855356e-06,-0.17678610980510712
UCI,0.0001,71,25,0.6824741065502167,0.2997004492513102,0.5199999999999999,0.6817342042922974,0.00019873808196280152,1.9873808196280154e-08,0.016127727925777435,0.000280723994364962,2.80723994364962e-08,1.7406295273388904e-06,-0.14112092554569244
UCI,0.0001,71,26,0.6820791959762573,0.2997004492513102,0.5199999999999999,0.6809934973716736,0.00018206315871793777,1.8206315871793777e-08,0.01628941111266613,0.0002815249899867922,2.815249899867922e-08,1.7282699051526013e-06,-0.10695609450340271
UCI,0.0001,71,27,0.681302011013031,0.28867513459481287,0.5199999999999999,0.6802218556404114,0.0001681450812611729,1.681450812611729e-08,0.01658329740166664,0.00028189673321321607,2.818967332132161e-08,1.699883481465424e-06,-0.06427110731601715
UCI,0.0001,71,28,0.6778632700443268,0.28322059201851035,0.5149999999999999,0.679450273513794,0.00015653640730306506,1.5653640730306507e-08,0.0164390429854393,0.0002822037204168737,2.8220372041687372e-08,1.716667574060318e-06,-0.03803269937634468
UCI,0.0001,71,29,0.6762591302394867,0.2997004492513102,0.5149999999999999,0.6786825656890869,0.00014709201059304178,1.4709201059304179e-08,0.0164365004748106,0.0002823536633513868,2.823536633513868e-08,1.7178453758091738e-06,0.00041463098023086786
UCI,0.0001,71,30,0.6772059798240662,0.30338993810845893,0.5099999999999999,0.6779000163078308,0.00013955753820482641,1.3955753820482642e-08,0.01709955558180809,0.0002822870446834713,2.8228704468347134e-08,1.650844335298348e-06,0.07042510062456131
UCI,0.0001,71,31,0.6776506006717682,0.3104602102825332,0.5099999999999999,0.6771451234817505,0.0001334224798483774,1.334224798483774e-08,0.017143676057457924,0.00028216434293426573,2.8216434293426575e-08,1.6458800433966277e-06,0.12066670507192612
UCI,0.0001,71,32,0.6769624352455139,0.30547686060781526,0.5049999999999999,0.6764459013938904,0.00012869566853623837,1.2869566853623837e-08,0.018821382895112038,0.00028185025439597666,2.8185025439597667e-08,1.4975002419677351e-06,0.19834096729755402
UCI,0.0001,71,33,0.6739148497581482,0.30547686060781526,0.49999999999999994,0.6757665872573853,0.0001248264597961679,1.2482645979616792e-08,0.019171448424458504,0.0002815457119140774,2.8154571191407743e-08,1.4685677664024994e-06,0.23596380650997162
UCI,0.0001,71,34,0.6739209592342377,0.3312945782245396,0.49499999999999994,0.6751091480255127,0.00012178818724351004,1.2178818724351004e-08,0.019666261970996857,0.00028105248929932714,2.8105248929932716e-08,1.4291098619240095e-06,0.2700004577636719
UCI,0.0001,71,35,0.6773470044136047,0.3209833376209784,0.48999999999999994,0.6744579672813416,0.00011926450679311529,1.192645067931153e-08,0.017278051003813744,0.00028069582185707986,2.8069582185707988e-08,1.624580352234882e-06,0.26566123962402344
UCI,0.0001,71,36,0.6752528846263885,0.34141531479696996,0.4799999999999999,0.6738408207893372,0.00011713698040693998,1.1713698040693998e-08,0.012205586768686771,0.00028082969947718084,2.8082969947718084e-08,2.30082915962422e-06,0.1663362979888916
UCI,0.0001,71,37,0.6744586825370789,0.3312945782245396,0.4749999999999999,0.6732785105705261,0.00011570799688342959,1.157079968834296e-08,0.010373527184128761,0.0002811714366544038,2.811714366544038e-08,2.7104709098809625e-06,0.05899110063910484
UCI,0.0001,71,38,0.6750759184360504,0.3312945782245396,0.4699999999999999,0.6727316975593567,0.00011495579383336008,1.1495579383336009e-08,0.01080810371786356,0.00028190240846015513,2.8190240846015515e-08,2.608250400060732e-06,0.06013534590601921
UCI,0.0001,71,39,0.6744513213634491,0.34141531479696996,0.4649999999999999,0.6721709966659546,0.0001144215275417082,1.144215275417082e-08,0.011752154678106308,0.00028301405836828053,2.8301405836828053e-08,2.408188677907056e-06,0.07115346193313599
UCI,0.0001,71,40,0.6707332730293274,0.3246172270321178,0.4599999999999999,0.6715674996376038,0.00011442232789704576,1.1442232789704576e-08,0.013427147641777992,0.0002844100526999682,2.8441005269996822e-08,2.118171783670856e-06,0.12661027908325195
UCI,0.0001,89,1,0.6918629705905914,0.16807316136320358,0.5099999999999999,0.6917654871940613,0.004885341040790081,4.885341040790082e-07,0.011825745925307274,0.00044945901026949286,4.494590102694929e-08,3.8006821143319497e-06,-0.14346075057983398
UCI,0.0001,89,2,0.6921700835227966,0.16487498971248796,0.48999999999999994,0.6914921402931213,0.004217516630887985,4.2175166308879857e-07,0.01162109337747097,0.00041422442882321775,4.1422442882321776e-08,3.5644187286735575e-06,-0.1708005964756012
UCI,0.0001,89,3,0.6916669607162476,0.1655211777204736,0.49999999999999994,0.691238522529602,0.0036253579892218113,3.6253579892218115e-07,0.011428073048591614,0.0003858495329041034,3.858495329041034e-08,3.376330648775956e-06,-0.2106628566980362
UCI,0.0001,89,4,0.6910435557365417,0.1655211777204736,0.49999999999999994,0.6909886598587036,0.0031057819724082947,3.1057819724082946e-07,0.011260099709033966,0.0003625735698733479,3.625735698733479e-08,3.219985428570011e-06,-0.2509440779685974
UCI,0.0001,89,5,0.6910102665424347,0.1709786436730771,0.49999999999999994,0.6907291412353516,0.0026533231139183044,2.653323113918305e-07,0.0110893240198493,0.0003441832959651947,3.441832959651947e-08,3.1037355870305974e-06,-0.29327645897865295
UCI,0.0001,89,6,0.6901184618473053,0.1846372364689991,0.5249999999999999,0.6904758810997009,0.0022622353862971067,2.2622353862971068e-07,0.01095378678292036,0.00032936528441496193,3.29365284414962e-08,3.0068622928513015e-06,-0.3304305076599121
UCI,0.0001,89,7,0.6907663345336914,0.175919798853417,0.48499999999999993,0.6902078986167908,0.0019259295659139752,1.9259295659139754e-07,0.010812093503773212,0.0003180411586072296,3.1804115860722963e-08,2.94153170703009e-06,-0.3674580454826355
UCI,0.0001,89,8,0.6899288892745972,0.1655211777204736,0.5049999999999999,0.689943253993988,0.0016379361040890217,1.6379361040890217e-07,0.010687867179512978,0.00030957930721342564,3.0957930721342565e-08,2.8965489747743335e-06,-0.4042111933231354
UCI,0.0001,89,9,0.6899189949035645,0.1846372364689991,0.5349999999999999,0.6896664500236511,0.0013925159582868218,1.3925159582868219e-07,0.01056381594389677,0.0003035340632777661,3.0353406327776615e-08,2.8733372948733787e-06,-0.4397144317626953
UCI,0.0001,89,10,0.6893195807933807,0.22587697572631282,0.4799999999999999,0.6893841624259949,0.0011842050589621067,1.1842050589621068e-07,0.010453411377966404,0.00029939625528641045,2.993962552864105e-08,2.8641009567218884e-06,-0.472910612821579
UCI,0.0001,89,11,0.6891913414001465,0.18699392279626206,0.4799999999999999,0.6890933513641357,0.0010081293294206262,1.0081293294206261e-07,0.01033741980791092,0.0002968313929159194,2.9683139291591942e-08,2.871426317510712e-06,-0.5031005144119263
UCI,0.0001,89,12,0.6897621154785156,0.1892583246525563,0.5049999999999999,0.6887972354888916,0.0008597870473749936,8.597870473749936e-08,0.010227957740426064,0.0002954709925688803,2.9547099256888035e-08,2.888856212233157e-06,-0.5307850241661072
UCI,0.0001,89,13,0.6886476576328278,0.20085883379503597,0.5049999999999999,0.6885064244270325,0.0007352199172601104,7.352199172601105e-08,0.01014685444533825,0.0002949661866296083,2.949661866296083e-08,2.906971694711991e-06,-0.5538759827613831
UCI,0.0001,89,14,0.6874123811721802,0.23280223035107195,0.4749999999999999,0.6882124543190002,0.000630953349173069,6.309533491730691e-08,0.010071835480630398,0.000295182631816715,2.9518263181671502e-08,2.9307729696776133e-06,-0.5731709599494934
UCI,0.0001,89,15,0.6886574327945709,0.19728305039201205,0.5049999999999999,0.6878957748413086,0.0005440638633444905,5.4406386334449055e-08,0.009983381256461143,0.00029609480407088995,2.9609480407088996e-08,2.965876955558122e-06,-0.5888678431510925
UCI,0.0001,89,16,0.6886841356754303,0.19728305039201205,0.5049999999999999,0.6875787377357483,0.0004716830444522202,4.7168304445222024e-08,0.00990802887827158,0.00029734650161117315,2.9734650161117315e-08,3.0010661582068804e-06,-0.600527822971344
UCI,0.0001,89,17,0.687468022108078,0.23280223035107195,0.4699999999999999,0.6872631311416626,0.0004114449839107692,4.1144498391076926e-08,0.009851610288023949,0.00029880242072977126,2.988024207297713e-08,3.0330312709690584e-06,-0.6073358058929443
UCI,0.0001,89,18,0.6865555942058563,0.20085883379503597,0.5099999999999999,0.6869324445724487,0.00036147289210930467,3.614728921093047e-08,0.009801956824958324,0.0003004407335538417,3.0044073355384175e-08,3.0651097420551957e-06,-0.6086069941520691
UCI,0.0001,89,19,0.6874897480010986,0.20478889182363452,0.5199999999999999,0.6865847110748291,0.00032011233270168304,3.2011233270168305e-08,0.009719658643007278,0.00030215553124435246,3.0215553124435245e-08,3.108705175173364e-06,-0.6044537425041199
UCI,0.0001,89,20,0.6871480643749237,0.2316661873125233,0.4649999999999999,0.686227560043335,0.0002858122461475432,2.858122461475432e-08,0.009658733382821083,0.0003037716669496149,3.037716669496149e-08,3.145046611286526e-06,-0.5935749411582947
UCI,0.0001,89,21,0.6859065294265747,0.20085883379503597,0.5099999999999999,0.685858428478241,0.0002573286765255034,2.573286765255034e-08,0.009591490961611271,0.0003051827661693096,3.0518276616930966e-08,3.181807368539105e-06,-0.5812779664993286
UCI,0.0001,89,22,0.685314953327179,0.23280223035107195,0.4599999999999999,0.6854760646820068,0.0002337815531063825,2.337815531063825e-08,0.009506279602646828,0.0003064149641431868,3.0641496414318684e-08,3.223290045643849e-06,-0.5616862773895264
UCI,0.0001,107,1,0.6963994801044464,0.0,0.05,0.6959210634231567,0.0036699490156024694,3.6699490156024694e-07,0.016831813380122185,0.00040742853889241815,4.0742853889241816e-08,2.4205861227856637e-06,0.13633663952350616
UCI,0.0001,107,2,0.6962790787220001,0.0,0.05,0.6952494382858276,0.0030628752429038286,3.062875242903829e-07,0.01593494787812233,0.00038078377838246524,3.8078377838246525e-08,2.389614207055281e-06,0.11863075941801071
UCI,0.0001,107,3,0.6952646672725677,0.0,0.05,0.6946215033531189,0.0025341715663671494,2.5341715663671494e-07,0.015126549638807774,0.0003583958896342665,3.583958896342665e-08,2.3693168514436853e-06,0.09497713297605515
UCI,0.0001,107,4,0.6948108375072479,0.0,0.05,0.6940374970436096,0.0020793217699974775,2.0793217699974776e-07,0.014476449228823185,0.00034019758459180593,3.4019758459180596e-08,2.350007099216423e-06,0.06375854462385178
UCI,0.0001,107,5,0.6935054659843445,0.1846372364689991,0.48499999999999993,0.6934959888458252,0.0016928680706769228,1.692868070676923e-07,0.01392995472997427,0.0003259496879763901,3.259496879763901e-08,2.339919219371305e-06,0.027732444927096367
UCI,0.0001,107,6,0.6935729682445526,0.186858321674153,0.48499999999999993,0.6929854154586792,0.0013687631580978632,1.3687631580978633e-07,0.013521404936909676,0.0003151716955471784,3.151716955471784e-08,2.33090937678264e-06,-0.014866293407976627
UCI,0.0001,107,7,0.6927312612533569,0.17323973216880925,0.48999999999999994,0.692497968673706,0.0011005811393260956,1.1005811393260956e-07,0.013197948224842548,0.00030742341186851263,3.0742341186851264e-08,2.3293273062690787e-06,-0.06079375371336937
UCI,0.0001,107,8,0.6923165619373322,0.14595127662315596,0.48999999999999994,0.6920303702354431,0.0008818003116175532,8.818003116175533e-08,0.012970758602023125,0.00030224345391616225,3.022434539161623e-08,2.3301910334605997e-06,-0.10923484712839127
UCI,0.0001,107,9,0.6919727921485901,0.19781414201873612,0.49499999999999994,0.691566526889801,0.0007058477494865656,7.058477494865657e-08,0.012814415618777275,0.0002991895889863372,2.991895889863372e-08,2.3347891771820436e-06,-0.15920056402683258
UCI,0.0001,107,10,0.6913668513298035,0.19367011027991354,0.49999999999999994,0.6911137700080872,0.0005662820767611265,5.6628207676112656e-08,0.012726874090731144,0.0002978008706122637,2.978008706122637e-08,2.3399372735929644e-06,-0.2084689438343048
UCI,0.0001,107,11,0.6907640099525452,0.17897494805707315,0.49999999999999994,0.6906721591949463,0.00045698010944761336,4.569801094476134e-08,0.012711340561509132,0.00029774583526887,2.9774583526887e-08,2.342363764294587e-06,-0.25569093227386475
UCI,0.0001,107,12,0.6905142962932587,0.21063058936525558,0.5049999999999999,0.6902150511741638,0.00037239905213937163,3.7239905213937164e-08,0.012735608033835888,0.00029880498186685145,2.988049818668515e-08,2.3462168517827198e-06,-0.3011679947376251
UCI,0.0001,107,13,0.690055787563324,0.19367011027991354,0.5099999999999999,0.6897503733634949,0.00030756197520531714,3.075619752053172e-08,0.012812992557883263,0.00030073305242694914,3.007330524269491e-08,2.347094568800959e-06,-0.3433310389518738
UCI,0.0001,107,14,0.690279483795166,0.1846372364689991,0.5449999999999999,0.6892715096473694,0.0002582579618319869,2.582579618319869e-08,0.01292336080223322,0.00030326296109706163,3.0326296109706164e-08,2.3466261271963894e-06,-0.3808249533176422
UCI,0.0001,107,15,0.688540130853653,0.2044398826909146,0.5149999999999999,0.688792884349823,0.00022093909501563758,2.209390950156376e-08,0.01308506354689598,0.000306151167023927,3.06151167023927e-08,2.339699504910327e-06,-0.41200020909309387
UCI,0.0001,107,16,0.6879861056804657,0.19781414201873612,0.5149999999999999,0.6882835626602173,0.00019295720267109573,1.9295720267109573e-08,0.013266066089272499,0.0003093971172347665,3.093971172347665e-08,2.3322446545397365e-06,-0.4373902380466461
UCI,0.0001,107,17,0.6883407831192017,0.23655309301829208,0.5199999999999999,0.6877323389053345,0.00017224314797203988,1.7224314797203988e-08,0.013473228551447392,0.00031289769685827196,3.12897696858272e-08,2.322366132686573e-06,-0.45443177223205566
UCI,0.0001,107,18,0.6881848275661469,0.2087912087912088,0.5199999999999999,0.6871534585952759,0.0001570676831761375,1.5706768317613753e-08,0.013720543123781681,0.0003163782530464232,3.1637825304642324e-08,2.30587266256281e-06,-0.46075284481048584
UCI,0.0001,107,19,0.6875090003013611,0.23280223035107195,0.5249999999999999,0.6865509748458862,0.0001461303181713447,1.461303181713447e-08,0.014012467116117477,0.0003197019686922431,3.1970196869224314e-08,2.281553748122729e-06,-0.4563687741756439
UCI,0.0001,107,20,0.6849774718284607,0.21517402008629544,0.5299999999999999,0.6859235763549805,0.000138432951644063,1.3843295164406301e-08,0.014318780042231083,0.00032288054353557527,3.228805435355753e-08,2.254944503535132e-06,-0.4458276033401489
UCI,0.0001,107,21,0.6854959428310394,0.2557925102245004,0.5299999999999999,0.6852368712425232,0.00013359967852011323,1.3359967852011323e-08,0.014731191098690033,0.0003259893273934722,3.259893273934722e-08,2.2129190043733848e-06,-0.41688594222068787
UCI,0.0001,107,22,0.684012234210968,0.21517402008629544,0.5349999999999999,0.6845030188560486,0.00013081723591312766,1.3081723591312766e-08,0.015205585397779942,0.00032908693538047373,3.290869353804738e-08,2.1642503512460717e-06,-0.3802317678928375
UCI,0.0001,107,23,0.6849686801433563,0.25784170064485096,0.5349999999999999,0.6837203502655029,0.0001298228744417429,1.2982287444174291e-08,0.01595616713166237,0.00033219464239664376,3.3219464239664376e-08,2.081920047938446e-06,-0.3209035098552704
UCI,0.0001,107,24,0.684618353843689,0.2664693550105965,0.5349999999999999,0.6828852891921997,0.0001298856077482924,1.298856077482924e-08,0.01673414558172226,0.00033545956830494106,3.354595683049411e-08,2.0046411492400554e-06,-0.26712238788604736
UCI,0.0001,107,25,0.6831472218036652,0.2542872819425528,0.5349999999999999,0.6820031404495239,0.00013072497677057981,1.3072497677057983e-08,0.01775592938065529,0.0003387574979569763,3.387574979569763e-08,1.9078556277997224e-06,-0.20948705077171326
UCI,0.0001,107,26,0.6819396018981934,0.2429493573646624,0.5349999999999999,0.6810576915740967,0.00013214070349931717,1.3214070349931718e-08,0.01904251053929329,0.00034210155718028545,3.4210155718028545e-08,1.796514994566371e-06,-0.14875108003616333
UCI,0.0001,107,27,0.6794869601726532,0.2472066162365221,0.5399999999999999,0.6800587773323059,0.00013397431757766753,1.3397431757766755e-08,0.02104177325963974,0.00034525783848948777,3.452578384894878e-08,1.6408210193564219e-06,-0.07366013526916504
UCI,0.0001,107,28,0.6800487637519836,0.2542872819425528,0.5349999999999999,0.6789467334747314,0.00013603494153358042,1.3603494153358043e-08,0.023555587977170944,0.0003481885069049895,3.481885069049895e-08,1.4781567212095861e-06,-0.0003011083754245192
UCI,0.0001,107,29,0.6768189668655396,0.2684624220856097,0.5349999999999999,0.6777276396751404,0.00013776424748357385,1.3776424748357386e-08,0.02533973939716816,0.00035095459315925837,3.509545931592584e-08,1.3849968528029903e-06,0.03858276829123497
UCI,0.0001,107,30,0.6787840127944946,0.2650356625796317,0.5299999999999999,0.6763936281204224,0.00013951466826256365,1.3951466826256366e-08,0.028099369257688522,0.0003528184024617076,3.5281840246170763e-08,1.2556096872714315e-06,0.08860496431589127
UCI,0.0001,107,31,0.6766914427280426,0.25784170064485096,0.5299999999999999,0.674875795841217,0.00014069577446207404,1.4069577446207405e-08,0.029440216720104218,0.0003541347978170961,3.541347978170961e-08,1.2028946701851674e-06,0.10255511850118637
UCI,0.0001,107,32,0.6756888031959534,0.27639921950277474,0.5199999999999999,0.6731749176979065,0.00014144036686047912,1.4144036686047912e-08,0.029534250497817993,0.00035470337024889886,3.547033702488989e-08,1.2009899160132896e-06,0.08801724761724472
UCI,0.0001,107,33,0.6715317666530609,0.2684624220856097,0.5149999999999999,0.6712941527366638,0.0001417292223777622,1.417292223777622e-08,0.028504610061645508,0.00035435977042652667,3.543597704265267e-08,1.2431665252047664e-06,0.034987956285476685
UCI,0.0001,107,34,0.6699554324150085,0.2684624220856097,0.5099999999999999,0.6692091822624207,0.00014189622015692294,1.4189622015692295e-08,0.02854977175593376,0.00035229200148023665,3.522920014802367e-08,1.233957330699208e-06,-0.007900104857981205
UCI,0.0001,107,35,0.6687844097614288,0.2484646732989441,0.5199999999999999,0.6668838262557983,0.0001417304010828957,1.417304010828957e-08,0.028921350836753845,0.0003492370306048542,3.492370306048542e-08,1.2075405211053857e-06,-0.06877120584249496
UCI,0.0001,107,36,0.6654514670372009,0.2650356625796317,0.49499999999999994,0.6642382144927979,0.0001413616701029241,1.4136167010292412e-08,0.03079230897128582,0.0003453052486293018,3.453052486293018e-08,1.1214009607116598e-06,-0.06853968650102615
UCI,0.0001,107,37,0.6647239923477173,0.2472066162365221,0.49499999999999994,0.6612511873245239,0.000140789634315297,1.4078963431529701e-08,0.03468429297208786,0.00034205999691039324,3.420599969103933e-08,9.862100899264853e-07,0.01392134465277195
UCI,0.0001,107,38,0.6614970564842224,0.2472066162365221,0.48999999999999994,0.6579485535621643,0.00013985125406179577,1.3985125406179578e-08,0.03499240055680275,0.0003396937681827694,3.3969376818276945e-08,9.707644024917597e-07,-0.0410073883831501
UCI,0.0001,107,39,0.6569165289402008,0.2790727860929738,0.48499999999999993,0.654344916343689,0.00013905190280638635,1.3905190280638636e-08,0.037086572498083115,0.0003386170428711921,3.386170428711921e-08,9.130448571074992e-07,0.0017306488007307053
UCI,0.0001,107,40,0.6543788909912109,0.2472066162365221,0.48499999999999993,0.6505757570266724,0.0001386447111144662,1.386447111144662e-08,0.05825759842991829,0.00034161220537498593,3.4161220537498595e-08,5.863822309564179e-07,0.20449098944664001
UCI,0.0001,131,1,0.6964282989501953,0.03316790634033297,0.4599999999999999,0.6957388520240784,0.0026170951314270496,2.61709513142705e-07,0.019468095153570175,0.00030555384000763297,3.05553840007633e-08,1.5695107179070814e-06,0.021018248051404953
UCI,0.0001,131,2,0.6958887279033661,0.09899678265684461,0.4599999999999999,0.6949453353881836,0.0022063355427235365,2.2063355427235366e-07,0.01853795535862446,0.00029656547121703625,2.9656547121703626e-08,1.5997744383339685e-06,0.0007157592917792499
UCI,0.0001,131,3,0.6942183375358582,0.10994987428338562,0.4599999999999999,0.6942125558853149,0.0018486845074221492,1.8486845074221493e-07,0.017660614103078842,0.0002899130340665579,2.899130340665579e-08,1.6415795757408925e-06,-0.026663433760404587
UCI,0.0001,131,4,0.6946415603160858,0.14990633779917228,0.48499999999999993,0.693538248538971,0.0015402425779029727,1.5402425779029729e-07,0.01685749739408493,0.00028516940074041486,2.8516940074041486e-08,1.6916473072715823e-06,-0.05991000682115555
UCI,0.0001,131,5,0.6937793791294098,0.1846372364689991,0.48999999999999994,0.692880392074585,0.0012766321888193488,1.2766321888193488e-07,0.016064565628767014,0.0002819878573063761,2.819878573063761e-08,1.7553406909516247e-06,-0.099327452480793
UCI,0.0001,131,6,0.693311333656311,0.09899678265684461,0.4649999999999999,0.6922467350959778,0.0010534770553931594,1.0534770553931595e-07,0.015298712998628616,0.00028007591026835144,2.8007591026835146e-08,1.8307155006663475e-06,-0.14392119646072388
UCI,0.0001,131,7,0.6917612850666046,0.10994987428338562,0.4649999999999999,0.6916261911392212,0.0008664324996061623,8.664324996061623e-08,0.014538300223648548,0.0002792046871036291,2.7920468710362912e-08,1.9204768288487e-06,-0.19302180409431458
UCI,0.0001,131,8,0.6924578547477722,0.16807316136320358,0.5099999999999999,0.6910361051559448,0.0007113032042980194,7.113032042980195e-08,0.013828218914568424,0.00027916321414522827,2.7916321414522826e-08,2.0187937135643827e-06,-0.24456948041915894
UCI,0.0001,131,9,0.6908010542392731,0.2,0.5149999999999999,0.690460205078125,0.0005840021767653525,5.8400217676535253e-08,0.013118782080709934,0.0002797998022288084,2.797998022288084e-08,2.1328184316761426e-06,-0.29844382405281067
UCI,0.0001,131,10,0.6900468468666077,0.14808721943977307,0.49999999999999994,0.6899195313453674,0.0004807376826647669,4.8073768266476694e-08,0.012462425976991653,0.0002809450379572809,2.809450379572809e-08,2.2543366634711933e-06,-0.35207346081733704
UCI,0.0001,131,11,0.6898612380027771,0.16807316136320358,0.5299999999999999,0.6894190907478333,0.00039796705823391676,3.979670582339168e-08,0.011894903145730495,0.0002825117262545973,2.825117262545973e-08,2.3750653771065034e-06,-0.4026753008365631
UCI,0.0001,131,12,0.6889944970607758,0.1846372364689991,0.5349999999999999,0.6889218091964722,0.0003324676654301584,3.324676654301584e-08,0.011347423307597637,0.0002844693372026086,2.844693372026086e-08,2.506906894115274e-06,-0.4519899785518646
UCI,0.0001,131,13,0.6893373131752014,0.14990633779917228,0.5449999999999999,0.688434362411499,0.0002813188184518367,2.813188184518367e-08,0.010834632441401482,0.0002866781142074615,2.8667811420746148e-08,2.645942220540885e-06,-0.49775078892707825
UCI,0.0001,131,14,0.6891675591468811,0.1846372364689991,0.5499999999999999,0.6879651546478271,0.00024189178657252342,2.4189178657252343e-08,0.010384474880993366,0.0002890203322749585,2.890203322749585e-08,2.7831964118277224e-06,-0.5376610159873962
UCI,0.0001,131,15,0.6882431209087372,0.16807316136320358,0.5599999999999999,0.6875021457672119,0.00021197725436650217,2.1197725436650216e-08,0.009993786923587322,0.00029144840664230287,2.914484066423029e-08,2.916295983401715e-06,-0.5698074698448181
UCI,0.0001,131,16,0.6872068345546722,0.12090832578915783,0.4699999999999999,0.6870532631874084,0.00018968376389238983,1.8968376389238985e-08,0.009718144312500954,0.0002939134428743273,2.939134428743273e-08,3.0243782498295603e-06,-0.5882066488265991
UCI,0.0001,131,17,0.6877689957618713,0.1846372364689991,0.575,0.6866194009780884,0.00017339191981591284,1.7339191981591286e-08,0.009581983089447021,0.00029633130179718137,2.9633130179718137e-08,3.092588444698275e-06,-0.5885634422302246
UCI,0.0001,149,1,0.692908763885498,0.16993235521110622,0.5149999999999999,0.6922990083694458,0.0037957895547151566,3.795789554715157e-07,0.015830863267183304,0.0003834754170384258,3.834754170384258e-08,2.4223278956199046e-06,-0.27345719933509827
UCI,0.0001,149,2,0.6915785670280457,0.10768601458875716,0.5299999999999999,0.6917353272438049,0.003263725433498621,3.2637254334986213e-07,0.015516717918217182,0.00036510720383375883,3.6510720383375885e-08,2.3529924675959335e-06,-0.2971873879432678
UCI,0.0001,149,3,0.6913414001464844,0.17740004829626463,0.5449999999999999,0.6912143230438232,0.0027981153689324856,2.798115368932486e-07,0.01527058519423008,0.0003496568533591926,3.4965685335919263e-08,2.289741021131979e-06,-0.3237987458705902
UCI,0.0001,149,4,0.690879225730896,0.16807316136320358,0.5499999999999999,0.6906806230545044,0.002394886454567313,2.394886454567313e-07,0.01503230445086956,0.0003369152545928955,3.369152545928955e-08,2.2412748204644453e-06,-0.3523118197917938
UCI,0.0001,149,5,0.6897655725479126,0.14149998919097348,0.5299999999999999,0.6901604533195496,0.002048668684437871,2.048668684437871e-07,0.014821232296526432,0.00032664465834386647,3.2664465834386646e-08,2.2038967597884576e-06,-0.3813698887825012
UCI,0.0001,149,6,0.6896941959857941,0.1649572197684645,0.5549999999999999,0.6896589994430542,0.0017535329097881913,1.7535329097881914e-07,0.014666708186268806,0.00031848179060034454,3.1848179060034455e-08,2.1714606069445903e-06,-0.41019320487976074
UCI,0.0001,149,7,0.6890276372432709,0.17712297710801905,0.5599999999999999,0.689174234867096,0.0015034597599878907,1.5034597599878907e-07,0.014563470147550106,0.00031212574685923755,3.121257468592376e-08,2.1432099883951353e-06,-0.4369964003562927
UCI,0.0001,149,8,0.6887607872486115,0.17740004829626463,0.565,0.688683271408081,0.0012925569899380207,1.2925569899380207e-07,0.014490567147731781,0.00030725981923751533,3.072598192375154e-08,2.1204126526242347e-06,-0.461415559053421
UCI,0.0001,149,9,0.6887965500354767,0.17740004829626463,0.57,0.6881800889968872,0.001115250401198864,1.1152504011988641e-07,0.014446847140789032,0.00030361153767444193,3.036115376744419e-08,2.101576452741922e-06,-0.4831080436706543
UCI,0.0001,149,10,0.6883971393108368,0.17740004829626463,0.575,0.6876567006111145,0.0009664729586802423,9.664729586802424e-08,0.014413765631616116,0.00030096585396677256,3.009658539667726e-08,2.0880445933338475e-06,-0.5024929046630859
UCI,0.0001,149,11,0.6878406703472137,0.17712297710801905,0.58,0.6871249675750732,0.0008417067001573741,8.417067001573742e-08,0.014414288103580475,0.0002990622306242585,2.990622306242585e-08,2.0747624057130657e-06,-0.5186577439308167
UCI,0.0001,173,1,0.6960017383098602,0.10540925533894598,0.5399999999999999,0.695343017578125,0.005854354705661535,5.854354705661536e-07,0.019429437816143036,0.0004712037043645978,4.712037043645978e-08,2.425205035902254e-06,0.23527215421199799
UCI,0.0001,173,2,0.6962630152702332,0.10540925533894598,0.5399999999999999,0.6948267221450806,0.0052225044928491116,5.222504492849112e-07,0.01868184097111225,0.00044934917241334915,4.4934917241334915e-08,2.4052724413411836e-06,0.23031917214393616
UCI,0.0001,173,3,0.6941738426685333,0.3312945782245396,0.5349999999999999,0.6943212151527405,0.00465575372800231,4.65575372800231e-07,0.017990728840231895,0.0004299387219361961,4.299387219361961e-08,2.3897793455412578e-06,0.22461672127246857
UCI,0.0001,173,4,0.6946273148059845,0.3104602102825332,0.5349999999999999,0.6938489675521851,0.004149970598518848,4.149970598518849e-07,0.01738528348505497,0.000412234163377434,4.12234163377434e-08,2.3711673366258633e-06,0.2165500968694687
UCI,0.0001,173,5,0.6941056251525879,0.2773500981126146,0.5349999999999999,0.6933913826942444,0.0037001646123826504,3.700164612382651e-07,0.016822628676891327,0.0003964844800066203,3.964844800066203e-08,2.356852116407096e-06,0.20665289461612701
UCI,0.0001,173,6,0.6936957240104675,0.2656844656620286,0.5349999999999999,0.6929402947425842,0.003301414428278804,3.301414428278804e-07,0.016299743205308914,0.0003823399019893259,3.823399019893259e-08,2.3456805249839502e-06,0.19472813606262207
UCI,0.0001,173,7,0.6920543313026428,0.34141531479696996,0.5299999999999999,0.692503809928894,0.0029487786814570427,2.948778681457043e-07,0.015812259167432785,0.00036963040474802256,3.696304047480226e-08,2.3376191904906292e-06,0.18066644668579102
UCI,0.0001,173,8,0.6930886805057526,0.3209833376209784,0.5299999999999999,0.6920946836471558,0.0026375814341008663,2.637581434100866e-07,0.015384924598038197,0.00035771718830801547,3.5771718830801546e-08,2.325114991812372e-06,0.16419044137001038
UCI,0.0001,173,9,0.692575991153717,0.3104602102825332,0.5299999999999999,0.6917057037353516,0.002363041741773486,2.3630417417734863e-07,0.014977607876062393,0.00034709551255218685,3.470955125521869e-08,2.317429561678698e-06,0.145993173122406
UCI,0.0001,173,10,0.6919353306293488,0.35136418446315326,0.5249999999999999,0.6913203597068787,0.0021208981052041054,2.1208981052041055e-07,0.014584796503186226,0.0003376427630428225,3.376427630428225e-08,2.315032389852408e-06,0.12581923604011536
UCI,0.0001,173,11,0.6910778880119324,0.35136418446315326,0.5249999999999999,0.6909288167953491,0.0019072061404585838,1.907206140458584e-07,0.014193376526236534,0.0003292760520707816,3.292760520707816e-08,2.3199275483329356e-06,0.10344226658344269
UCI,0.0001,173,12,0.6909160614013672,0.3209833376209784,0.5249999999999999,0.6905397176742554,0.0017184884054586291,1.718488405458629e-07,0.013811013661324978,0.00032173286308534443,3.217328630853444e-08,2.3295383740463157e-06,0.07930906862020493
UCI,0.0001,173,13,0.6902166306972504,0.3209833376209784,0.5249999999999999,0.6901630163192749,0.0015515725826844573,1.5515725826844573e-07,0.01343504711985588,0.0003149748081341386,3.149748081341386e-08,2.3444265235857048e-06,0.053555335849523544
UCI,0.0001,173,14,0.6904778182506561,0.36115755925730764,0.5199999999999999,0.6897804737091064,0.001403640490025282,1.403640490025282e-07,0.013040721416473389,0.00030903579317964613,3.090357931796461e-08,2.369775285508851e-06,0.025588486343622208
UCI,0.0001,173,15,0.6899735033512115,0.35136418446315326,0.5199999999999999,0.6894127726554871,0.0012723023537546396,1.2723023537546396e-07,0.012645388022065163,0.00030370059539563954,3.0370059539563953e-08,2.4016708294415873e-06,-0.003912799060344696
UCI,0.0001,173,16,0.6886544227600098,0.36115755925730764,0.5149999999999999,0.6890461444854736,0.0011553621152415872,1.1553621152415873e-07,0.012214144691824913,0.00029916182393208146,2.9916182393208146e-08,2.4493063696250003e-06,-0.0365356020629406
UCI,0.0001,173,17,0.6879444420337677,0.36115755925730764,0.5149999999999999,0.688684344291687,0.001051153987646103,1.051153987646103e-07,0.011765247210860252,0.00029503670521080494,2.9503670521080496e-08,2.5076966078406135e-06,-0.07081121951341629
UCI,0.0001,173,18,0.6888439655303955,0.36115755925730764,0.5149999999999999,0.6883524656295776,0.0009584017097949982,9.584017097949982e-08,0.011391198262572289,0.0002909952600020915,2.9099526000209155e-08,2.554562332201747e-06,-0.09786280989646912
UCI,0.0001,173,19,0.6888587772846222,0.36115755925730764,0.5149999999999999,0.6880104541778564,0.0008752092253416777,8.752092253416778e-08,0.010932509787380695,0.00028769217897206545,2.8769217897206548e-08,2.631529123387076e-06,-0.12885843217372894
UCI,0.0001,173,20,0.6878343224525452,0.36115755925730764,0.5099999999999999,0.68767249584198,0.0008005189010873437,8.005189010873438e-08,0.010414897464215755,0.0002849593583960086,2.8495935839600863e-08,2.7360745449015915e-06,-0.16414964199066162
UCI,0.0001,173,21,0.6870359778404236,0.36115755925730764,0.5099999999999999,0.6873506903648376,0.000733543187379837,7.33543187379837e-08,0.009902377612888813,0.00028252453193999827,2.825245319399983e-08,2.8530979425816666e-06,-0.19720244407653809
UCI,0.0001,173,22,0.6862724125385284,0.36115755925730764,0.5099999999999999,0.6870208978652954,0.0006731508765369654,6.731508765369654e-08,0.009276925586163998,0.00028066328377462924,2.8066328377462925e-08,3.0253911295054735e-06,-0.24030661582946777
UCI,0.001,11,1,0.6931089162826538,0.23782391693748445,0.4799999999999999,0.6932818293571472,0.005787261761724949,5.787261761724949e-06,0.011457212269306183,0.00036331533920019865,3.6331533920019865e-07,3.171062302594487e-05,-0.0945112407207489
UCI,0.001,11,2,0.6930379569530487,0.09523809523809523,0.48499999999999993,0.6928437948226929,0.005139835178852081,5.139835178852081e-06,0.010914984159171581,0.00034770596539601684,3.4770596539601687e-07,3.1855837839567404e-05,-0.1012454405426979
UCI,0.001,11,3,0.6931132376194,0.16682120232032635,0.48499999999999993,0.6924455165863037,0.004554984159767628,4.554984159767628e-06,0.010443419218063354,0.00033311735023744404,3.3311735023744406e-07,3.18973454269911e-05,-0.1125141829252243
UCI,0.001,11,4,0.6922462284564972,0.18411492357966466,0.48999999999999994,0.6920529007911682,0.004026741720736027,4.026741720736027e-06,0.00997836608439684,0.00031954306177794933,3.1954306177794936e-07,3.202358573290055e-05,-0.12765897810459137
UCI,0.001,11,5,0.6920727491378784,0.12531595371053228,0.48999999999999994,0.6916972398757935,0.0035502584651112556,3.5502584651112558e-06,0.009579476900398731,0.00030684430385008454,3.0684430385008455e-07,3.203142583258514e-05,-0.14770083129405975
UCI,0.001,11,6,0.6917908191680908,0.2484646732989441,0.49499999999999994,0.6913689970970154,0.003121471730992198,3.121471730992198e-06,0.009233810938894749,0.00029526653815992177,2.952665381599218e-07,3.197667139969232e-05,-0.17221294343471527
UCI,0.001,11,7,0.691334456205368,0.17323973216880925,0.49999999999999994,0.6910499930381775,0.0027369027957320213,2.736902795732021e-06,0.008921152912080288,0.0002850120363291353,2.850120363291353e-07,3.194789273740567e-05,-0.2013251632452011
UCI,0.001,11,8,0.6908102035522461,0.2673939106929519,0.49999999999999994,0.6907748579978943,0.0023934205528348684,2.3934205528348685e-06,0.008679958060383797,0.0002757903130259365,2.757903130259365e-07,3.177323105795537e-05,-0.23302002251148224
UCI,0.001,11,9,0.6903064846992493,0.19493925957690475,0.5049999999999999,0.690493643283844,0.0020874731708317995,2.0874731708317997e-06,0.008447270840406418,0.0002680302713997662,2.6803027139976623e-07,3.172980675813997e-05,-0.2678486108779907
UCI,0.001,11,10,0.6899570822715759,0.22011272658140596,0.5049999999999999,0.6902173757553101,0.0018158822786062956,1.8158822786062955e-06,0.008251235820353031,0.000261651846813038,2.61651846813038e-07,3.171062523357176e-05,-0.30419060587882996
UCI,0.001,11,11,0.690178781747818,0.21645482913637396,0.5099999999999999,0.6899462938308716,0.0015756720677018166,1.5756720677018166e-06,0.008099882863461971,0.0002565396425779909,2.565396425779909e-07,3.167201883069495e-05,-0.34019771218299866
UCI,0.001,11,12,0.6896301805973053,0.22011272658140596,0.5099999999999999,0.6896867156028748,0.0013640098040923476,1.3640098040923477e-06,0.00799610000103712,0.000252502562943846,2.52502562943846e-07,3.157821474357444e-05,-0.37349995970726013
UCI,0.001,11,13,0.6900911927223206,0.21645482913637396,0.5149999999999999,0.6894267797470093,0.0011782855726778507,1.1782855726778508e-06,0.007931564934551716,0.0002494711079634726,2.494711079634726e-07,3.145294907398656e-05,-0.40278372168540955
UCI,0.001,11,14,0.6895829141139984,0.22086305214969307,0.5149999999999999,0.6891728043556213,0.0010161027312278748,1.0161027312278747e-06,0.007918329909443855,0.0002472207706887275,2.472207706887275e-07,3.1221327415756926e-05,-0.42609769105911255
UCI,0.001,11,15,0.6886650025844574,0.21645482913637396,0.5199999999999999,0.6889215111732483,0.0008751993882469833,8.751993882469833e-07,0.007958408445119858,0.0002456353686284274,2.456353686284274e-07,3.0864885903041634e-05,-0.4421313405036926
UCI,0.001,11,16,0.689190149307251,0.2684624220856097,0.5199999999999999,0.6886589527130127,0.0007535596960224211,7.535596960224212e-07,0.008008647710084915,0.00024467319599352777,2.446731959935278e-07,3.0551124840392506e-05,-0.4524713158607483
UCI,0.001,11,17,0.6887491941452026,0.21645482913637396,0.5249999999999999,0.6883897185325623,0.0006490300875157118,6.490300875157118e-07,0.0080746840685606,0.0002441902761347592,2.441902761347592e-07,3.0241465060600043e-05,-0.45734137296676636
UCI,0.001,11,18,0.6886318027973175,0.21645482913637396,0.5249999999999999,0.6881122589111328,0.0005596376140601933,5.596376140601933e-07,0.008172602392733097,0.000244146678596735,2.44146678596735e-07,2.9873798683002736e-05,-0.45551353693008423
UCI,0.001,11,19,0.6874963939189911,0.25908195902003417,0.5249999999999999,0.6878249645233154,0.000483553420053795,4.83553420053795e-07,0.008252685889601707,0.0002444828860461712,2.444828860461712e-07,2.962464454805155e-05,-0.4520936906337738
UCI,0.001,11,20,0.687960684299469,0.22086305214969307,0.5249999999999999,0.6875139474868774,0.0004191789194010198,4.1917891940101983e-07,0.00835306104272604,0.00024525923072360456,2.4525923072360455e-07,2.9361599235190513e-05,-0.44222062826156616
UCI,0.001,11,21,0.6871209740638733,0.22011272658140596,0.5249999999999999,0.6871820688247681,0.0003649535938166082,3.649535938166082e-07,0.008420116268098354,0.00024640283663757145,2.4640283663757144e-07,2.926359076193854e-05,-0.4330465495586395
UCI,0.001,11,22,0.6874065101146698,0.21645482913637396,0.5299999999999999,0.6868314743041992,0.00031951599521562457,3.195159952156246e-07,0.008516169153153896,0.0002478458918631077,2.478458918631077e-07,2.910297898102692e-05,-0.4161985516548157
UCI,0.001,11,23,0.6863284111022949,0.22715542521212734,0.5299999999999999,0.686465322971344,0.0002816236228682101,2.816236228682101e-07,0.008663666434586048,0.0002495344670023769,2.495344670023769e-07,2.8802409336330795e-05,-0.3914557695388794
UCI,0.001,11,24,0.686846524477005,0.2484646732989441,0.5299999999999999,0.6860764622688293,0.00025026663206517696,2.5026663206517695e-07,0.008807296864688396,0.00025137903867289424,2.513790386728942e-07,2.8542133021626953e-05,-0.36058473587036133
UCI,0.001,23,1,0.6938188672065735,0.12704247025712678,0.5099999999999999,0.6932576298713684,0.004935929086059332,4.9359290860593316e-06,0.015032251365482807,0.00037668694858439267,3.7668694858439266e-07,2.5058585000071557e-05,-0.053627751767635345
UCI,0.001,23,2,0.6931649744510651,0.24112141108520604,0.5099999999999999,0.6928355097770691,0.004366050474345684,4.3660504743456844e-06,0.014436040073633194,0.00035680251312442124,3.5680251312442123e-07,2.4716093284896435e-05,-0.05739245191216469
UCI,0.001,23,3,0.6929744780063629,0.22808577638091165,0.5099999999999999,0.6924525499343872,0.0038533329498022795,3.85333294980228e-06,0.013960437849164009,0.00033978966530412436,3.397896653041244e-07,2.4339470507686975e-05,-0.0701649859547615
UCI,0.001,23,4,0.6922605931758881,0.23099715105270544,0.5049999999999999,0.6920810341835022,0.003394937142729759,3.3949371427297593e-06,0.013517327606678009,0.0003245167026761919,3.2451670267619196e-07,2.400746006302828e-05,-0.08162274211645126
UCI,0.001,23,5,0.6919212341308594,0.18576071235199634,0.5049999999999999,0.6917321085929871,0.002986390143632889,2.986390143632889e-06,0.0131544703617692,0.00031162702362053096,3.11627023620531e-07,2.3689819129944734e-05,-0.100438192486763
UCI,0.001,23,6,0.6917096972465515,0.2358333153182891,0.49499999999999994,0.6913868188858032,0.0026238104328513145,2.6238104328513146e-06,0.012820235453546047,0.00030047952895984054,3.0047952895984057e-07,2.3437910329231016e-05,-0.12103819847106934
UCI,0.001,23,7,0.69110107421875,0.24198422796860888,0.49999999999999994,0.6910560131072998,0.002302552806213498,2.3025528062134984e-06,0.012527689337730408,0.00029092509066686034,2.9092509066686036e-07,2.3222565855832926e-05,-0.14383414387702942
UCI,0.001,23,8,0.6911169588565826,0.21989091855183412,0.49999999999999994,0.6907294988632202,0.0020180577412247658,2.018057741224766e-06,0.012256239540874958,0.00028290905174799263,2.8290905174799265e-07,2.3082859208526542e-05,-0.17183475196361542
UCI,0.001,23,9,0.6911602020263672,0.2576735608413086,0.5049999999999999,0.6904178261756897,0.0017663517501205206,1.7663517501205205e-06,0.012002440169453621,0.0002760514908004552,2.7605149080045523e-07,2.2999613987079906e-05,-0.20200838148593903
UCI,0.001,23,10,0.6904948055744171,0.27165268399721654,0.5049999999999999,0.6901211142539978,0.0015439543640241027,1.5439543640241028e-06,0.011771305464208126,0.000270214572083205,2.70214572083205e-07,2.2955361485165805e-05,-0.23165249824523926
UCI,0.001,23,11,0.6905590891838074,0.27431506742959905,0.49499999999999994,0.6898332834243774,0.0013475462328642607,1.3475462328642608e-06,0.01153331995010376,0.0002654017007444054,2.654017007444054e-07,2.3011734859745887e-05,-0.263976514339447
UCI,0.001,23,12,0.6895051300525665,0.27165268399721654,0.5049999999999999,0.6895579099655151,0.0011742665665224195,1.1742665665224194e-06,0.01132266502827406,0.00026134043582715094,2.6134043582715094e-07,2.308117701747357e-05,-0.2930123805999756
UCI,0.001,23,13,0.689323753118515,0.2997004492513102,0.5049999999999999,0.6892738938331604,0.001021449570544064,1.021449570544064e-06,0.011113733053207397,0.000258132116869092,2.58132116869092e-07,2.3226409671104678e-05,-0.3197953402996063
UCI,0.001,23,14,0.6893509328365326,0.2997004492513102,0.5049999999999999,0.6889830231666565,0.0008866449352353811,8.866449352353811e-07,0.010902445763349533,0.000255634164204821,2.55634164204821e-07,2.3447414438343708e-05,-0.34604084491729736
UCI,0.001,23,15,0.6892831325531006,0.2997004492513102,0.5049999999999999,0.6886860132217407,0.0007677278481423855,7.677278481423855e-07,0.01063326932489872,0.00025379410362802446,2.537941036280245e-07,2.386792771567853e-05,-0.37712565064430237
UCI,0.001,23,16,0.6888859272003174,0.29236564320829667,0.5049999999999999,0.6883877515792847,0.0006630511488765478,6.630511488765478e-07,0.010301278904080391,0.00025246269069612026,2.5246269069612025e-07,2.4507897810253294e-05,-0.4117406904697418
UCI,0.001,23,17,0.6889903247356415,0.27431506742959905,0.48999999999999994,0.6880909204483032,0.0005713390419259667,5.713390419259668e-07,0.00998008158057928,0.0002514430379960686,2.514430379960686e-07,2.5194487235992505e-05,-0.4405527710914612
UCI,0.001,23,18,0.6876891255378723,0.2656844656620286,0.5099999999999999,0.6877965331077576,0.0004912617732770741,4.912617732770741e-07,0.0096719516441226,0.00025064926012419164,2.5064926012419165e-07,2.591506547455754e-05,-0.4649876058101654
UCI,0.001,23,19,0.6876654326915741,0.2997004492513102,0.5099999999999999,0.6874881982803345,0.00042184285121038556,4.2184285121038556e-07,0.00932980515062809,0.00025019567692652345,2.5019567692652343e-07,2.6816816952461228e-05,-0.4848193824291229
UCI,0.001,23,20,0.6884405016899109,0.3104602102825332,0.5099999999999999,0.6871745586395264,0.0003620547358877957,3.620547358877957e-07,0.00897947233170271,0.0002499256224837154,2.4992562248371544e-07,2.7832996556082038e-05,-0.4986385107040405
UCI,0.001,23,21,0.6871719360351562,0.34141531479696996,0.5099999999999999,0.6868741512298584,0.00031086511444300413,3.1086511444300415e-07,0.00863375049084425,0.0002497867390047759,2.497867390047759e-07,2.8931428962380233e-05,-0.5072058439254761
UCI,0.001,23,22,0.686681717634201,0.34141531479696996,0.5099999999999999,0.6865678429603577,0.00026755034923553467,2.675503492355347e-07,0.008319081738591194,0.0002497453533578664,2.497453533578664e-07,3.0020783688099672e-05,-0.5047506093978882
UCI,0.001,23,23,0.6865476071834564,0.3267616012328021,0.5099999999999999,0.6862611770629883,0.0002313041186425835,2.313041186425835e-07,0.008077427744865417,0.00024978138389997184,2.4978138389997186e-07,3.0923382020811085e-05,-0.4858880341053009
UCI,0.001,23,24,0.6844756305217743,0.337099931231621,0.5099999999999999,0.685967743396759,0.0002012681361520663,2.012681361520663e-07,0.007849928922951221,0.00024987731012515724,2.4987731012515727e-07,3.1831792692361676e-05,-0.4633338451385498
UCI,0.001,23,25,0.6846910417079926,0.337099931231621,0.5099999999999999,0.6856645941734314,0.00017680300516076386,1.7680300516076385e-07,0.007656390313059092,0.00024999017477966845,2.4999017477966844e-07,3.265117954517989e-05,-0.4244173765182495
UCI,0.001,23,26,0.6864434778690338,0.337099931231621,0.5099999999999999,0.6853581070899963,0.00015715106565039605,1.5715106565039605e-07,0.007438442204147577,0.00025002914480865,2.5002914480865e-07,3.361310580180848e-05,-0.37497878074645996
UCI,0.001,23,27,0.6846842765808105,0.34141531479696996,0.5149999999999999,0.6850764751434326,0.00014147550973575562,1.4147550973575562e-07,0.007338623516261578,0.00025009826640598476,2.5009826640598475e-07,3.407972433138104e-05,-0.3224664032459259
UCI,0.001,23,28,0.6849796175956726,0.35136418446315326,0.5149999999999999,0.6847996115684509,0.00012930299271829426,1.2930299271829426e-07,0.007528490386903286,0.00025004844064824283,2.5004844064824284e-07,3.32136228908829e-05,-0.24107003211975098
UCI,0.001,23,29,0.684194028377533,0.35136418446315326,0.5149999999999999,0.6845294237136841,0.00011996586545137689,1.1996586545137689e-07,0.007881940342485905,0.0002499631664250046,2.499631664250046e-07,3.171340502003446e-05,-0.16475988924503326
UCI,0.001,23,30,0.6827594935894012,0.3708099243547831,0.5099999999999999,0.6842435598373413,0.00011290444672340527,1.1290444672340528e-07,0.007796074729412794,0.00024983150069601834,2.4983150069601835e-07,3.204580630217174e-05,-0.13574786484241486
UCI,0.001,23,31,0.685815155506134,0.3708099243547831,0.5099999999999999,0.6839531660079956,0.00010780596494441852,1.0780596494441852e-07,0.007551674265414476,0.00024961106828413904,2.4961106828413903e-07,3.305373874867987e-05,-0.12254346907138824
UCI,0.001,23,32,0.6862087249755859,0.3803341794400215,0.5049999999999999,0.6836588978767395,0.00010410626418888569,1.0410626418888568e-07,0.007137307897210121,0.00024955568369477987,2.4955568369477986e-07,3.496495979840352e-05,-0.1729041039943695
UCI,0.001,23,33,0.6832486987113953,0.38644907980014026,0.49999999999999994,0.6833670735359192,0.00010171347094001248,1.0171347094001249e-07,0.007139067631214857,0.0002499341208022088,2.499341208022088e-07,3.500935048008187e-05,-0.21906313300132751
UCI,0.001,23,34,0.6838549971580505,0.3897418814769785,0.5049999999999999,0.6830524802207947,0.000100279925391078,1.00279925391078e-07,0.00719023309648037,0.0002503358409740031,2.503358409740031e-07,3.481609533584424e-05,-0.2903243601322174
UCI,0.001,23,35,0.682357519865036,0.39904344223381105,0.49999999999999994,0.6827234625816345,9.959166345652193e-05,9.959166345652192e-08,0.007466968614608049,0.0002509702171664685,2.509702171664685e-07,3.3610723456836476e-05,-0.36456432938575745
UCI,0.001,23,36,0.6845831573009491,0.3897418814769785,0.49999999999999994,0.682377278804779,9.950983803719282e-05,9.950983803719282e-08,0.007886922918260098,0.0002517469401936978,2.5174694019369783e-07,3.191953855804067e-05,-0.41819214820861816
UCI,0.001,23,37,0.6812553107738495,0.39904344223381105,0.49499999999999994,0.6820195913314819,9.979456808650866e-05,9.979456808650866e-08,0.008455338887870312,0.0002530187484808266,2.530187484808266e-07,2.992414045565898e-05,-0.4745798110961914
UCI,0.001,23,38,0.6807451844215393,0.39904344223381105,0.49499999999999994,0.6816346049308777,0.00010059651685878634,1.0059651685878635e-07,0.00874798558652401,0.00025468008243478835,2.5468008243478835e-07,2.9112997491344157e-05,-0.4958276152610779
UCI,0.001,23,39,0.6814171671867371,0.39904344223381105,0.49499999999999994,0.6812107563018799,0.00010183139966102317,1.0183139966102317e-07,0.008701581507921219,0.000256629689829424,2.56629689829424e-07,2.9492304312245885e-05,-0.47297805547714233
UCI,0.001,23,40,0.6809141933917999,0.39904344223381105,0.49499999999999994,0.6807664632797241,0.0001033061562338844,1.033061562338844e-07,0.008800545707345009,0.0002589783107396215,2.589783107396215e-07,2.942752862739819e-05,-0.42197149991989136
UCI,0.001,37,1,0.6962611377239227,0.10540925533894598,0.5499999999999999,0.695963978767395,0.002733057364821434,2.733057364821434e-06,0.023740878328680992,0.00031990179559215903,3.1990179559215904e-07,1.3474724530544877e-05,-0.2059353142976761
UCI,0.001,37,2,0.6963781416416168,0.14907119849998599,0.5399999999999999,0.6950103044509888,0.0023387607652693987,2.3387607652693987e-06,0.022714704275131226,0.00031462725019082427,3.146272501908243e-07,1.3851258919328662e-05,-0.22313182055950165
UCI,0.001,37,3,0.694876104593277,0.16807316136320358,0.5449999999999999,0.6940991282463074,0.001994999125599861,1.994999125599861e-06,0.02167920581996441,0.0003106255317106843,3.106255317106843e-07,1.4328270799690866e-05,-0.242106631398201
UCI,0.001,37,4,0.6942665576934814,0.16807316136320358,0.5449999999999999,0.6932360529899597,0.0016980951186269522,1.6980951186269522e-06,0.02065969631075859,0.00030762702226638794,3.0762702226638795e-07,1.4890200593422584e-05,-0.26342564821243286
UCI,0.001,37,5,0.6937404870986938,0.2,0.5399999999999999,0.6924319863319397,0.001443594228476286,1.443594228476286e-06,0.019659828394651413,0.00030535817495547235,3.0535817495547235e-07,1.5532087504820087e-05,-0.28686001896858215
UCI,0.001,37,6,0.6925567388534546,0.16807316136320358,0.5399999999999999,0.6916738152503967,0.001226583612151444,1.226583612151444e-06,0.018654149025678635,0.00030366095597855747,3.0366095597855745e-07,1.6278467356540823e-05,-0.3121277093887329
UCI,0.001,37,7,0.6915090382099152,0.25362863675089403,0.5349999999999999,0.6909599304199219,0.00104214355815202,1.04214355815202e-06,0.01764136180281639,0.0003024495090357959,3.024495090357959e-07,1.7144340239510916e-05,-0.3392695188522339
UCI,0.001,37,8,0.6908667683601379,0.2,0.5349999999999999,0.6903015971183777,0.0008856664644554257,8.856664644554257e-07,0.01664673164486885,0.00030165145290084183,3.0165145290084186e-07,1.8120761440509087e-05,-0.36788058280944824
UCI,0.001,37,9,0.6897861957550049,0.16807316136320358,0.5349999999999999,0.6896881461143494,0.0007530839066021144,7.530839066021144e-07,0.015661917626857758,0.00030125307966955006,3.012530796695501e-07,1.9234750612718573e-05,-0.39764171838760376
UCI,0.001,37,10,0.6900308430194855,0.21442250696755896,0.5299999999999999,0.6891326308250427,0.0006408975459635258,6.408975459635258e-07,0.014741265214979649,0.0003011825610883534,3.011825610883534e-07,2.0431255845142816e-05,-0.42747628688812256
UCI,0.001,37,11,0.6885535717010498,0.2,0.5299999999999999,0.6886451244354248,0.0005461549735628068,5.461549735628069e-07,0.013952410779893398,0.0003014154499396682,3.014154499396682e-07,2.1603108931829424e-05,-0.4549594521522522
UCI,0.001,37,12,0.6881290078163147,0.24743582965269675,0.5249999999999999,0.6882114410400391,0.00046646135160699487,4.6646135160699486e-07,0.013336088508367538,0.0003019530267920345,3.019530267920345e-07,2.264179835058671e-05,-0.47823280096054077
UCI,0.001,37,13,0.687954843044281,0.22808577638091165,0.5249999999999999,0.6878165602684021,0.00039979908615350723,3.9979908615350724e-07,0.012910967692732811,0.00030283918022178113,3.0283918022178115e-07,2.345596297884318e-05,-0.49418893456459045
UCI,0.001,37,14,0.6876835823059082,0.2,0.5249999999999999,0.6874682903289795,0.00034434639383107424,3.4434639383107424e-07,0.012733853422105312,0.0003040362207684666,3.040362207684666e-07,2.387621489663729e-05,-0.5003281831741333
UCI,0.001,37,15,0.6875375211238861,0.2,0.5249999999999999,0.6871559619903564,0.000298563449177891,2.98563449177891e-07,0.012859375216066837,0.00030554301338270307,3.055430133827031e-07,2.376033113964586e-05,-0.4935865104198456
UCI,0.001,53,1,0.7016050219535828,0.0,0.05,0.7003090977668762,0.0020755664445459843,2.0755664445459842e-06,0.02752598561346531,0.00025562578230164945,2.5562578230164947e-07,9.286707691099028e-06,-0.10932443290948868
UCI,0.001,53,2,0.7005725204944611,0.0,0.05,0.6992225646972656,0.001677460502833128,1.677460502833128e-06,0.026063621044158936,0.0002405254344921559,2.405254344921559e-07,9.228396702232577e-06,-0.1197880282998085
UCI,0.001,53,3,0.6994341611862183,0.0,0.05,0.6982133388519287,0.0013449289835989475,1.3449289835989476e-06,0.024769561365246773,0.0002284038346260786,2.284038346260786e-07,9.221149751426092e-06,-0.1313813477754593
UCI,0.001,53,4,0.6966065764427185,0.0,0.05,0.6972741484642029,0.0010691815987229347,1.0691815987229348e-06,0.023609427735209465,0.00021905144967604429,2.190514496760443e-07,9.2781346559013e-06,-0.14614035189151764
UCI,0.001,53,5,0.696006715297699,0.0,0.05,0.6964152455329895,0.0008425004198215902,8.425004198215902e-07,0.022593233734369278,0.00021205254597589374,2.1205254597589373e-07,9.385666012621962e-06,-0.16339610517024994
UCI,0.001,53,6,0.6964615881443024,0.18576071235199634,0.5399999999999999,0.6956139206886292,0.0006575637962669134,6.575637962669134e-07,0.021677693352103233,0.0002068908215733245,2.068908215733245e-07,9.543950004867624e-06,-0.181331068277359
UCI,0.001,53,7,0.6940672695636749,0.0784735610658242,0.5349999999999999,0.6948584318161011,0.0005077035166323185,5.077035166323185e-07,0.020818905904889107,0.0002030898758675903,2.030898758675903e-07,9.755069588930546e-06,-0.19905541837215424
UCI,0.001,53,8,0.6955607831478119,0.18576071235199634,0.5349999999999999,0.6941642761230469,0.00038732480606995523,3.8732480606995525e-07,0.020059427246451378,0.0002002677065320313,2.002677065320313e-07,9.983720076925911e-06,-0.21736398339271545
UCI,0.001,53,9,0.6936894953250885,0.15900879764848913,0.5299999999999999,0.6934685111045837,0.00029207245097495615,2.9207245097495614e-07,0.019305141642689705,0.00019831220561172813,1.9831220561172813e-07,1.0272507152871535e-05,-0.23727279901504517
UCI,0.001,53,10,0.6929381489753723,0.18576071235199634,0.5299999999999999,0.6927972435951233,0.0002184057520935312,2.184057520935312e-07,0.018574127927422523,0.00019705313025042415,1.9705313025042416e-07,1.0609011148216456e-05,-0.25851696729660034
UCI,0.001,53,11,0.6923987865447998,0.1294595556006309,0.5499999999999999,0.6921545267105103,0.0001634076179470867,1.634076179470867e-07,0.01785154454410076,0.0001963799586519599,1.963799586519599e-07,1.100072647309702e-05,-0.28059688210487366
UCI,0.001,53,12,0.6922892928123474,0.17407765595569785,0.5249999999999999,0.6915165185928345,0.00012447855260688812,1.2447855260688812e-07,0.01709602400660515,0.0001963311806321144,1.963311806321144e-07,1.148402579197717e-05,-0.3044617772102356
UCI,0.001,53,13,0.6917349398136139,0.17232808737106584,0.5199999999999999,0.6909146904945374,9.884381870506331e-05,9.884381870506331e-08,0.016316840425133705,0.000196771215996705,1.96771215996705e-07,1.2059394519395294e-05,-0.3281179964542389
UCI,0.001,53,14,0.6906821727752686,0.16222142113076254,0.5199999999999999,0.6903207302093506,8.365374378627166e-05,8.365374378627166e-08,0.015459141694009304,0.00019769975915551186,1.9769975915551186e-07,1.2788533999408523e-05,-0.3523317873477936
UCI,0.001,71,1,0.6950603425502777,0.0,0.05,0.6948875188827515,0.005108292680233717,5.108292680233717e-06,0.021004529669880867,0.00042852750630117953,4.2852750630117955e-07,2.040167111742855e-05,-0.09235623478889465
UCI,0.001,71,2,0.6948724687099457,0.0,0.05,0.6941903829574585,0.004377531819045544,4.377531819045544e-06,0.019971922039985657,0.0003984415379818529,3.984415379818529e-07,1.9950084783233965e-05,-0.0934353619813919
UCI,0.001,71,3,0.6941235661506653,0.0,0.05,0.6935175657272339,0.003738208906725049,3.738208906725049e-06,0.01895388588309288,0.0003715264319907874,3.7152643199078737e-07,1.9601596964461727e-05,-0.09555190801620483
UCI,0.001,71,4,0.6932946741580963,0.13793431476706133,0.48499999999999993,0.6928731203079224,0.003184488508850336,3.184488508850336e-06,0.017999056726694107,0.0003478252037893981,3.478252037893981e-07,1.9324635122325283e-05,-0.10096202790737152
UCI,0.001,71,5,0.6926495730876923,0.1846372364689991,0.48999999999999994,0.6922695636749268,0.002709723776206374,2.7097237762063744e-06,0.01715019904077053,0.00032740377355366945,3.2740377355366945e-07,1.909037748047965e-05,-0.11168605089187622
UCI,0.001,71,6,0.6918758451938629,0.18123858497615616,0.48999999999999994,0.6917180418968201,0.002305899513885379,2.305899513885379e-06,0.016442343592643738,0.0003102441260125488,3.1024412601254884e-07,1.886860740164506e-05,-0.12872329354286194
UCI,0.001,71,7,0.691691666841507,0.22808577638091165,0.49499999999999994,0.6911990642547607,0.001964298542588949,1.964298542588949e-06,0.015849517658352852,0.0002961316495202482,2.9613164952024816e-07,1.868395341130043e-05,-0.15321673452854156
UCI,0.001,71,8,0.6912695467472076,0.17557911458287687,0.49499999999999994,0.6907065510749817,0.001676267827861011,1.6762678278610111e-06,0.015346386469900608,0.0002848482399713248,2.848482399713248e-07,1.8561258087042664e-05,-0.1813211888074875
UCI,0.001,71,9,0.6905279755592346,0.22808577638091165,0.49999999999999994,0.690222978591919,0.0014335595769807696,1.4335595769807697e-06,0.014902896247804165,0.00027608705568127334,2.7608705568127335e-07,1.852573158200392e-05,-0.208970844745636
UCI,0.001,71,10,0.6902810037136078,0.28322059201851035,0.49999999999999994,0.6897520422935486,0.0012284938711673021,1.2284938711673022e-06,0.014542246237397194,0.00026980641996487975,2.698064199648798e-07,1.8553283692242746e-05,-0.23987814784049988
UCI,0.001,71,11,0.6897682845592499,0.22808577638091165,0.5049999999999999,0.6892869472503662,0.0010547833517193794,1.0547833517193795e-06,0.014247019775211811,0.0002655327261891216,2.655327261891216e-07,1.8637773399537092e-05,-0.2684078514575958
UCI,0.001,71,12,0.6890387535095215,0.2773500981126146,0.5049999999999999,0.688826322555542,0.0009070854866877198,9.070854866877199e-07,0.014033351093530655,0.00026296524447388947,2.6296524447388945e-07,1.8738592280721595e-05,-0.29266008734703064
UCI,0.001,71,13,0.6889196336269379,0.22808577638091165,0.5099999999999999,0.6883639097213745,0.000780988484621048,7.80988484621048e-07,0.013911562971770763,0.0002618218131829053,2.6182181318290534e-07,1.88204455325539e-05,-0.31192514300346375
UCI,0.001,71,14,0.6885799467563629,0.2656844656620286,0.5099999999999999,0.6879007816314697,0.0006729044835083187,6.729044835083187e-07,0.013860193081200123,0.00026192734367214143,2.6192734367214146e-07,1.8897813481936122e-05,-0.32803067564964294
UCI,0.001,71,15,0.6883545815944672,0.22808577638091165,0.5149999999999999,0.6874348521232605,0.0005801238585263491,5.80123858526349e-07,0.013868214562535286,0.0002629912632983178,2.629912632983178e-07,1.896359925154198e-05,-0.33928465843200684
UCI,0.001,71,16,0.6872815489768982,0.24112141108520604,0.5149999999999999,0.6869712471961975,0.0005005853599868715,5.005853599868715e-07,0.013926791027188301,0.00026476584025658667,2.6476584025658667e-07,1.901125964622452e-05,-0.34553271532058716
UCI,0.001,71,17,0.6871430277824402,0.25362863675089403,0.5149999999999999,0.6864849925041199,0.000432677537901327,4.32677537901327e-07,0.013937382027506828,0.0002671220572665334,2.671220572665334e-07,1.9165870372164664e-05,-0.35117730498313904
UCI,0.001,71,18,0.6860322952270508,0.28867513459481287,0.5149999999999999,0.6859883666038513,0.0003750651376321912,3.7506513763219116e-07,0.01405799388885498,0.000269633368588984,2.6963336858898404e-07,1.918007439189075e-05,-0.3475930988788605
UCI,0.001,71,19,0.6858760714530945,0.22808577638091165,0.5199999999999999,0.6854638457298279,0.0003265208506491035,3.2652085064910353e-07,0.014233347959816456,0.00027217069873586297,2.7217069873586297e-07,1.9122043492806783e-05,-0.3367037773132324
UCI,0.001,71,20,0.6834789514541626,0.24112141108520604,0.5199999999999999,0.6849308609962463,0.00028574775205925107,2.857477520592511e-07,0.014411970041692257,0.0002745533420238644,2.745533420238644e-07,1.9050368633130066e-05,-0.32339566946029663
UCI,0.001,71,21,0.6844278573989868,0.25362863675089403,0.5199999999999999,0.6843528151512146,0.0002517819812055677,2.5178198120556773e-07,0.014665047638118267,0.00027671255520544946,2.767125552054495e-07,1.8868848027891957e-05,-0.3012698292732239
UCI,0.001,71,22,0.6833343207836151,0.2773500981126146,0.5199999999999999,0.6837546229362488,0.00022352521773427725,2.2352521773427725e-07,0.015026059001684189,0.00027847045566886663,2.7847045566886665e-07,1.8532501146019354e-05,-0.270884245634079
UCI,0.001,71,23,0.6836314797401428,0.2773500981126146,0.5199999999999999,0.6831087470054626,0.00020011617743875831,2.0011617743875833e-07,0.015360980294644833,0.0002798911009449512,2.798911009449512e-07,1.8220914002638703e-05,-0.23753200471401215
UCI,0.001,71,24,0.6826719045639038,0.28867513459481287,0.5199999999999999,0.682443380355835,0.00018080035806633532,1.808003580663353e-07,0.01585547812283039,0.0002808243443723768,2.808243443723768e-07,1.7711502749829805e-05,-0.19531960785388947
UCI,0.001,71,25,0.682474285364151,0.2997004492513102,0.5199999999999999,0.6817342042922974,0.0001649620389798656,1.649620389798656e-07,0.016127750277519226,0.0002815105253830552,2.8151052538305523e-07,1.7455039949090607e-05,-0.15825042128562927
UCI,0.001,71,26,0.6820793449878693,0.2997004492513102,0.5199999999999999,0.6809934377670288,0.0001521155791124329,1.521155791124329e-07,0.016289424151182175,0.0002819088113028556,2.819088113028556e-07,1.730624782597957e-05,-0.12192076444625854
UCI,0.001,71,27,0.6813022196292877,0.28867513459481287,0.5199999999999999,0.6802218556404114,0.00014184022438712418,1.4184022438712418e-07,0.016583312302827835,0.0002818852663040161,2.8188526630401614e-07,1.699812806733117e-05,-0.07657284289598465
UCI,0.001,71,28,0.6778634488582611,0.28322059201851035,0.5149999999999999,0.679450273513794,0.0001337114372290671,1.3371143722906709e-07,0.016439029946923256,0.0002818369830492884,2.8183698304928837e-07,1.7144380414127615e-05,-0.0472751185297966
UCI,0.001,71,29,0.6762592494487762,0.2997004492513102,0.5149999999999999,0.6786824464797974,0.00012758476077578962,1.2758476077578963e-07,0.01643647439777851,0.0002817187050823122,2.8171870508231225e-07,1.713984996200817e-05,-0.005908523220568895
UCI,0.001,71,30,0.6772060990333557,0.30338993810845893,0.5099999999999999,0.6779000163078308,0.00012317743676248938,1.2317743676248938e-07,0.01709948480129242,0.0002814801118802279,2.8148011188022794e-07,1.64613212123767e-05,0.06664524972438812
UCI,0.001,71,31,0.6776507496833801,0.3104602102825332,0.5099999999999999,0.6771450042724609,0.00011992855434073135,1.1992855434073135e-07,0.017143605276942253,0.0002812621823977679,2.812621823977679e-07,1.6406244652404528e-05,0.11879648268222809
UCI,0.001,71,32,0.6769625544548035,0.30547686060781526,0.5049999999999999,0.6764459013938904,0.00011781889770645648,1.1781889770645649e-07,0.018821315839886665,0.00028092809952795506,2.8092809952795505e-07,1.4926060532526864e-05,0.19767466187477112
UCI,0.001,71,33,0.6739149987697601,0.30547686060781526,0.49999999999999994,0.6757665872573853,0.00011626621562754735,1.1626621562754735e-07,0.019171394407749176,0.00028064122307114303,2.8064122307114303e-07,1.4638539957099125e-05,0.2356884479522705
UCI,0.001,71,34,0.6739210784435272,0.3312945782245396,0.49499999999999994,0.6751090288162231,0.00011523054854478687,1.1523054854478688e-07,0.019666168838739395,0.0002801884838845581,2.8018848388455807e-07,1.424723270618062e-05,0.26954180002212524
UCI,0.001,71,35,0.6773471236228943,0.3209833376209784,0.48999999999999994,0.6744579672813416,0.0001143838744610548,1.1438387446105481e-07,0.017277827486395836,0.0002798744826577604,2.798744826577604e-07,1.6198476508584608e-05,0.2647954523563385
UCI,0.001,71,36,0.6752530038356781,0.34141531479696996,0.4799999999999999,0.6738408803939819,0.00011361669021425769,1.1361669021425769e-07,0.012205290608108044,0.0002800500951707363,2.800500951707363e-07,2.294497559809821e-05,0.16545413434505463
UCI,0.001,71,37,0.6744588315486908,0.3312945782245396,0.4749999999999999,0.6732785105705261,0.00011325482046231627,1.1325482046231627e-07,0.010373364202678204,0.00028041654150001705,2.8041654150001707e-07,2.7032362502766355e-05,0.0583898164331913
UCI,0.001,71,38,0.67507603764534,0.3312945782245396,0.4699999999999999,0.6727316379547119,0.00011330961569910869,1.133096156991087e-07,0.01080810185521841,0.00028115525492466986,2.8115525492466987e-07,2.6013379471338104e-05,0.05933888256549835
UCI,0.001,71,39,0.674451470375061,0.34141531479696996,0.4649999999999999,0.6721709966659546,0.00011336430907249451,1.1336430907249451e-07,0.01175228226929903,0.00028225602000020444,2.8225602000020446e-07,2.401712395366417e-05,0.06998394429683685
UCI,0.001,71,40,0.6707333624362946,0.3246172270321178,0.4599999999999999,0.6715675592422485,0.0001137771105277352,1.1377711052773521e-07,0.013427329249680042,0.00028362791636027396,2.8362791636027394e-07,2.112318176505819e-05,0.12454688549041748
UCI,0.001,89,1,0.691867858171463,0.16807316136320358,0.5099999999999999,0.6917654871940613,0.004817800130695105,4.817800130695105e-06,0.0118257412686944,0.0004459430056158453,4.4594300561584534e-07,3.7709518201312624e-05,-0.144203782081604
UCI,0.001,89,2,0.6921742856502533,0.16487498971248796,0.48999999999999994,0.6914921402931213,0.004099755082279444,4.099755082279444e-06,0.011621091514825821,0.0004083453386556357,4.0834533865563574e-07,3.513829472340715e-05,-0.1725766807794571
UCI,0.001,89,3,0.6916704773902893,0.1655211777204736,0.49999999999999994,0.691238522529602,0.0034739449620246887,3.4739449620246886e-06,0.011428075842559338,0.00037866021739318967,3.786602173931897e-07,3.313420584618627e-05,-0.2134995311498642
UCI,0.001,89,4,0.6910465359687805,0.1655211777204736,0.49999999999999994,0.6909886002540588,0.002934918040409684,2.9349180404096843e-06,0.011260103434324265,0.00035501582897268236,3.5501582897268236e-07,3.15286472316484e-05,-0.2546198070049286
UCI,0.001,89,5,0.6910127699375153,0.1709786436730771,0.49999999999999994,0.6907291412353516,0.0024740672670304775,2.4740672670304776e-06,0.011089329607784748,0.0003368783218320459,3.368783218320459e-07,3.0378601209180052e-05,-0.29735904932022095
UCI,0.001,89,6,0.6901206076145172,0.1846372364689991,0.5249999999999999,0.6904758810997009,0.0020823280792683363,2.0823280792683365e-06,0.010953797027468681,0.0003226724802516401,3.226724802516401e-07,2.94575916864699e-05,-0.3346025347709656
UCI,0.001,89,7,0.6907681524753571,0.175919798853417,0.48499999999999993,0.6902078986167908,0.0017504203133285046,1.7504203133285047e-06,0.010812106542289257,0.0003120508627034724,3.120508627034724e-07,2.886124563080763e-05,-0.3715234100818634
UCI,0.001,89,8,0.6899303495883942,0.1655211777204736,0.5049999999999999,0.6899431943893433,0.001470115501433611,1.470115501433611e-06,0.010687888599932194,0.0003042447497136891,3.042447497136891e-07,2.846630996094208e-05,-0.4079478085041046
UCI,0.001,89,9,0.6899202167987823,0.1846372364689991,0.5349999999999999,0.6896664500236511,0.0012346336152404547,1.2346336152404547e-06,0.010563834570348263,0.00029876691405661404,2.9876691405661404e-07,2.8282051566315323e-05,-0.44306930899620056
UCI,0.001,89,10,0.6893206238746643,0.22587697572631282,0.4799999999999999,0.6893842220306396,0.0010378793813288212,1.0378793813288213e-06,0.010453433729708195,0.0002951104543171823,2.951104543171823e-07,2.8230958548911204e-05,-0.4758550822734833
UCI,0.001,89,11,0.6891922354698181,0.18699392279626206,0.4799999999999999,0.6890933513641357,0.000874504039529711,8.74504039529711e-07,0.010337439365684986,0.0002929661422967911,2.9296614229679107e-07,2.8340300913327618e-05,-0.5056381225585938
UCI,0.001,89,12,0.6897628307342529,0.1892583246525563,0.5049999999999999,0.688797116279602,0.0007395560969598591,7.395560969598592e-07,0.010227988474071026,0.0002920018450822681,2.920018450822681e-07,2.854929352164622e-05,-0.5326244235038757
UCI,0.001,89,13,0.6886483430862427,0.20085883379503597,0.5049999999999999,0.6885064244270325,0.0006285254494287074,6.285254494287074e-07,0.010146884247660637,0.00029190187342464924,2.9190187342464925e-07,2.8767636084145456e-05,-0.5550398826599121
UCI,0.001,89,14,0.6874129474163055,0.23280223035107195,0.4749999999999999,0.688212513923645,0.0005373208550736308,5.373208550736309e-07,0.010071869939565659,0.0002925375592894852,2.9253755928948525e-07,2.9045009620338753e-05,-0.5734362602233887
UCI,0.001,89,15,0.6886578798294067,0.19728305039201205,0.5049999999999999,0.6878958344459534,0.00046237080823630095,4.6237080823630096e-07,0.009983421303331852,0.00029387683025561273,2.9387683025561276e-07,2.9436484880943045e-05,-0.5882158875465393
UCI,0.001,89,16,0.6886845231056213,0.19728305039201205,0.5049999999999999,0.6875787377357483,0.00040028936928138137,4.0028936928138136e-07,0.009908064268529415,0.0002955512027256191,2.955512027256191e-07,2.982935866336338e-05,-0.5992439985275269
UCI,0.001,89,17,0.6874683499336243,0.23280223035107195,0.4699999999999999,0.6872631311416626,0.0003484714252408594,3.484714252408594e-07,0.009851649403572083,0.00029740892932750285,2.9740892932750285e-07,3.0188744761833096e-05,-0.6053110957145691
UCI,0.001,89,18,0.686555802822113,0.20085883379503597,0.5099999999999999,0.6869324445724487,0.0003050968225579709,3.050968225579709e-07,0.009802006185054779,0.0002994149981532246,2.994149981532246e-07,3.0546297615048005e-05,-0.605913519859314
UCI,0.001,89,19,0.6874900162220001,0.20478889182363452,0.5199999999999999,0.6865847110748291,0.00026883333339355886,2.6883333339355885e-07,0.009719707071781158,0.0003014514804817736,3.014514804817736e-07,3.101446147044552e-05,-0.6014928221702576
UCI,0.001,89,20,0.6871483027935028,0.2316661873125233,0.4649999999999999,0.686227560043335,0.00023861887166276574,2.3861887166276573e-07,0.009658779948949814,0.00030334966140799224,3.0334966140799223e-07,3.140662309435624e-05,-0.5906040668487549
UCI,0.001,89,21,0.6859067678451538,0.20085883379503597,0.5099999999999999,0.685858428478241,0.00021369261958170682,2.1369261958170684e-07,0.009591532871127129,0.0003050008381251246,3.0500083812512457e-07,3.179896709140747e-05,-0.5788623094558716
UCI,0.001,89,22,0.6853151619434357,0.23280223035107195,0.4599999999999999,0.6854761838912964,0.0001935744658112526,1.935744658112526e-07,0.009506316855549812,0.00030643472564406693,3.064347256440669e-07,3.223485291942163e-05,-0.5600036978721619
UCI,0.001,107,1,0.6964032351970673,0.0,0.05,0.6959210634231567,0.003607345512136817,3.607345512136817e-06,0.016831813380122185,0.00040414847899228334,4.0414847899228334e-07,2.4010988588405414e-05,0.13551627099514008
UCI,0.001,107,2,0.696282148361206,0.0,0.05,0.6952494382858276,0.0029561512637883425,2.9561512637883426e-06,0.01593494601547718,0.00037450139643624425,3.7450139643624426e-07,2.3501893013788765e-05,0.11725328117609024
UCI,0.001,107,3,0.6952672004699707,0.0,0.05,0.6946214437484741,0.002398465760052204,2.398465760052204e-06,0.01512654684484005,0.0003507552610244602,3.507552610244602e-07,2.3188059021157857e-05,0.09284801036119461
UCI,0.001,107,4,0.6948128640651703,0.0,0.05,0.6940374970436096,0.0019266321323812008,1.926632132381201e-06,0.014476443640887737,0.00033269028062932193,3.3269028062932193e-07,2.2981492477175867e-05,0.060753367841243744
UCI,0.001,107,5,0.6935071051120758,0.1846372364689991,0.48499999999999993,0.6934959888458252,0.0015327159781008959,1.532715978100896e-06,0.013929951004683971,0.0003194912278559059,3.194912278559059e-07,2.2935560056778118e-05,0.024157477542757988
UCI,0.001,107,6,0.6935742795467377,0.186858321674153,0.48499999999999993,0.6929854154586792,0.0012090529780834913,1.2090529780834913e-06,0.013521401211619377,0.00031016120919957757,3.101612091995776e-07,2.2938540491871955e-05,-0.01849278062582016
UCI,0.001,107,7,0.6927322447299957,0.17323973216880925,0.48999999999999994,0.692497968673706,0.0009481511078774929,9.48151107877493e-07,0.0131979426369071,0.00030380021780729294,3.0380021780729297e-07,2.3018755738317686e-05,-0.06385228782892227
UCI,0.001,107,8,0.6923173367977142,0.14595127662315596,0.48999999999999994,0.6920303702354431,0.0007420912734232843,7.420912734232843e-07,0.012970753014087677,0.00029972504125908017,2.997250412590802e-07,2.310775950583174e-05,-0.11137232184410095
UCI,0.001,107,9,0.6919734179973602,0.19781414201873612,0.49499999999999994,0.691566526889801,0.0005824335967190564,5.824335967190564e-07,0.012814412824809551,0.0002974447561427951,2.974447561427951e-07,2.3211735114926402e-05,-0.16034291684627533
UCI,0.001,107,10,0.6913673579692841,0.19367011027991354,0.49999999999999994,0.6911138296127319,0.00046077382285147905,4.607738228514791e-07,0.012726872228085995,0.0002965613966807723,2.9656139668077233e-07,2.3301985858419547e-05,-0.20878005027770996
UCI,0.001,107,11,0.6907643973827362,0.17897494805707315,0.49999999999999994,0.6906721591949463,0.0003692525206133723,3.6925252061337233e-07,0.012711338698863983,0.000296840415103361,2.96840415103361e-07,2.3352411743217083e-05,-0.2555222809314728
UCI,0.001,107,12,0.6905145645141602,0.21063058936525558,0.5049999999999999,0.6902150511741638,0.00030094452085904777,3.0094452085904777e-07,0.012735608033835888,0.000298143713735044,2.98143713735044e-07,2.341024574114856e-05,-0.3008316159248352
UCI,0.001,107,13,0.6900560557842255,0.19367011027991354,0.5099999999999999,0.6897503733634949,0.0002499510592315346,2.499510592315346e-07,0.012812995351850986,0.0003002795856446028,3.002795856446028e-07,2.3435549408922862e-05,-0.34320947527885437
UCI,0.001,107,14,0.690279632806778,0.1846372364689991,0.5449999999999999,0.6892715096473694,0.00021174343419261277,2.1174343419261278e-07,0.01292336918413639,0.000303005741443485,3.0300574144348503e-07,2.344634260045969e-05,-0.38123342394828796
UCI,0.001,107,15,0.6885403692722321,0.2044398826909146,0.5149999999999999,0.6887930631637573,0.000183026262675412,1.83026262675412e-07,0.013085074722766876,0.0003060800372622907,3.060800372622907e-07,2.3391539119737578e-05,-0.4132199287414551
UCI,0.001,107,16,0.6879862546920776,0.19781414201873612,0.5149999999999999,0.6882835626602173,0.0001617620000615716,1.617620000615716e-07,0.013266080059111118,0.00030950663494877517,3.095066349487752e-07,2.3330677454807508e-05,-0.4395659267902374
UCI,0.001,107,17,0.6883409917354584,0.23655309301829208,0.5199999999999999,0.6877323985099792,0.00014657643623650074,1.4657643623650075e-07,0.013473249040544033,0.00031317363027483225,3.1317363027483226e-07,2.3244106104802373e-05,-0.45754778385162354
UCI,0.001,107,18,0.6881850361824036,0.2087912087912088,0.5199999999999999,0.6871534585952759,0.000136303628096357,1.36303628096357e-07,0.013720559887588024,0.0003168039838783443,3.168039838783443e-07,2.3089727130226912e-05,-0.4646007716655731
UCI,0.001,107,19,0.687509149312973,0.23280223035107195,0.5249999999999999,0.686551034450531,0.00012996720033697784,1.2996720033697784e-07,0.014012493193149567,0.00032026643748395145,3.2026643748395147e-07,2.285577827367106e-05,-0.4605743885040283
UCI,0.001,107,20,0.6849776804447174,0.21517402008629544,0.5299999999999999,0.6859236359596252,0.00012664809764828533,1.2664809764828534e-07,0.014318807981908321,0.0003235777257941663,3.2357772579416633e-07,2.2598091000522093e-05,-0.4499548077583313
UCI,0.001,107,21,0.6854961216449738,0.2557925102245004,0.5299999999999999,0.685236930847168,0.00012587825767695904,1.2587825767695904e-07,0.014731207862496376,0.0003268158179707825,3.2681581797078253e-07,2.218526960052003e-05,-0.4206208288669586
UCI,0.001,107,22,0.6840124130249023,0.21517402008629544,0.5349999999999999,0.6845030188560486,0.0001266887120436877,1.266887120436877e-07,0.01520559098571539,0.00033002052805386484,3.3002052805386483e-07,2.17038935457291e-05,-0.3833943009376526
UCI,0.001,107,23,0.6849688291549683,0.25784170064485096,0.5349999999999999,0.6837205290794373,0.00012866323231719434,1.2866323231719434e-07,0.015956154093146324,0.00033318757778033614,3.331875777803361e-07,2.0881446483614168e-05,-0.3234900236129761
UCI,0.001,107,24,0.6846185326576233,0.2664693550105965,0.5349999999999999,0.6828854084014893,0.00013096690236125141,1.3096690236125143e-07,0.016734110191464424,0.00033642270136624575,3.3642270136624577e-07,2.0104008968331346e-05,-0.269288569688797
UCI,0.001,107,25,0.6831473708152771,0.2542872819425528,0.5349999999999999,0.6820032596588135,0.0001332831452600658,1.332831452600658e-07,0.017755884677171707,0.0003395893145352602,3.395893145352602e-07,1.9125451685990145e-05,-0.2114659696817398
UCI,0.001,107,26,0.6819397509098053,0.2429493573646624,0.5349999999999999,0.6810578107833862,0.00013546265836339444,1.3546265836339445e-07,0.019042449072003365,0.00034271233016625047,3.4271233016625045e-07,1.7997282223015832e-05,-0.1506955921649933
UCI,0.001,107,27,0.6794871389865875,0.2472066162365221,0.5399999999999999,0.6800588369369507,0.00013745931209996343,1.3745931209996342e-07,0.02104168012738228,0.0003455877595115453,3.455877595115453e-07,1.6423962222570802e-05,-0.07564275711774826
UCI,0.001,107,28,0.6800489723682404,0.2542872819425528,0.5349999999999999,0.6789467334747314,0.00013924077211413532,1.3924077211413532e-07,0.023555463179945946,0.00034821461304090917,3.482146130409092e-07,1.4782753808779415e-05,-0.0023528907913714647
UCI,0.001,107,29,0.6768190562725067,0.2684624220856097,0.5349999999999999,0.6777276992797852,0.00014041383110452443,1.4041383110452445e-07,0.025339657440781593,0.00035069382283836603,3.50693822838366e-07,1.3839722326867769e-05,0.03659342601895332
UCI,0.001,107,30,0.6787841320037842,0.2650356625796317,0.5299999999999999,0.6763936281204224,0.00014148220361676067,1.4148220361676068e-07,0.028099317103624344,0.0003523126360960305,3.523126360960305e-07,1.2538120937130818e-05,0.08683258295059204
UCI,0.001,107,31,0.6766915619373322,0.25784170064485096,0.5299999999999999,0.6748758554458618,0.00014197599375620484,1.4197599375620484e-07,0.02944019064307213,0.00035345478681847453,3.534547868184745e-07,1.2005859306541196e-05,0.10111270099878311
UCI,0.001,107,32,0.6756889820098877,0.27639921950277474,0.5199999999999999,0.6731749176979065,0.00014210431254468858,1.421043125446886e-07,0.029534203931689262,0.0003539258614182472,3.5392586141824725e-07,1.1983592387892197e-05,0.08696282655000687
UCI,0.001,107,33,0.6715319454669952,0.2684624220856097,0.5149999999999999,0.6712942123413086,0.00014189093781169504,1.4189093781169504e-07,0.02850463055074215,0.00035355641739442945,3.5355641739442944e-07,1.2403473069579013e-05,0.03432600572705269
UCI,0.001,107,34,0.6699556708335876,0.2684624220856097,0.5099999999999999,0.6692091822624207,0.00014167868357617408,1.416786835761741e-07,0.02854977734386921,0.000351509457686916,3.51509457686916e-07,1.2312161088093365e-05,-0.008120572194457054
UCI,0.001,107,35,0.6687845885753632,0.2484646732989441,0.5199999999999999,0.6668838858604431,0.00014124548761174083,1.4124548761174084e-07,0.02892138622701168,0.0003485119668766856,3.4851196687668564e-07,1.2050320276529008e-05,-0.06847970187664032
UCI,0.001,107,36,0.6654517352581024,0.2650356625796317,0.49499999999999994,0.6642383337020874,0.00014069756434764713,1.4069756434764714e-07,0.030792346224188805,0.00034464168129488826,3.446416812948883e-07,1.1192446291220135e-05,-0.06751319766044617
UCI,0.001,107,37,0.6647242307662964,0.2472066162365221,0.49499999999999994,0.6612513661384583,0.00014000687224324793,1.4000687224324793e-07,0.03468434885144234,0.0003414093516767025,3.414093516767025e-07,9.843325966389164e-06,0.015503381378948689
UCI,0.001,107,38,0.6614972651004791,0.2472066162365221,0.48999999999999994,0.6579485535621643,0.0001389924727845937,1.389924727845937e-07,0.03499247133731842,0.0003390461206436157,3.390461206436157e-07,9.689116192317437e-06,-0.03855837509036064
UCI,0.001,107,39,0.6569166779518127,0.2790727860929738,0.48499999999999993,0.6543449759483337,0.00013814333942718804,1.3814333942718805e-07,0.037086594849824905,0.00033787626307457685,3.3787626307457686e-07,9.110468740598654e-06,0.004288075026124716
UCI,0.001,107,40,0.6543790698051453,0.2472066162365221,0.48499999999999993,0.6505757570266724,0.0001376964501105249,1.376964501105249e-07,0.058259256184101105,0.0003404592862352729,3.404592862352729e-07,5.8438659971801e-06,0.20273640751838684
UCI,0.001,131,1,0.6964309513568878,0.03316790634033297,0.4599999999999999,0.6957388520240784,0.002561080502346158,2.561080502346158e-06,0.019468095153570175,0.0003040458250325173,3.040458250325173e-07,1.5617646340543983e-05,0.0241343155503273
UCI,0.001,131,2,0.6958909332752228,0.09899678265684461,0.4599999999999999,0.6949453353881836,0.0021127767395228148,2.112776739522815e-06,0.01853795349597931,0.0002944882435258478,2.944882435258478e-07,1.5885693293475964e-05,0.006235220469534397
UCI,0.001,131,3,0.6942201554775238,0.10994987428338562,0.4599999999999999,0.6942125558853149,0.0017330753616988659,1.733075361698866e-06,0.017660614103078842,0.0002878640661947429,2.8786406619474295e-07,1.629977669601866e-05,-0.01959744095802307
UCI,0.001,131,4,0.6946430206298828,0.14990633779917228,0.48499999999999993,0.693538248538971,0.0014136061072349548,1.4136061072349548e-06,0.01685749739408493,0.00028348673367872834,2.8348673367872836e-07,1.6816655939582113e-05,-0.05206488445401192
UCI,0.001,131,5,0.6937805712223053,0.1846372364689991,0.48999999999999994,0.692880392074585,0.0011468089651316404,1.1468089651316406e-06,0.016064565628767014,0.0002808132558129728,2.808132558129728e-07,1.7480289371168373e-05,-0.09130045771598816
UCI,0.001,131,6,0.693312257528305,0.09899678265684461,0.4649999999999999,0.6922467350959778,0.0009264586260542274,9.264586260542274e-07,0.015298714861273766,0.00027942072483710945,2.7942072483710946e-07,1.8264326603303003e-05,-0.1361394226551056
UCI,0.001,131,7,0.6917620301246643,0.10994987428338562,0.4649999999999999,0.6916261911392212,0.0007467709947377443,7.467709947377443e-07,0.014538298361003399,0.00027901073917746544,2.7901073917746546e-07,1.919143026572257e-05,-0.18584521114826202
UCI,0.001,131,8,0.6924585103988647,0.16807316136320358,0.5099999999999999,0.6910361647605896,0.0006021821172907948,6.021821172907948e-07,0.013828220777213573,0.0002793383609969169,2.793383609969169e-07,2.0200600315639768e-05,-0.23823951184749603
UCI,0.001,131,9,0.690801590681076,0.2,0.5149999999999999,0.690460205078125,0.0004872632271144539,4.872632271144539e-07,0.013118787668645382,0.0002802449162118137,2.802449162118137e-07,2.1362104737895433e-05,-0.2931562066078186
UCI,0.001,131,10,0.6900472342967987,0.14808721943977307,0.49999999999999994,0.6899195313453674,0.00039704953087493777,3.970495308749378e-07,0.012462432496249676,0.0002815640764310956,2.815640764310956e-07,2.2593027205228737e-05,-0.34785935282707214
UCI,0.001,131,11,0.689861536026001,0.16807316136320358,0.5299999999999999,0.6894190907478333,0.0003270941670052707,3.2709416700527074e-07,0.011894913390278816,0.00028322511934675276,2.832251193467528e-07,2.3810607950976766e-05,-0.39945080876350403
UCI,0.001,131,12,0.6889947652816772,0.1846372364689991,0.5349999999999999,0.6889218091964722,0.0002735883754212409,2.7358837542124096e-07,0.011347434483468533,0.00028521238709799945,2.8521238709799946e-07,2.513452600352177e-05,-0.4495687484741211
UCI,0.001,131,13,0.6893375515937805,0.14990633779917228,0.5449999999999999,0.6884344816207886,0.00023331466945819557,2.3331466945819558e-07,0.010834644548594952,0.00028740419656969607,2.8740419656969606e-07,2.652640751439944e-05,-0.495841383934021
UCI,0.001,131,14,0.6891677975654602,0.1846372364689991,0.5499999999999999,0.6879651546478271,0.00020352612773422152,2.0352612773422153e-07,0.010384490713477135,0.0002896993246395141,2.896993246395141e-07,2.789730691978359e-05,-0.5358534455299377
UCI,0.001,131,15,0.6882432997226715,0.16807316136320358,0.5599999999999999,0.6875022053718567,0.00018198927864432335,1.8198927864432336e-07,0.009993801824748516,0.00029206034378148615,2.9206034378148616e-07,2.9224148017247236e-05,-0.5675269961357117
UCI,0.001,131,16,0.687207043170929,0.12090832578915783,0.4699999999999999,0.6870532631874084,0.0001668300828896463,1.668300828896463e-07,0.009718162007629871,0.0002944478183053434,2.944478183053434e-07,3.0298714723439277e-05,-0.5849087834358215
UCI,0.001,131,17,0.687769204378128,0.1846372364689991,0.575,0.6866194009780884,0.00015646408428438008,1.564640842843801e-07,0.00958200078457594,0.0002967736800201237,2.9677368002012374e-07,3.097199496141116e-05,-0.5839104056358337
UCI,0.001,149,1,0.6929125785827637,0.16993235521110622,0.5149999999999999,0.6922990083694458,0.003728192299604416,3.728192299604416e-06,0.015830863267183304,0.00038222878356464207,3.822287835646421e-07,2.4144531925620624e-05,-0.2753998637199402
UCI,0.001,149,2,0.6915817856788635,0.10768601458875716,0.5299999999999999,0.6917353272438049,0.003147018840536475,3.1470188405364754e-06,0.015516716986894608,0.000363165105227381,3.63165105227381e-07,2.3404764392758442e-05,-0.3010602593421936
UCI,0.001,149,3,0.6913441121578217,0.17740004829626463,0.5449999999999999,0.6912144422531128,0.002649634378030896,2.6496343780308964e-06,0.015270587056875229,0.0003474352415651083,3.474352415651083e-07,2.2751924354387124e-05,-0.3292267918586731
UCI,0.001,149,4,0.6908814907073975,0.16807316136320358,0.5499999999999999,0.6906806230545044,0.002229798585176468,2.229798585176468e-06,0.015032302588224411,0.00033463406725786626,3.3463406725786627e-07,2.2260998625719698e-05,-0.358771413564682
UCI,0.001,149,5,0.6897674202919006,0.14149998919097348,0.5299999999999999,0.6901604533195496,0.001878954702988267,1.878954702988267e-06,0.014821231365203857,0.000324407999869436,3.2440799986943604e-07,2.1888059897037713e-05,-0.388163685798645
UCI,0.001,149,6,0.6896957755088806,0.1649572197684645,0.5549999999999999,0.6896589994430542,0.0015873240772634745,1.5873240772634745e-06,0.014666708186268806,0.0003163526125717908,3.163526125717908e-07,2.1569435251187783e-05,-0.4165196716785431
UCI,0.001,149,7,0.6890289783477783,0.17712297710801905,0.5599999999999999,0.689174234867096,0.001345331547781825,1.345331547781825e-06,0.01456347294151783,0.0003101816400885582,3.101816400885582e-07,2.1298603796920335e-05,-0.44205889105796814
UCI,0.001,149,8,0.6887619495391846,0.17740004829626463,0.565,0.688683271408081,0.0011446145363152027,1.1446145363152028e-06,0.01449057087302208,0.0003056109417229891,3.0561094172298907e-07,2.1090331388666152e-05,-0.4645439088344574
UCI,0.001,149,9,0.6887975335121155,0.17740004829626463,0.57,0.6881800889968872,0.0009783402783796191,9.783402783796192e-07,0.01444685272872448,0.00030238545150496066,3.0238545150496066e-07,2.0930887659962906e-05,-0.4838370978832245
UCI,0.001,149,10,0.6883979439735413,0.17740004829626463,0.575,0.6876567006111145,0.0008410121663473547,8.410121663473547e-07,0.014413772150874138,0.0003002763260155916,3.0027632601559165e-07,2.083259835610632e-05,-0.5007150173187256
UCI,0.001,149,11,0.6878414452075958,0.17712297710801905,0.58,0.6871250867843628,0.0007280362187884748,7.280362187884749e-07,0.014414294622838497,0.00029896432533860207,2.9896432533860205e-07,2.0740822437812035e-05,-0.5145009160041809
UCI,0.001,173,1,0.6960074603557587,0.10540925533894598,0.5399999999999999,0.695343017578125,0.005792073905467987,5.792073905467987e-06,0.019429439678788185,0.0004705532337538898,4.7055323375388983e-07,2.4218569425221748e-05,0.2361626774072647
UCI,0.001,173,2,0.6962680816650391,0.10540925533894598,0.5399999999999999,0.6948266625404358,0.005116462241858244,5.116462241858244e-06,0.0186818428337574,0.0004488248087000102,4.488248087000102e-07,2.4024653921667746e-05,0.23190735280513763
UCI,0.001,173,3,0.6941782534122467,0.3312945782245396,0.5349999999999999,0.6943212151527405,0.004520869813859463,4.520869813859463e-06,0.017990726977586746,0.00042998528806492686,4.299852880649269e-07,2.3900384270219443e-05,0.2263834923505783
UCI,0.001,173,4,0.6946312785148621,0.3104602102825332,0.5349999999999999,0.6938489675521851,0.003997689578682184,3.997689578682184e-06,0.01738527975976467,0.0004129883600398898,4.129883600398898e-07,2.375505978314381e-05,0.2180313915014267
UCI,0.001,173,5,0.6941090822219849,0.2773500981126146,0.5349999999999999,0.6933913826942444,0.0035389703698456287,3.538970369845629e-06,0.01682262308895588,0.0003978149907197803,3.978149907197803e-07,2.364761955470235e-05,0.2076532393693924
UCI,0.001,173,6,0.6936988234519958,0.2656844656620286,0.5349999999999999,0.6929402947425842,0.0031373624224215746,3.1373624224215747e-06,0.016299737617373466,0.00038390388363040984,3.839038836304098e-07,2.3552764629856167e-05,0.195283442735672
UCI,0.001,173,7,0.6920571029186249,0.34141531479696996,0.5299999999999999,0.692503809928894,0.0027861001435667276,2.786100143566728e-06,0.015812253579497337,0.00037100844201631844,3.7100844201631846e-07,2.346335012596684e-05,0.18090887367725372
UCI,0.001,173,8,0.693091094493866,0.3209833376209784,0.5299999999999999,0.6920946836471558,0.0024791995529085398,2.47919955290854e-06,0.015384916216135025,0.0003585446102079004,3.585446102079004e-07,2.3304943957502644e-05,0.1642698347568512
UCI,0.001,173,9,0.692578136920929,0.3104602102825332,0.5299999999999999,0.6917057037353516,0.002210865030065179,2.210865030065179e-06,0.01497759111225605,0.000347128720022738,3.47128720022738e-07,2.3176538698448323e-05,0.14601922035217285
UCI,0.001,173,10,0.691937267780304,0.35136418446315326,0.5249999999999999,0.6913203001022339,0.0019760257564485073,1.9760257564485074e-06,0.014584784395992756,0.0003367711906321347,3.367711906321347e-07,2.3090584096989757e-05,0.12579326331615448
UCI,0.001,173,11,0.6910795867443085,0.35136418446315326,0.5249999999999999,0.6909288167953491,0.0017701050965115428,1.7701050965115427e-06,0.014193358831107616,0.0003275079361628741,3.275079361628741e-07,2.3074730940013594e-05,0.10321435332298279
UCI,0.001,173,12,0.690917581319809,0.3209833376209784,0.5249999999999999,0.6905397176742554,0.0015891313087195158,1.5891313087195158e-06,0.013810994103550911,0.0003191762662027031,3.191762662027031e-07,2.3110303560309282e-05,0.07859216630458832
UCI,0.001,173,13,0.6902180016040802,0.3209833376209784,0.5249999999999999,0.6901630163192749,0.001429546158760786,1.4295461587607861e-06,0.013435030356049538,0.00031179774668999016,3.117977466899902e-07,2.3207818547994095e-05,0.05198326334357262
UCI,0.001,173,14,0.6904790997505188,0.36115755925730764,0.5199999999999999,0.6897804737091064,0.0012882662704214454,1.2882662704214453e-06,0.01304069347679615,0.00030542738386429846,3.054273838642985e-07,2.34210998370415e-05,0.02277243696153164
UCI,0.001,173,15,0.6899746358394623,0.35136418446315326,0.5199999999999999,0.6894127726554871,0.0011627773055806756,1.1627773055806757e-06,0.012645361013710499,0.00029984625871293247,2.998462587129325e-07,2.3711957166571182e-05,-0.008274354040622711
UCI,0.001,173,16,0.6886554658412933,0.36115755925730764,0.5149999999999999,0.6890461444854736,0.0010509155690670013,1.0509155690670014e-06,0.012214116752147675,0.0002952039067167789,2.952039067167789e-07,2.4169075235413286e-05,-0.042696382850408554
UCI,0.001,173,17,0.6879453659057617,0.36115755925730764,0.5149999999999999,0.688684344291687,0.0009511515381745994,9.511515381745994e-07,0.01176521647721529,0.0002910929615609348,2.910929615609348e-07,2.474182792341052e-05,-0.07881235331296921
UCI,0.001,173,18,0.6888448596000671,0.36115755925730764,0.5149999999999999,0.6883524656295776,0.0008623715257272124,8.623715257272124e-07,0.011391161940991879,0.00028718513203784823,2.8718513203784823e-07,2.5211223712340776e-05,-0.10739597678184509
UCI,0.001,173,19,0.6888595819473267,0.36115755925730764,0.5149999999999999,0.6880103349685669,0.0007828325615264475,7.828325615264476e-07,0.010932473465800285,0.0002840201777871698,2.840201777871698e-07,2.597949847997905e-05,-0.13991904258728027
UCI,0.001,173,20,0.6878350675106049,0.36115755925730764,0.5099999999999999,0.6876725554466248,0.0007115556509234011,7.115556509234012e-07,0.0104148518294096,0.00028141748043708503,2.8141748043708505e-07,2.7020785801523798e-05,-0.17662401497364044
UCI,0.001,173,21,0.6870366632938385,0.36115755925730764,0.5099999999999999,0.6873506307601929,0.0006477839779108763,6.477839779108763e-07,0.009902332909405231,0.00027911242796108127,2.7911242796108125e-07,2.818653245802112e-05,-0.21083998680114746
UCI,0.001,173,22,0.6862730085849762,0.36115755925730764,0.5099999999999999,0.6870209574699402,0.000590426498092711,5.90426498092711e-07,0.009276879020035267,0.0002773365122266114,2.773365122266114e-07,2.989545423925956e-05,-0.2549687623977661
UCI,0.01,11,1,0.6931657791137695,0.23782391693748445,0.4799999999999999,0.6932818293571472,0.005779842380434275,5.7798423804342746e-05,0.011457210406661034,0.00036416627699509263,3.6416627699509264e-06,0.00031784899121986305,-0.09421217441558838
UCI,0.01,11,2,0.6930885016918182,0.09523809523809523,0.48499999999999993,0.6928437948226929,0.0051279678009450436,5.127967800945044e-05,0.010914982296526432,0.00034858990693464875,3.4858990693464876e-06,0.0003193682751511045,-0.10071126371622086
UCI,0.01,11,3,0.693157970905304,0.16682120232032635,0.48499999999999993,0.6924455165863037,0.0045402394607663155,4.540239460766316e-05,0.01044341642409563,0.00033375146449543536,3.3375146449543537e-06,0.0003195807300428866,-0.11181279271841049
UCI,0.01,11,4,0.6922858655452728,0.18411492357966466,0.48999999999999994,0.6920529007911682,0.004009518306702375,4.0095183067023754e-05,0.009978363290429115,0.00031988919363357127,3.1988919363357126e-06,0.00032058282939086553,-0.12680870294570923
UCI,0.01,11,5,0.6921077370643616,0.12531595371053228,0.48999999999999994,0.6916972398757935,0.003530814778059721,3.530814778059721e-05,0.009579471312463284,0.0003069594094995409,3.069594094995409e-06,0.0003204346038389135,-0.1467543989419937
UCI,0.01,11,6,0.6918216347694397,0.2484646732989441,0.49499999999999994,0.6913689970970154,0.0031004203483462334,3.1004203483462336e-05,0.009233802556991577,0.000295197416562587,2.95197416562587e-06,0.0003196921471307309,-0.17124570906162262
UCI,0.01,11,7,0.6913614869117737,0.17323973216880925,0.49999999999999994,0.691050112247467,0.0027149212546646595,2.7149212546646594e-05,0.008921150118112564,0.00028480347828008235,2.8480347828008233e-06,0.0003192452481007436,-0.20043693482875824
UCI,0.01,11,8,0.6908337473869324,0.2673939106929519,0.49999999999999994,0.6907749176025391,0.0023709924425929785,2.3709924425929786e-05,0.008679963648319244,0.00027552584651857615,2.7552584651857616e-06,0.00031742741983939985,-0.2322242110967636
UCI,0.01,11,9,0.6903270781040192,0.19493925957690475,0.5049999999999999,0.6904937028884888,0.0020648553036153316,2.0648553036153317e-05,0.00844728946685791,0.00026784982765093446,2.6784982765093446e-06,0.0003170837565136323,-0.26710015535354614
UCI,0.01,11,10,0.6899749636650085,0.22011272658140596,0.5049999999999999,0.6902174353599548,0.0017932286718860269,1.793228671886027e-05,0.008251274935901165,0.00026168933254666626,2.6168933254666628e-06,0.0003171501793111513,-0.30332130193710327
UCI,0.01,11,11,0.6901943981647491,0.21645482913637396,0.5099999999999999,0.6899464726448059,0.0015531640965491533,1.5531640965491533e-05,0.008099951781332493,0.00025684971478767693,2.5684971478767693e-06,0.0003171003009914505,-0.33904799818992615
UCI,0.01,11,12,0.6896437108516693,0.22011272658140596,0.5099999999999999,0.6896867752075195,0.0013419205788522959,1.341920578852296e-05,0.007996195927262306,0.00025302445283159614,2.5302445283159616e-06,0.00031643103187220837,-0.3720441162586212
UCI,0.01,11,13,0.6901029050350189,0.21645482913637396,0.5149999999999999,0.689426839351654,0.0011569296475499868,1.1569296475499868e-05,0.007931699976325035,0.0002500547270756215,2.500547270756215e-06,0.00031525994152829573,-0.40123191475868225
UCI,0.01,11,14,0.6895930767059326,0.22086305214969307,0.5149999999999999,0.6891728639602661,0.0009957692818716168,9.95769281871617e-06,0.007918513379991055,0.0002476983063388616,2.476983063388616e-06,0.0003128091024822407,-0.42473626136779785
UCI,0.01,11,15,0.688673734664917,0.21645482913637396,0.5199999999999999,0.6889215707778931,0.0008561058784835041,8.56105878483504e-06,0.00795863289386034,0.0002458998642396182,2.458998642396182e-06,0.000308972492536145,-0.44116851687431335
UCI,0.01,11,16,0.6891975998878479,0.2684624220856097,0.5199999999999999,0.6886590123176575,0.0007358379662036896,7.358379662036896e-06,0.00800891499966383,0.0002447053848300129,2.4470538483001293e-06,0.0003055412435270999,-0.4519132971763611
UCI,0.01,11,17,0.6887556314468384,0.21645482913637396,0.5249999999999999,0.6883898973464966,0.0006327358423732221,6.327358423732221e-06,0.00807497650384903,0.00024403825227636844,2.4403825227636844e-06,0.00030221543327097584,-0.45714685320854187
UCI,0.01,11,18,0.688637375831604,0.21645482913637396,0.5249999999999999,0.6881124973297119,0.0005447716102935374,5.447716102935374e-06,0.008172906935214996,0.00024388133897446096,2.4388133897446097e-06,0.00029840219753835413,-0.4557044208049774
UCI,0.01,11,19,0.6875012814998627,0.25908195902003417,0.5249999999999999,0.6878251433372498,0.0004700722929555923,4.700722929555923e-06,0.008252984844148159,0.0002441628894302994,2.441628894302994e-06,0.00029584797990199257,-0.4527103006839752
UCI,0.01,11,20,0.6879648268222809,0.22086305214969307,0.5249999999999999,0.6875140070915222,0.0004069983260706067,4.069983260706067e-06,0.00835335161536932,0.00024492625379934907,2.449262537993491e-06,0.00029320716411447307,-0.4433149993419647
UCI,0.01,11,21,0.687124639749527,0.22011272658140596,0.5249999999999999,0.6871823072433472,0.000353984214598313,3.53984214598313e-06,0.0084203677251935,0.0002460888645146042,2.4608886451460423e-06,0.0002922542964226056,-0.43448105454444885
UCI,0.01,11,22,0.6874097585678101,0.21645482913637396,0.5299999999999999,0.686831533908844,0.00030967581551522017,3.0967581551522017e-06,0.008516372181475163,0.0002475683286320418,2.475683286320418e-06,0.0002906969345122717,-0.4177885353565216
UCI,0.01,11,23,0.6863313317298889,0.22715542521212734,0.5299999999999999,0.6864655017852783,0.0002728500694502145,2.7285006945021453e-06,0.008663829416036606,0.0002492934581823647,2.492934581823647e-06,0.0002877404969688422,-0.3929807245731354
UCI,0.01,11,24,0.686849057674408,0.2484646732989441,0.5299999999999999,0.6860767006874084,0.00024251113063655794,2.4251113063655794e-06,0.008807417936623096,0.00025115019525401294,2.5115019525401295e-06,0.00028515757633083085,-0.36180394887924194
UCI,0.01,23,1,0.6938675045967102,0.12704247025712678,0.5099999999999999,0.6932576298713684,0.004928617738187313,4.9286177381873135e-05,0.015032265335321426,0.00037656910717487335,3.7656910717487336e-06,0.0002505072248093214,-0.05383339524269104
UCI,0.01,23,2,0.6932079792022705,0.24112141108520604,0.5099999999999999,0.6928354501724243,0.004353300202637911,4.353300202637911e-05,0.014436052180826664,0.00035677352570928633,3.5677352570928632e-06,0.0002471406456836845,-0.057699136435985565
UCI,0.01,23,3,0.693012535572052,0.22808577638091165,0.5099999999999999,0.6924525499343872,0.003836285090073943,3.836285090073943e-05,0.013960466720163822,0.00033985599293373525,3.3985599293373526e-06,0.00024344171276370274,-0.07054602354764938
UCI,0.01,23,4,0.6922940015792847,0.23099715105270544,0.5049999999999999,0.6920810341835022,0.0033753253519535065,3.3753253519535064e-05,0.013517338782548904,0.0003247074782848358,3.247074782848358e-06,0.00024021553614091425,-0.08196230232715607
UCI,0.01,23,5,0.6919507086277008,0.18576071235199634,0.5049999999999999,0.6917321085929871,0.002965459832921624,2.965459832921624e-05,0.013154465705156326,0.0003118951863143593,3.118951863143593e-06,0.00023710213193387376,-0.10069479793310165
UCI,0.01,23,6,0.6917355358600616,0.2358333153182891,0.49499999999999994,0.6913869380950928,0.0026019231881946325,2.6019231881946325e-05,0.012820212170481682,0.00030070816865190864,3.0070816865190866e-06,0.0002345578720953496,-0.12117130309343338
UCI,0.01,23,7,0.6911237239837646,0.24198422796860888,0.49999999999999994,0.691055953502655,0.002279755426570773,2.279755426570773e-05,0.012527632527053356,0.0002910246839746833,2.910246839746833e-06,0.00023230621056789225,-0.14379040896892548
UCI,0.01,23,8,0.6911367774009705,0.21989091855183412,0.49999999999999994,0.690729558467865,0.0019947346299886703,1.9947346299886703e-05,0.012256141752004623,0.000282883585896343,2.82883585896343e-06,0.00023080965577937636,-0.1715307980775833
UCI,0.01,23,9,0.6911775171756744,0.2576735608413086,0.5049999999999999,0.6904178261756897,0.001743115484714508,1.7431154847145082e-05,0.012002326548099518,0.0002759691560640931,2.759691560640931e-06,0.00022992971817434083,-0.2013111710548401
UCI,0.01,23,10,0.6905099749565125,0.27165268399721654,0.5049999999999999,0.6901211142539978,0.0015212438302114606,1.5212438302114607e-05,0.011771142482757568,0.00027014888473786414,2.7014888473786413e-06,0.00022950098950342301,-0.2305070459842682
UCI,0.01,23,11,0.6905723214149475,0.27431506742959905,0.49499999999999994,0.6898333430290222,0.0013255140511319041,1.3255140511319042e-05,0.011533142998814583,0.0002653860137797892,2.653860137797892e-06,0.00023010727761466803,-0.26250404119491577
UCI,0.01,23,12,0.689516693353653,0.27165268399721654,0.5049999999999999,0.6895579099655151,0.0011529529001563787,1.1529529001563788e-05,0.011322453618049622,0.0002613488177303225,2.613488177303225e-06,0.0002308234827420223,-0.29144689440727234
UCI,0.01,23,13,0.6893337965011597,0.2997004492513102,0.5049999999999999,0.6892739534378052,0.0010008917888626456,1.0008917888626456e-05,0.011113474145531654,0.00025810091756284237,2.5810091756284238e-06,0.00023224143430127642,-0.3184167742729187
UCI,0.01,23,14,0.6893596649169922,0.2997004492513102,0.5049999999999999,0.6889830827713013,0.0008668440859764814,8.668440859764814e-06,0.010902163572609425,0.0002554995007812977,2.554995007812977e-06,0.0002343566935862292,-0.345077782869339
UCI,0.01,23,15,0.6892905831336975,0.2997004492513102,0.5049999999999999,0.6886860132217407,0.0007486296235583723,7.486296235583722e-06,0.010632989928126335,0.0002535268431529403,2.535268431529403e-06,0.0002384341985336714,-0.37672755122184753
UCI,0.01,23,16,0.6888924539089203,0.29236564320829667,0.5049999999999999,0.6883878111839294,0.0006446244660764933,6.446244660764933e-06,0.010301042348146439,0.00025207854923792183,2.5207854923792183e-06,0.0002447116910292876,-0.4118786156177521
UCI,0.01,23,17,0.6889959871768951,0.27431506742959905,0.48999999999999994,0.688090980052948,0.0005536406533792615,5.536406533792615e-06,0.009979885071516037,0.00025099169579334557,2.5099169579334556e-06,0.00025149758137967974,-0.44100141525268555
UCI,0.01,23,18,0.6876940429210663,0.2656844656620286,0.5099999999999999,0.6877967119216919,0.00047440084745176136,4.744008474517614e-06,0.009671805426478386,0.0002501957060303539,2.501957060303539e-06,0.0002586856279649672,-0.46565359830856323
UCI,0.01,23,19,0.687669575214386,0.2997004492513102,0.5099999999999999,0.6874882578849792,0.0004059243656229228,4.0592436562292274e-06,0.00932969618588686,0.0002498017274774611,2.498017274774611e-06,0.0002677490483080672,-0.48577946424484253
UCI,0.01,23,20,0.6884440779685974,0.3104602102825332,0.5099999999999999,0.6871747970581055,0.00034717144444584846,3.4717144444584846e-06,0.008979390375316143,0.0002496366505511105,2.496366505511105e-06,0.0002780106890522859,-0.5000444054603577
UCI,0.01,23,21,0.687175065279007,0.34141531479696996,0.5099999999999999,0.6868743896484375,0.0002971091598737985,2.971091598737985e-06,0.008633731864392757,0.0002496256201993674,2.4962562019936742e-06,0.00028912829830733287,-0.5091516971588135
UCI,0.01,23,22,0.6866844296455383,0.34141531479696996,0.5099999999999999,0.6865679621696472,0.00025500942138023674,2.5500942138023677e-06,0.008319113403558731,0.00024970844970084727,2.4970844970084726e-06,0.0003001623341184742,-0.5070400238037109
UCI,0.01,23,23,0.6865500509738922,0.3267616012328021,0.5099999999999999,0.6862612962722778,0.00022004508355166763,2.2004508355166765e-06,0.008077476173639297,0.0002498402027413249,2.498402027413249e-06,0.0003093047845274667,-0.4880339503288269
UCI,0.01,23,24,0.684477686882019,0.337099931231621,0.5099999999999999,0.6859679818153381,0.0001913222949951887,1.913222949951887e-06,0.007849947549402714,0.0002499777765478939,2.499777765478939e-06,0.00031844515517420773,-0.4649483263492584
UCI,0.01,23,25,0.684692919254303,0.337099931231621,0.5099999999999999,0.6856647729873657,0.00016815238632261753,1.6815238632261753e-06,0.00765635073184967,0.0002500785340089351,2.500785340089351e-06,0.00032662888988174596,-0.4251578152179718
UCI,0.01,23,26,0.6864451467990875,0.337099931231621,0.5099999999999999,0.6853582859039307,0.00014971676864661276,1.4971676864661277e-06,0.007438305765390396,0.0002500629343558103,2.500629343558103e-06,0.0003361826499783393,-0.3747829794883728
UCI,0.01,23,27,0.6846858561038971,0.34141531479696996,0.5149999999999999,0.6850767135620117,0.0001351478131255135,1.3514781312551349e-06,0.007338368333876133,0.0002500485861673951,2.5004858616739514e-06,0.0003407413948044759,-0.32138359546661377
UCI,0.01,23,28,0.6849810481071472,0.35136418446315326,0.5149999999999999,0.6847997903823853,0.00012399179104249924,1.2399179104249924e-06,0.007528056390583515,0.0002499043184798211,2.499043184798211e-06,0.0003319639300157401,-0.2389449030160904
UCI,0.01,23,29,0.6841953992843628,0.35136418446315326,0.5149999999999999,0.6845296621322632,0.00011560363054741174,1.1560363054741175e-06,0.007881347090005875,0.0002497192472219467,2.4971924722194673e-06,0.00031684843259676895,-0.16185106337070465
UCI,0.01,23,30,0.6827608048915863,0.3708099243547831,0.5099999999999999,0.6842437982559204,0.00010942971130134538,1.094297113013454e-06,0.007795386482030153,0.0002495065564289689,2.495065564289689e-06,0.0003200695141980823,-0.1326020210981369
UCI,0.01,23,31,0.6858163475990295,0.3708099243547831,0.5099999999999999,0.6839534044265747,0.00010514668247196823,1.0514668247196823e-06,0.007550911512225866,0.00024926327751018107,2.492632775101811e-06,0.00033011018220329135,-0.11942975968122482
UCI,0.01,23,32,0.6862099468708038,0.3803341794400215,0.5049999999999999,0.6836592555046082,0.00010216687223874032,1.0216687223874034e-06,0.007136581931263208,0.0002492422645445913,2.4924226454459132e-06,0.00034924599331332036,-0.17030993103981018
UCI,0.01,23,33,0.6832500100135803,0.38644907980014026,0.49999999999999994,0.6833674311637878,0.00010038371692644432,1.0038371692644433e-06,0.0071383812464773655,0.00024970603408291936,2.4970603408291935e-06,0.00034980764610484177,-0.21676084399223328
UCI,0.01,23,34,0.6838562190532684,0.3897418814769785,0.5049999999999999,0.6830528974533081,9.943968325387686e-05,9.943968325387688e-07,0.007189617492258549,0.00025021733017638326,2.5021733017638327e-06,0.00034802592828590096,-0.2886708080768585
UCI,0.01,23,35,0.6823588907718658,0.39904344223381105,0.49999999999999994,0.6827239990234375,9.913623944157735e-05,9.913623944157734e-07,0.007466436829417944,0.0002509634359739721,2.509634359739721e-06,0.0003361220910423698,-0.3635775148868561
UCI,0.01,23,36,0.6845845580101013,0.3897418814769785,0.49999999999999994,0.6823778748512268,9.934872650774196e-05,9.934872650774196e-07,0.00788645539432764,0.00025181027012877166,2.518102701287717e-06,0.0003192946102375562,-0.41768771409988403
UCI,0.01,23,37,0.6812568008899689,0.39904344223381105,0.49499999999999994,0.6820202469825745,9.984579082811251e-05,9.984579082811252e-07,0.008454950526356697,0.00025310844648629427,2.531084464862943e-06,0.0002993612389537667,-0.47439244389533997
UCI,0.01,23,38,0.6807467043399811,0.39904344223381105,0.49499999999999994,0.6816352605819702,0.0001007864048006013,1.007864048006013e-06,0.008747580461204052,0.000254770100582391,2.54770100582391e-06,0.00029124636430874674,-0.4955325722694397
UCI,0.01,23,39,0.681418776512146,0.39904344223381105,0.49499999999999994,0.6812114715576172,0.00010209082392975688,1.0209082392975688e-06,0.008701037615537643,0.00025667386944405735,2.5667386944405735e-06,0.0002949922535511269,-0.4722210168838501
UCI,0.01,23,40,0.6809159219264984,0.39904344223381105,0.49499999999999994,0.6807673573493958,0.00010357161227148026,1.0357161227148026e-06,0.0087997792288661,0.00025896576698869467,2.589657669886947e-06,0.0002942866636235644,-0.42090901732444763
UCI,0.01,37,1,0.6962887048721313,0.10540925533894598,0.5499999999999999,0.695963978767395,0.002724749967455864,2.724749967455864e-05,0.023740878328680992,0.0003198226622771472,3.1982266227714716e-06,0.00013471391321304835,-0.20614366233348846
UCI,0.01,37,2,0.6964017152786255,0.14907119849998599,0.5399999999999999,0.6950103044509888,0.0023242568131536245,2.3242568131536247e-05,0.022714702412486076,0.0003146831295453012,3.146831295453012e-06,0.0001385372010739276,-0.22275613248348236
UCI,0.01,37,3,0.6948961615562439,0.16807316136320358,0.5449999999999999,0.6940991282463074,0.001976213650777936,1.976213650777936e-05,0.021679209545254707,0.00031078571919351816,3.1078571919351817e-06,0.00014335657328500017,-0.2411307990550995
UCI,0.01,37,4,0.6942836046218872,0.16807316136320358,0.5449999999999999,0.6932360529899597,0.001676772953942418,1.6767729539424182e-05,0.020659692585468292,0.00030786238494329154,3.0786238494329156e-06,0.00014901595639416106,-0.26200464367866516
UCI,0.01,37,5,0.6937550008296967,0.2,0.5399999999999999,0.6924319863319397,0.0014210997615009546,1.4210997615009547e-05,0.019659820944070816,0.00030563617474399507,3.056361747439951e-06,0.00015546233895694333,-0.28521671891212463
UCI,0.01,37,6,0.6925690472126007,0.16807316136320358,0.5399999999999999,0.6916736960411072,0.001203807070851326,1.203807070851326e-05,0.01865413412451744,0.0003039391594938934,3.0393915949389338e-06,0.0001629339413264007,-0.3104628622531891
UCI,0.01,37,7,0.6915194094181061,0.25362863675089403,0.5349999999999999,0.6909599304199219,0.0010195922804996371,1.0195922804996371e-05,0.017641345039010048,0.0003026834165211767,3.026834165211767e-06,0.00017157615581570298,-0.33770808577537537
UCI,0.01,37,8,0.6908755302429199,0.2,0.5349999999999999,0.6903015971183777,0.0008635935955680907,8.635935955680907e-06,0.016646699979901314,0.00030180541216395795,3.0180541216395796e-06,0.00018130044545065872,-0.36646324396133423
UCI,0.01,37,9,0.689793586730957,0.16807316136320358,0.5349999999999999,0.6896881461143494,0.0007316179689951241,7.3161796899512416e-06,0.015661882236599922,0.00030130697996355593,3.0130697996355596e-06,0.00019238235571675927,-0.3963794410228729
UCI,0.01,37,10,0.6900371015071869,0.21442250696755896,0.5299999999999999,0.689132571220398,0.0006201487849466503,6.201487849466503e-06,0.014741226099431515,0.00030113139655441046,3.0113139655441048e-06,0.00020427839212507797,-0.42639783024787903
UCI,0.01,37,11,0.6885588765144348,0.2,0.5299999999999999,0.6886451244354248,0.0005262659396976233,5.262659396976233e-06,0.013952376320958138,0.0003012684755958617,3.0126847559586167e-06,0.00021592628285356695,-0.454160213470459
UCI,0.01,37,12,0.6881334781646729,0.24743582965269675,0.5249999999999999,0.6882114410400391,0.00044759971206076443,4.475997120607644e-06,0.013336061500012875,0.0003017312556039542,3.017312556039542e-06,0.00022625214768517895,-0.47784319519996643
UCI,0.01,37,13,0.6879586279392242,0.22808577638091165,0.5249999999999999,0.6878165006637573,0.0003821256977971643,3.821256977971644e-06,0.012910951860249043,0.0003025705518666655,3.0257055186666547e-06,0.00023435185503110467,-0.4943840503692627
UCI,0.01,37,14,0.6876868605613708,0.2,0.5249999999999999,0.6874682903289795,0.0003280117816757411,3.280117816757411e-06,0.012733855284750462,0.00030374457128345966,3.0374457128345965e-06,0.0002385330793316079,-0.5011429786682129
UCI,0.01,37,15,0.6875403523445129,0.2,0.5249999999999999,0.6871559619903564,0.00028371112421154976,2.837111242115498e-06,0.012859411537647247,0.00030524752219207585,3.0524752219207585e-06,0.00023737285434752002,-0.4950096905231476
UCI,0.01,53,1,0.7016268074512482,0.0,0.05,0.7003090977668762,0.0020682739559561014,2.0682739559561015e-05,0.027525968849658966,0.0002553266822360456,2.553266822360456e-06,9.275847241947634e-05,-0.10873342305421829
UCI,0.01,53,2,0.700590193271637,0.0,0.05,0.6992225646972656,0.001666720723733306,1.666720723733306e-05,0.02606360614299774,0.0002400052617304027,2.4000526173040273e-06,9.208444158249477e-05,-0.1195506900548935
UCI,0.01,53,3,0.6994483768939972,0.0,0.05,0.6982132792472839,0.0013321012957021594,1.3321012957021595e-05,0.02476954273879528,0.0002277880848851055,2.277880848851055e-06,9.196297537149628e-05,-0.13208912312984467
UCI,0.01,53,4,0.6966179609298706,0.0,0.05,0.6972741484642029,0.0010555905755609274,1.0555905755609275e-05,0.02360941469669342,0.00021849951008334756,2.1849951008334756e-06,9.254761835072056e-05,-0.14747099578380585
UCI,0.01,53,5,0.6960156559944153,0.0,0.05,0.6964152455329895,0.0008291245903819799,8.291245903819799e-06,0.02259320206940174,0.00021162975463084877,2.116297546308488e-06,9.366965956430835e-05,-0.16416442394256592
UCI,0.01,53,6,0.6964685916900635,0.18576071235199634,0.5399999999999999,0.6956138610839844,0.0006448680069297552,6.448680069297552e-06,0.021677693352103233,0.00020654467516578734,2.0654467516578736e-06,9.527982143254544e-05,-0.1805972009897232
UCI,0.01,53,7,0.6940726935863495,0.0784735610658242,0.5349999999999999,0.6948584914207458,0.000495891144964844,4.95891144964844e-06,0.02081887796521187,0.00020272366236895323,2.0272366236895325e-06,9.737492227376634e-05,-0.19684989750385284
UCI,0.01,53,8,0.6955649256706238,0.18576071235199634,0.5349999999999999,0.6941643357276917,0.0003762825217563659,3.762825217563659e-06,0.020059403032064438,0.00019981620425824076,1.9981620425824075e-06,9.961223867870829e-05,-0.21478591859340668
UCI,0.01,53,9,0.693692684173584,0.15900879764848913,0.5299999999999999,0.6934686303138733,0.00028162391390651464,2.8162391390651466e-06,0.019305119290947914,0.00019779069407377392,1.9779069407377394e-06,0.00010245504888774095,-0.23585344851016998
UCI,0.01,53,10,0.6929405629634857,0.18576071235199634,0.5299999999999999,0.6927972435951233,0.00020886717538814992,2.088671753881499e-06,0.018574122339487076,0.000196551758563146,1.96551758563146e-06,0.00010582021318191327,-0.2591343820095062
UCI,0.01,53,11,0.6924006342887878,0.1294595556006309,0.5499999999999999,0.692154586315155,0.0001555256312713027,1.5552563127130271e-06,0.017851533368229866,0.000195988905034028,1.9598890503402798e-06,0.00010978827476121844,-0.2827172875404358
UCI,0.01,53,12,0.6922906041145325,0.17407765595569785,0.5249999999999999,0.691516637802124,0.00011878029181389138,1.187802918138914e-06,0.017096031457185745,0.00019605214765761048,1.960521476576105e-06,0.000114676992814731,-0.3063115179538727
UCI,0.01,53,13,0.6917361319065094,0.17232808737106584,0.5199999999999999,0.6909148097038269,9.529512317385525e-05,9.529512317385525e-07,0.016316870227456093,0.00019650674948934466,1.9650674948934466e-06,0.0001204316432931399,-0.32781457901000977
UCI,0.01,53,14,0.6906831562519073,0.16222142113076254,0.5199999999999999,0.6903209090232849,8.185674232663587e-05,8.185674232663587e-07,0.015459208749234676,0.00019733862427528948,1.973386242752895e-06,0.00012765118026177046,-0.3492070734500885
UCI,0.01,71,1,0.6951118409633636,0.0,0.05,0.6948875188827515,0.005099900998175144,5.0999009981751446e-05,0.021004552021622658,0.0004278928099665791,4.278928099665791e-06,0.00020371432322198284,-0.09230144321918488
UCI,0.01,71,2,0.6949166655540466,0.0,0.05,0.6941903829574585,0.0043634590692818165,4.363459069281817e-05,0.019971977919340134,0.0003976169100496918,3.976169100496918e-06,0.00019908739717995288,-0.0934491753578186
UCI,0.01,71,3,0.6941614151000977,0.0,0.05,0.6935175657272339,0.0037207230925559998,3.720723092556e-05,0.0189539585262537,0.0003704045375343412,3.704045375343412e-06,0.00019542331329958472,-0.09571690112352371
UCI,0.01,71,4,0.6933267712593079,0.13793431476706133,0.48499999999999993,0.6928730607032776,0.0031656199134886265,3.1656199134886264e-05,0.01799914985895157,0.00034626293927431107,3.462629392743111e-06,0.00019237738559196624,-0.10134635865688324
UCI,0.01,71,5,0.6926769018173218,0.1846372364689991,0.48999999999999994,0.6922695636749268,0.0026910840533673763,2.6910840533673765e-05,0.01715029776096344,0.00032549063325859606,3.2549063325859605e-06,0.00018978716159637755,-0.11232978850603104
UCI,0.01,71,6,0.6918990910053253,0.18123858497615616,0.48999999999999994,0.6917180418968201,0.0022883829660713673,2.2883829660713673e-05,0.016442449763417244,0.00030826139845885336,3.0826139845885336e-06,0.00018747899667889099,-0.12952658534049988
UCI,0.01,71,7,0.6917113661766052,0.22808577638091165,0.49499999999999994,0.691199004650116,0.0019481548806652427,1.9481548806652428e-05,0.015849629417061806,0.0002943168510682881,2.943168510682881e-06,0.0001856932066509151,-0.15403662621974945
UCI,0.01,71,8,0.6912864744663239,0.17557911458287687,0.49499999999999994,0.6907064914703369,0.001661485293880105,1.661485293880105e-05,0.015346497297286987,0.00028326144092716277,2.8326144092716276e-06,0.00018457725918815285,-0.18214261531829834
UCI,0.01,71,9,0.6905423700809479,0.22808577638091165,0.49999999999999994,0.6902227997779846,0.0014200997538864613,1.4200997538864613e-05,0.014902995899319649,0.0002746448735706508,2.746448735706508e-06,0.00018428836418266,-0.20998303592205048
UCI,0.01,71,10,0.6902932226657867,0.28322059201851035,0.49999999999999994,0.6897519826889038,0.0012163295177742839,1.216329517774284e-05,0.014542341232299805,0.00026841595536097884,2.6841595536097885e-06,0.00018457547589710222,-0.2412743717432022
UCI,0.01,71,11,0.6897787749767303,0.22808577638091165,0.5049999999999999,0.6892869472503662,0.0010438342578709126,1.0438342578709126e-05,0.014247105456888676,0.0002642116160131991,2.642116160131991e-06,0.00018544932990964075,-0.27019202709198
UCI,0.01,71,12,0.6890477240085602,0.2773500981126146,0.5049999999999999,0.688826322555542,0.0008970856433734298,8.970856433734299e-06,0.014033408835530281,0.00026181177236139774,2.6181177236139773e-06,0.00018656320458542718,-0.294603168964386
UCI,0.01,71,13,0.6889273822307587,0.22808577638091165,0.5099999999999999,0.688363790512085,0.0007715421379543841,7.71542137954384e-06,0.013911598362028599,0.00026090836036019027,2.609083603601903e-06,0.00018754736412771513,-0.31376945972442627
UCI,0.01,71,14,0.6885865330696106,0.2656844656620286,0.5099999999999999,0.6879007816314697,0.0006637056940235198,6.637056940235198e-06,0.013860207051038742,0.0002612401731312275,2.612401731312275e-06,0.0001884821577118136,-0.32966920733451843
UCI,0.01,71,15,0.6883602440357208,0.22808577638091165,0.5149999999999999,0.687434732913971,0.0005710824043489993,5.710824043489993e-06,0.013868224807083607,0.0002624703920446336,2.6247039204463363e-06,0.0001892602663251962,-0.34084248542785645
UCI,0.01,71,16,0.687286376953125,0.24112141108520604,0.5149999999999999,0.6869712471961975,0.0004918237100355327,4.918237100355327e-06,0.013926804065704346,0.0002643667394295335,2.643667394295335e-06,0.0001898258481861992,-0.34723952412605286
UCI,0.01,71,17,0.6871472597122192,0.25362863675089403,0.5149999999999999,0.6864849328994751,0.0004244065494276583,4.2440654942765835e-06,0.013937419280409813,0.00026683619944378734,2.6683619944378734e-06,0.00019145309047195524,-0.3532125949859619
UCI,0.01,71,18,0.6860358715057373,0.28867513459481287,0.5149999999999999,0.685988187789917,0.0003674484614748508,3.674484614748508e-06,0.014058025553822517,0.0002694674476515502,2.6946744765155017e-06,0.0001916822861218084,-0.35020458698272705
UCI,0.01,71,19,0.685879111289978,0.22808577638091165,0.5199999999999999,0.6854637861251831,0.0003196540637873113,3.1965406378731132e-06,0.014233412221074104,0.0002721100754570216,2.721100754570216e-06,0.00019117697937121026,-0.340011328458786
UCI,0.01,71,20,0.6834816336631775,0.24112141108520604,0.5199999999999999,0.6849308013916016,0.00027964814216829836,2.7964814216829835e-06,0.014412067830562592,0.000274544843705371,2.74544843705371e-06,0.00019049649705586615,-0.3272828161716461
UCI,0.01,71,21,0.6844301819801331,0.25362863675089403,0.5199999999999999,0.6843527555465698,0.0002463815617375076,2.4638156173750757e-06,0.014665164053440094,0.00027669183327816427,2.7669183327816426e-06,0.00018867285239353257,-0.30549073219299316
UCI,0.01,71,22,0.6833362877368927,0.2773500981126146,0.5199999999999999,0.683754563331604,0.0002186964120483026,2.186964120483026e-06,0.015026206150650978,0.00027838218375109136,2.7838218375109136e-06,0.00018526445129267113,-0.27501338720321655
UCI,0.01,71,23,0.6836332678794861,0.2773500981126146,0.5199999999999999,0.6831086874008179,0.00019573525059968233,1.957352505996823e-06,0.015361151657998562,0.0002796945336740464,2.796945336740464e-06,0.00018207914347906934,-0.24107049405574799
UCI,0.01,71,24,0.6826734840869904,0.28867513459481287,0.5199999999999999,0.6824432611465454,0.00017680552264209837,1.7680552264209837e-06,0.015855666249990463,0.00028050102991983294,2.8050102991983294e-06,0.00017690901504690895,-0.19793491065502167
UCI,0.01,71,25,0.6824756264686584,0.2997004492513102,0.5199999999999999,0.6817340850830078,0.00016136918566189706,1.6136918566189706e-06,0.016127904877066612,0.0002810634032357484,2.8106340323574844e-06,0.00017427149116895649,-0.15977755188941956
UCI,0.01,71,26,0.6820805370807648,0.2997004492513102,0.5199999999999999,0.680993378162384,0.00014896290667820722,1.4896290667820722e-06,0.016289567574858665,0.00028137030312791467,2.813703031279147e-06,0.0001727303698117695,-0.1225130632519722
UCI,0.01,71,27,0.6813033223152161,0.28867513459481287,0.5199999999999999,0.6802216172218323,0.00013913845759816468,1.3913845759816468e-06,0.016583269461989403,0.00028131366707384586,2.8131366707384586e-06,0.00016963703551862698,-0.07662840187549591
UCI,0.01,71,28,0.6778644025325775,0.28322059201851035,0.5149999999999999,0.6794500350952148,0.00013143406249582767,1.3143406249582768e-06,0.016438862308859825,0.00028129355632700026,2.8129355632700025e-06,0.00017111497805745072,-0.04717753082513809
UCI,0.01,71,29,0.6762602031230927,0.2997004492513102,0.5149999999999999,0.678682267665863,0.0001256890973309055,1.256890973309055e-06,0.016436126083135605,0.000281245302176103,2.8124530217610302e-06,0.00017111410605731274,-0.006050911266356707
UCI,0.01,71,30,0.677206814289093,0.30338993810845893,0.5099999999999999,0.6778997182846069,0.00012163311475887895,1.2163311475887895e-06,0.017098935320973396,0.00028108598780818284,2.8108598780818285e-06,0.00016438800576279469,0.06600309163331985
UCI,0.01,71,31,0.6776516139507294,0.3104602102825332,0.5099999999999999,0.6771447658538818,0.00011872085451614112,1.1872085451614113e-06,0.01714284159243107,0.000280932494206354,2.80932494206354e-06,0.00016387743694160466,0.1177736222743988
UCI,0.01,71,32,0.6769633889198303,0.30547686060781526,0.5049999999999999,0.6764456033706665,0.00011692249972838908,1.1692249972838908e-06,0.01882055215537548,0.0002806322881951928,2.8063228819519283e-06,0.0001491094872660467,0.19635823369026184
UCI,0.01,71,33,0.673915684223175,0.30547686060781526,0.49999999999999994,0.6757662892341614,0.00011563493899302557,1.1563493899302558e-06,0.019170427694916725,0.00028034791466780007,2.8034791466780006e-06,0.00014623978094246574,0.23437224328517914
UCI,0.01,71,34,0.6739218533039093,0.3312945782245396,0.49499999999999994,0.6751089096069336,0.00011479760723887011,1.1479760723887012e-06,0.019664904102683067,0.0002798737841658294,2.7987378416582945e-06,0.000142321458932334,0.268294095993042
UCI,0.01,71,35,0.6773480176925659,0.3209833376209784,0.48999999999999994,0.674457848072052,0.0001140824897447601,1.140824897447601e-06,0.01727535016834736,0.00027952870004810393,2.7952870004810393e-06,0.0001618078344717252,0.263709157705307
UCI,0.01,71,36,0.6752539277076721,0.34141531479696996,0.4799999999999999,0.6738407611846924,0.00011339466436766088,1.1339466436766088e-06,0.012202099896967411,0.0002796882763504982,2.796882763504982e-06,0.00022921323273218666,0.16470380127429962
UCI,0.01,71,37,0.6744599342346191,0.3312945782245396,0.4749999999999999,0.6732785105705261,0.00011307767999824136,1.1307767999824136e-06,0.010371727868914604,0.0002800589136313647,2.800589136313647e-06,0.0002700214633192769,0.057829514145851135
UCI,0.01,71,38,0.6750770211219788,0.3312945782245396,0.4699999999999999,0.6727317571640015,0.00011316029849695042,1.1316029849695043e-06,0.010808035731315613,0.00028081631171517074,2.8081631171517074e-06,0.0002598217832510702,0.05872521921992302
UCI,0.01,71,39,0.6744525730609894,0.34141531479696996,0.4649999999999999,0.6721710562705994,0.00011323449871269986,1.1323449871269986e-06,0.011753667145967484,0.00028193712932989,2.8193712932989e-06,0.00023987162970377177,0.06931986659765244
UCI,0.01,71,40,0.6707344651222229,0.3246172270321178,0.4599999999999999,0.6715676188468933,0.0001136556820711121,1.136556820711121e-06,0.013429298996925354,0.0002833125472534448,2.833125472534448e-06,0.00021096599853671392,0.12367682158946991
UCI,0.01,89,1,0.6919166445732117,0.16807316136320358,0.5099999999999999,0.6917654871940613,0.004808939062058926,4.808939062058926e-05,0.01182572077959776,0.0004454512964002788,4.454512964002788e-06,0.0003766800389611688,-0.14421746134757996
UCI,0.01,89,2,0.692215770483017,0.16487498971248796,0.48999999999999994,0.6914921402931213,0.004084638319909573,4.084638319909573e-05,0.011621072888374329,0.00040747056482359767,4.074705648235977e-06,0.00035063076252729597,-0.17262504994869232
UCI,0.01,89,3,0.691705733537674,0.1655211777204736,0.49999999999999994,0.6912386417388916,0.0034549736883491278,3.4549736883491276e-05,0.011428077705204487,0.00037763567524962127,3.776356752496213e-06,0.00033044549135121943,-0.2135835587978363
UCI,0.01,89,4,0.6910763680934906,0.1655211777204736,0.49999999999999994,0.6909886598587036,0.00291394698433578,2.9139469843357803e-05,0.01126013696193695,0.000353990908479318,3.5399090847931804e-06,0.000314375313262997,-0.254705548286438
UCI,0.01,89,5,0.6910380125045776,0.1709786436730771,0.49999999999999994,0.6907291412353516,0.0024525129701942205,2.4525129701942207e-05,0.011089399456977844,0.0003358864050824195,3.3588640508241952e-06,0.00030288962570562634,-0.2974052429199219
UCI,0.01,89,6,0.6901417374610901,0.1846372364689991,0.5249999999999999,0.6904758810997009,0.0020610729698091745,2.0610729698091746e-05,0.010953894816339016,0.0003217206976842135,3.217206976842135e-06,0.00029370438832800315,-0.3345779478549957
UCI,0.01,89,7,0.6907858550548553,0.175919798853417,0.48499999999999993,0.6902080178260803,0.0017299037426710129,1.729903742671013e-05,0.010812231339514256,0.00031113537261262536,3.1113537261262537e-06,0.00028776240800134717,-0.3714432418346405
UCI,0.01,89,8,0.6899453103542328,0.1655211777204736,0.5049999999999999,0.6899433135986328,0.0014505548169836402,1.4505548169836403e-05,0.010688033886253834,0.00030333781614899635,3.0333781614899636e-06,0.0002838106796602949,-0.40785831212997437
UCI,0.01,89,9,0.6899327337741852,0.1846372364689991,0.5349999999999999,0.6896666288375854,0.0012162060011178255,1.2162060011178255e-05,0.01056401152163744,0.0002978332922793925,2.978332922793925e-06,0.00028193200250621066,-0.44302839040756226
UCI,0.01,89,10,0.6893312335014343,0.22587697572631282,0.4799999999999999,0.6893843412399292,0.0010208622552454472,1.0208622552454473e-05,0.010453639551997185,0.00029414574964903295,2.9414574964903297e-06,0.00028138118612750136,-0.47588294744491577
UCI,0.01,89,11,0.6892010271549225,0.18699392279626206,0.4799999999999999,0.6890934705734253,0.0008592779631726444,8.592779631726445e-06,0.01033768430352211,0.0002920054248534143,2.920054248534143e-06,0.0002824669590209157,-0.5057029724121094
UCI,0.01,89,12,0.6897702515125275,0.1892583246525563,0.5049999999999999,0.6887972950935364,0.0007264508749358356,7.264508749358356e-06,0.010228256694972515,0.00029109278693795204,2.9109278693795205e-06,0.00028459667724318316,-0.5326306223869324
UCI,0.01,89,13,0.6886546611785889,0.20085883379503597,0.5049999999999999,0.688506543636322,0.0006176214665174484,6.176214665174484e-06,0.010147197172045708,0.0002910835901275277,2.910835901275277e-06,0.0002868610762087363,-0.554945170879364
UCI,0.01,89,14,0.6874184608459473,0.23280223035107195,0.4749999999999999,0.6882126927375793,0.000528358097653836,5.28358097653836e-06,0.010072218254208565,0.0002918319369200617,2.918319369200617e-06,0.0002897394889135995,-0.5732021927833557
UCI,0.01,89,15,0.6886625289916992,0.19728305039201205,0.5049999999999999,0.6878960132598877,0.0004548310535028577,4.548310535028577e-06,0.009983798488974571,0.00029328957316465676,2.9328957316465675e-06,0.00029376551769203456,-0.5878815650939941
UCI,0.01,89,16,0.6886885464191437,0.19728305039201205,0.5049999999999999,0.6875788569450378,0.0003935947606805712,3.935947606805712e-06,0.009908473119139671,0.00029506985447369516,2.9506985447369515e-06,0.0002977954836489634,-0.5989137291908264
UCI,0.01,89,17,0.687471866607666,0.23280223035107195,0.4699999999999999,0.6872631907463074,0.00034216450876556337,3.4216450876556337e-06,0.0098520927131176,0.0002970070927403867,2.9700709274038673e-06,0.00030146599447337285,-0.6050387024879456
UCI,0.01,89,18,0.6865589618682861,0.20085883379503597,0.5099999999999999,0.6869325041770935,0.0002989268978126347,2.989268978126347e-06,0.009802456945180893,0.00029907157295383513,2.9907157295383515e-06,0.00030509858357589156,-0.6057567000389099
UCI,0.01,89,19,0.6874927878379822,0.20478889182363452,0.5199999999999999,0.6865847706794739,0.00026275592972524464,2.6275592972524464e-06,0.009720162488520145,0.000301157619105652,3.0115761910565198e-06,0.0003098277620989667,-0.6014933586120605
UCI,0.01,89,20,0.6871506571769714,0.2316661873125233,0.4649999999999999,0.6862277388572693,0.00023274710110854357,2.3274710110854357e-06,0.00965922325849533,0.0003031003288924694,3.031003288924694e-06,0.00031379368794058187,-0.5907723903656006
UCI,0.01,89,21,0.6859089732170105,0.20085883379503597,0.5099999999999999,0.6858586668968201,0.00020822686201427132,2.0822686201427132e-06,0.009591963142156601,0.0003047923091799021,3.0479230917990207e-06,0.00031775800705524226,-0.5791630148887634
UCI,0.01,89,22,0.6853172481060028,0.23280223035107195,0.4599999999999999,0.6854763031005859,0.0001887175749288872,1.8871757492888718e-06,0.00950672198086977,0.00030626816442236304,3.0626816442236305e-06,0.00032215958880322973,-0.5604538321495056
UCI,0.01,107,1,0.6964406073093414,0.0,0.05,0.6959210634231567,0.0035995165817439556,3.5995165817439556e-05,0.01683182269334793,0.00040361241553910077,4.036124155391008e-06,0.00023979127091126716,0.1353309154510498
UCI,0.01,107,2,0.6963129937648773,0.0,0.05,0.6952494382858276,0.0029432405717670918,2.9432405717670918e-05,0.015934942290186882,0.00037318788236007094,3.7318788236007096e-06,0.00023419468709961314,0.11708567291498184
UCI,0.01,107,3,0.6952922940254211,0.0,0.05,0.6946214437484741,0.0023824425879865885,2.3824425879865886e-05,0.015126529149711132,0.00034956526360474527,3.495652636047453e-06,0.00023109416584928927,0.09254894405603409
UCI,0.01,107,4,0.6948331594467163,0.0,0.05,0.6940374374389648,0.0019088011467829347,1.9088011467829345e-05,0.014476414769887924,0.0003319124225527048,3.3191242255270483e-06,0.00022927805525654643,0.06036316975951195
UCI,0.01,107,5,0.6935233771800995,0.1846372364689991,0.48499999999999993,0.6934959888458252,0.0015139707829803228,1.5139707829803229e-05,0.013929907232522964,0.00031912612030282617,3.191261203028262e-06,0.00022909421791248105,0.02380913868546486
UCI,0.01,107,6,0.6935870945453644,0.186858321674153,0.48499999999999993,0.6929854154586792,0.0011905430583283305,1.1905430583283305e-05,0.013521349057555199,0.00031006033532321453,3.1006033532321453e-06,0.00022931168628470913,-0.01867309957742691
UCI,0.01,107,7,0.6927424371242523,0.17323973216880925,0.48999999999999994,0.692497968673706,0.0009308572043664753,9.308572043664754e-06,0.013197897002100945,0.0003037205897271633,3.0372058972716333e-06,0.00023012801939491928,-0.06385478377342224
UCI,0.01,107,8,0.6923252642154694,0.14595127662315596,0.48999999999999994,0.6920303702354431,0.000726619444321841,7.26619444321841e-06,0.012970708310604095,0.00029947274015285075,2.9947274015285076e-06,0.00023088387540718904,-0.11136291921138763
UCI,0.01,107,9,0.6919795572757721,0.19781414201873612,0.49499999999999994,0.691566526889801,0.0005692543345503509,5.6925433455035096e-06,0.012814369052648544,0.00029701535822823644,2.9701535822823643e-06,0.00023178305307731687,-0.1604578047990799
UCI,0.01,107,10,0.6913721561431885,0.19367011027991354,0.49999999999999994,0.6911138296127319,0.0004501350922510028,4.501350922510028e-06,0.012726837769150734,0.0002961157588288188,2.961157588288188e-06,0.00023267033351096036,-0.20893864333629608
UCI,0.01,107,11,0.6907682120800018,0.17897494805707315,0.49999999999999994,0.6906721591949463,0.00036094189272262156,3.6094189272262157e-06,0.012711326591670513,0.0002965529274661094,2.965529274661094e-06,0.00023329817334756767,-0.25555410981178284
UCI,0.01,107,12,0.6905177235603333,0.21063058936525558,0.5049999999999999,0.6902150511741638,0.0002944281732197851,2.944281732197851e-06,0.01273562666028738,0.00029806376551277936,2.9806376551277938e-06,0.00023403933976975857,-0.300737202167511
UCI,0.01,107,13,0.6900585889816284,0.19367011027991354,0.5099999999999999,0.6897504329681396,0.0002446364378556609,2.4463643785566092e-06,0.01281303446739912,0.0003003230958711356,3.003230958711356e-06,0.00023438873643496667,-0.34321650862693787
UCI,0.01,107,14,0.6902818083763123,0.1846372364689991,0.5449999999999999,0.6892715096473694,0.00020717371080536395,2.0717371080536396e-06,0.012923437170684338,0.00030304392566904426,3.0304392566904427e-06,0.00023449173905257367,-0.38158395886421204
UCI,0.01,107,15,0.6885421872138977,0.2044398826909146,0.5149999999999999,0.6887930631637573,0.00017902236140798777,1.7902236140798777e-06,0.013085177168250084,0.0003060291346628219,3.060291346628219e-06,0.00023387465888148,-0.41393065452575684
UCI,0.01,107,16,0.6879879534244537,0.19781414201873612,0.5149999999999999,0.6882836818695068,0.00015836967213544995,1.5836967213544994e-06,0.013266225345432758,0.0003093646082561463,3.093646082561463e-06,0.00023319716060955732,-0.44045987725257874
UCI,0.01,107,17,0.688342422246933,0.23655309301829208,0.5199999999999999,0.6877325773239136,0.00014388628187589347,1.4388628187589349e-06,0.013473435305058956,0.000312989141093567,3.12989141093567e-06,0.00023230091955542102,-0.4583919644355774
UCI,0.01,107,18,0.6881864368915558,0.2087912087912088,0.5199999999999999,0.687153697013855,0.00013435907021630555,1.3435907021630556e-06,0.013720775954425335,0.0003166407404933125,3.166407404933125e-06,0.00023077465993545868,-0.46522754430770874
UCI,0.01,107,19,0.6875104904174805,0.23280223035107195,0.5249999999999999,0.6865512132644653,0.00012873807281721383,1.2873807281721384e-06,0.014012721367180347,0.00032016626209951937,3.201662620995194e-06,0.00022848257216431296,-0.4610069692134857
UCI,0.01,107,20,0.6849790811538696,0.21517402008629544,0.5299999999999999,0.6859238743782043,0.00012603624782059342,1.2603624782059341e-06,0.014319033361971378,0.00032353700953535736,3.2353700953535736e-06,0.00022594891802864986,-0.4503825604915619
UCI,0.01,107,21,0.6854975521564484,0.2557925102245004,0.5299999999999999,0.6852372288703918,0.00012576875451486558,1.2576875451486558e-06,0.014731395058333874,0.0003267998981755227,3.2679989817552267e-06,0.00022183907015014493,-0.4212426245212555
UCI,0.01,107,22,0.6840139031410217,0.21517402008629544,0.5349999999999999,0.684503436088562,0.0001269712665816769,1.269712665816769e-06,0.015205682255327702,0.00033000882831402123,3.3000882831402122e-06,0.00021702993839582183,-0.38434839248657227
UCI,0.01,107,23,0.6849702894687653,0.25784170064485096,0.5349999999999999,0.6837208271026611,0.00012920424342155457,1.2920424342155456e-06,0.015956053510308266,0.0003331697662360966,3.3316976623609665e-06,0.00020880461827284253,-0.32476291060447693
UCI,0.01,107,24,0.6846200227737427,0.2664693550105965,0.5349999999999999,0.6828858256340027,0.00013162042887415737,1.3162042887415736e-06,0.016733797267079353,0.00033637616434134543,3.3637616434134543e-06,0.00020101603896152323,-0.2706119120121002
UCI,0.01,107,25,0.6831489205360413,0.2542872819425528,0.5349999999999999,0.6820036768913269,0.00013392267283052206,1.3392267283052207e-06,0.017755385488271713,0.000339480146067217,3.39480146067217e-06,0.0001911984092327705,-0.21247676014900208
UCI,0.01,107,26,0.6819413602352142,0.2429493573646624,0.5349999999999999,0.6810582876205444,0.00013600049715023488,1.3600049715023488e-06,0.019041720777750015,0.0003425180912017822,3.4251809120178225e-06,0.00017987769865946668,-0.15112406015396118
UCI,0.01,107,27,0.679488867521286,0.2472066162365221,0.5399999999999999,0.6800593137741089,0.00013784512702841312,1.3784512702841311e-06,0.02104075998067856,0.0003453098761383444,3.4530987613834443e-06,0.00016411473561574666,-0.07544851303100586
UCI,0.01,107,28,0.6800507009029388,0.2542872819425528,0.5349999999999999,0.6789473295211792,0.0001394489372614771,1.3944893726147712e-06,0.023554453626275063,0.00034787904587574303,3.4787904587574304e-06,0.00014769140961422384,-0.001764226472005248
UCI,0.01,107,29,0.6768210232257843,0.2684624220856097,0.5349999999999999,0.6777282953262329,0.00014044252748135477,1.4044252748135477e-06,0.02533874101936817,0.00035032283631153405,3.5032283631153407e-06,0.00013825581785762673,0.0373142845928669
UCI,0.01,107,30,0.6787860095500946,0.2650356625796317,0.5299999999999999,0.6763943433761597,0.00014136085519567132,1.4136085519567132e-06,0.028098559007048607,0.0003519150195643306,3.519150195643306e-06,0.0001252430843432404,0.087387815117836
UCI,0.01,107,31,0.6766934990882874,0.25784170064485096,0.5299999999999999,0.6748765707015991,0.0001417496969224885,1.4174969692248852e-06,0.029439767822623253,0.0003530099056661129,3.530099056661129e-06,0.00011990920165981719,0.10135907679796219
UCI,0.01,107,32,0.6756910085678101,0.27639921950277474,0.5199999999999999,0.6731756925582886,0.0001418126921635121,1.4181269216351211e-06,0.02953408844769001,0.00035340519389137626,3.5340519389137627e-06,0.00011966009870841896,0.0869634822010994
UCI,0.01,107,33,0.6715341508388519,0.2684624220856097,0.5149999999999999,0.6712950468063354,0.0001415589067619294,1.415589067619294e-06,0.028504567220807076,0.00035294468398205936,3.5294468398205935e-06,0.00012382039735878722,0.03420591354370117
UCI,0.01,107,34,0.66995769739151,0.2684624220856097,0.5099999999999999,0.6692101359367371,0.00014131706848274916,1.4131706848274917e-06,0.02854977920651436,0.00035080406814813614,3.5080406814813614e-06,0.00012287452929516572,-0.008253349922597408
UCI,0.01,107,35,0.6687867641448975,0.2484646732989441,0.5199999999999999,0.6668848395347595,0.00014086002192925662,1.4086002192925662e-06,0.028921622782945633,0.00034773291554301977,3.4773291554301976e-06,0.00012023285074725105,-0.06836452335119247
UCI,0.01,107,36,0.6654538810253143,0.2650356625796317,0.49499999999999994,0.664239227771759,0.00014029027079232037,1.4029027079232038e-06,0.03079283982515335,0.00034379985299892724,3.4379985299892722e-06,0.00011164928436320832,-0.06725511699914932
UCI,0.01,107,37,0.6647264063358307,0.2472066162365221,0.49499999999999994,0.6612521409988403,0.00013957616465631872,1.3957616465631872e-06,0.03468473255634308,0.0003404886811040342,3.404886811040342e-06,9.816673101080788e-05,0.0150060523301363
UCI,0.01,107,38,0.6614994406700134,0.2472066162365221,0.48999999999999994,0.6579494476318359,0.00013854214921593666,1.3854214921593666e-06,0.03499317914247513,0.00033812166657298803,3.3812166657298804e-06,9.662502089230642e-05,-0.038330078125
UCI,0.01,107,39,0.6569188237190247,0.2790727860929738,0.48499999999999993,0.6543457508087158,0.00013766268966719508,1.3766268966719508e-06,0.037087514996528625,0.0003369224723428488,3.369224723428488e-06,9.084525409005823e-05,0.0041820090264081955
UCI,0.01,107,40,0.6543808579444885,0.2472066162365221,0.48499999999999993,0.6505765318870544,0.0001371661783196032,1.3716617831960321e-06,0.05827595293521881,0.00033925368916243315,3.3925368916243317e-06,5.821503932154608e-05,0.19943715631961823
UCI,0.01,131,1,0.6964574754238129,0.03316790634033297,0.4599999999999999,0.6957387924194336,0.0025533700827509165,2.5533700827509166e-05,0.019468098878860474,0.0003039939037989825,3.0399390379898253e-06,0.00015614976361614627,0.02509996108710766
UCI,0.01,131,2,0.6959128379821777,0.09899678265684461,0.4599999999999999,0.6949453353881836,0.0021009151823818684,2.1009151823818683e-05,0.018537964671850204,0.0002945606829598546,2.945606829598546e-06,0.0001588959134263231,0.008178722113370895
UCI,0.01,131,3,0.694238156080246,0.10994987428338562,0.4599999999999999,0.6942126154899597,0.0017195160035043955,1.7195160035043957e-05,0.017660627141594887,0.0002880323736462742,2.880323736462742e-06,0.00016309294757029942,-0.016986355185508728
UCI,0.01,131,4,0.6946577727794647,0.14990633779917228,0.48499999999999993,0.693538248538971,0.0013993128668516874,1.3993128668516874e-05,0.016857506707310677,0.00028367675258778036,2.8367675258778035e-06,0.00016827918713789204,-0.04921590909361839
UCI,0.01,131,5,0.6937925219535828,0.1846372364689991,0.48999999999999994,0.692880392074585,0.0011324314400553703,1.1324314400553703e-05,0.01606457494199276,0.00028102705255150795,2.8102705255150796e-06,0.00017493587820795927,-0.08844564855098724
UCI,0.01,131,6,0.693321943283081,0.09899678265684461,0.4649999999999999,0.6922467350959778,0.0009126479853875935,9.126479853875936e-06,0.015298725105822086,0.00027971257804892957,2.7971257804892956e-06,0.00018283391335823274,-0.1332675665616989
UCI,0.01,131,7,0.6917698681354523,0.10994987428338562,0.4649999999999999,0.6916261911392212,0.0007340916199609637,7.340916199609637e-06,0.014538319781422615,0.0002793978783302009,2.7939787833020092e-06,0.00019218030868135236,-0.18294982612133026
UCI,0.01,131,8,0.6924647688865662,0.16807316136320358,0.5099999999999999,0.6910361647605896,0.0005909604369662702,5.909604369662702e-06,0.013828258961439133,0.000279759377008304,2.79759377008304e-06,0.00020230990596027204,-0.2355133295059204
UCI,0.01,131,9,0.690806657075882,0.2,0.5149999999999999,0.6904602646827698,0.0004775216802954674,4.775216802954674e-06,0.013118833303451538,0.0002806136035360396,2.806136035360396e-06,0.00021390134095400904,-0.29092055559158325
UCI,0.01,131,10,0.6900513172149658,0.14808721943977307,0.49999999999999994,0.6899195909500122,0.0003886595368385315,3.886595368385315e-06,0.012462499551475048,0.000281842309050262,2.8184230905026197e-06,0.00022615231229188162,-0.3462658226490021
UCI,0.01,131,11,0.6898649036884308,0.16807316136320358,0.5299999999999999,0.6894190907478333,0.0003199288039468229,3.1992880394682287e-06,0.01189499907195568,0.0002834355691447854,2.834355691447854e-06,0.00023828128731260607,-0.39840102195739746
UCI,0.01,131,12,0.6889975666999817,0.1846372364689991,0.5349999999999999,0.6889218688011169,0.00026757095474749804,2.6757095474749806e-06,0.011347540654242039,0.0002853850310202688,2.853850310202688e-06,0.00025149505052760805,-0.44893860816955566
UCI,0.01,131,13,0.6893398463726044,0.14990633779917228,0.5449999999999999,0.6884345412254333,0.00022838544100522995,2.2838544100522995e-06,0.010834774933755398,0.0002875414793379605,2.875414793379605e-06,0.00026538758866336405,-0.4955942630767822
UCI,0.01,131,14,0.6891698241233826,0.1846372364689991,0.5499999999999999,0.6879652738571167,0.0001996014907490462,1.996014907490462e-06,0.010384638793766499,0.0002898035163525492,2.898035163525492e-06,0.0002790694237015804,-0.5359116196632385
UCI,0.01,131,15,0.6882450580596924,0.16807316136320358,0.5599999999999999,0.6875022649765015,0.00017896867939271033,1.7896867939271032e-06,0.009993968531489372,0.00029214302776381373,2.9214302776381374e-06,0.0002923193392527888,-0.5677142143249512
UCI,0.01,131,16,0.687208741903305,0.12090832578915783,0.4699999999999999,0.687053382396698,0.0001646280288696289,1.6462802886962891e-06,0.009718338958919048,0.00029451484442688525,2.9451484442688524e-06,0.0003030505991526391,-0.5850226879119873
UCI,0.01,131,17,0.6877706944942474,0.1846372364689991,0.575,0.6866195201873779,0.00015501206507906318,1.5501206507906317e-06,0.009582177735865116,0.00029680150328204036,2.9680150328204036e-06,0.00030974326657617977,-0.5837700963020325
UCI,0.01,149,1,0.692950576543808,0.16993235521110622,0.5149999999999999,0.6922990083694458,0.0037193289026618004,3.7193289026618e-05,0.01583085209131241,0.00038207738543860614,3.820773854386062e-06,0.0002413498548497469,-0.2757933437824249
UCI,0.01,149,2,0.6916138827800751,0.10768601458875716,0.5299999999999999,0.6917353272438049,0.0031321567948907614,3.132156794890762e-05,0.01551670953631401,0.0003629931597970426,3.629931597970426e-06,0.0002339369432336951,-0.30174076557159424
UCI,0.01,149,3,0.6913711428642273,0.17740004829626463,0.5449999999999999,0.6912144422531128,0.002631282201036811,2.631282201036811e-05,0.015270577743649483,0.00034729312756098807,3.472931275609881e-06,0.00022742631836926772,-0.3300265967845917
UCI,0.01,149,4,0.6909042000770569,0.16807316136320358,0.5499999999999999,0.6906806230545044,0.0022102505899965763,2.2102505899965765e-05,0.015032303519546986,0.0003345069708302617,3.345069708302617e-06,0.00022252542359545334,-0.3595823347568512
UCI,0.01,149,5,0.6897864639759064,0.14149998919097348,0.5299999999999999,0.6901604533195496,0.001859867013990879,1.8598670139908792e-05,0.014821230433881283,0.0003242756356485188,3.2427563564851883e-06,0.00021879130554992642,-0.38886332511901855
UCI,0.01,149,6,0.6897117793560028,0.1649572197684645,0.5549999999999999,0.6896589994430542,0.0015693535096943378,1.569353509694338e-05,0.01466672495007515,0.00031621140078641474,3.1621140078641475e-06,0.00021559782559690978,-0.4169921576976776
UCI,0.01,149,7,0.6890425086021423,0.17712297710801905,0.5599999999999999,0.689174234867096,0.0013284088345244527,1.3284088345244527e-05,0.014563487842679024,0.0003100583562627435,3.100583562627435e-06,0.00021290116736603584,-0.4421946704387665
UCI,0.01,149,8,0.6887733936309814,0.17740004829626463,0.565,0.688683271408081,0.0011285613290965557,1.1285613290965558e-05,0.014490603469312191,0.0003055565757676959,3.055565757676959e-06,0.0002108653213889921,-0.46422508358955383
UCI,0.01,149,9,0.6888073682785034,0.17740004829626463,0.57,0.6881802082061768,0.0009632410947233438,9.632410947233438e-06,0.01444690115749836,0.00030244782101362944,3.0244782101362943e-06,0.00020935134650426417,-0.4829619228839874
UCI,0.01,149,10,0.688406378030777,0.17740004829626463,0.575,0.6876567006111145,0.0008271877304650843,8.271877304650843e-06,0.014413825236260891,0.0003004757745657116,3.0047577456571162e-06,0.00020846358939457935,-0.49927347898483276
UCI,0.01,149,11,0.6878486275672913,0.17712297710801905,0.58,0.6871250867843628,0.0007158340304158628,7.158340304158628e-06,0.014414372853934765,0.00029927585273981094,2.9927585273981097e-06,0.0002076232214696154,-0.5125710368156433
UCI,0.01,173,1,0.6960646510124207,0.10540925533894598,0.5399999999999999,0.695343017578125,0.0057839504443109035,5.7839504443109035e-05,0.019429445266723633,0.0004705940664280206,4.705940664280206e-06,0.0002422066404716126,0.23635399341583252
UCI,0.01,173,2,0.696318507194519,0.10540925533894598,0.5399999999999999,0.6948267221450806,0.005103396251797676,5.1033962517976764e-05,0.018681855872273445,0.0004491247236728668,4.491247236728669e-06,0.00024040690964725428,0.23234917223453522
UCI,0.01,173,3,0.6942227780818939,0.3312945782245396,0.5349999999999999,0.6943212151527405,0.004504894372075796,4.504894372075796e-05,0.017990726977586746,0.0004305676557123661,4.305676557123661e-06,0.0002393275470461961,0.226771280169487
UCI,0.01,173,4,0.694670557975769,0.3104602102825332,0.5349999999999999,0.6938489675521851,0.0039802435785532,3.9802435785532e-05,0.01738525554537773,0.000413808214943856,4.13808214943856e-06,0.00023802250928308985,0.2181987315416336
UCI,0.01,173,5,0.6941437423229218,0.2773500981126146,0.5349999999999999,0.6933912634849548,0.003520942060276866,3.520942060276866e-05,0.016822587698698044,0.00039870600448921323,3.987060044892132e-06,0.00023700634624723664,0.20758596062660217
UCI,0.01,173,6,0.6937295198440552,0.2656844656620286,0.5349999999999999,0.6929401755332947,0.003119270084425807,3.119270084425807e-05,0.016299666836857796,0.00038468450657092035,3.846845065709203e-06,0.00023600758863429551,0.19506070017814636
UCI,0.01,173,7,0.6920842826366425,0.34141531479696996,0.5299999999999999,0.6925036907196045,0.002768367063254118,2.768367063254118e-05,0.015812156721949577,0.00037158664781600237,3.7158664781600236e-06,0.00023500061019518352,0.18071386218070984
UCI,0.01,173,8,0.6931151747703552,0.3209833376209784,0.5299999999999999,0.6920946836471558,0.0024620979093015194,2.4620979093015195e-05,0.015384811908006668,0.0003589182160794735,3.589182160794735e-06,0.00023329386035111867,0.16433386504650116
UCI,0.01,173,9,0.6925995349884033,0.3104602102825332,0.5299999999999999,0.6917057037353516,0.0021945300977677107,2.1945300977677108e-05,0.014977451413869858,0.00034734548535197973,3.4734548535197973e-06,0.00023191227649740242,0.14653505384922028
UCI,0.01,173,10,0.6919563412666321,0.35136418446315326,0.5249999999999999,0.6913203001022339,0.0019606088753789663,1.9606088753789662e-05,0.01458462793380022,0.00033688460825942457,3.3688460825942456e-06,0.00023098608328477583,0.12679781019687653
UCI,0.01,173,11,0.6910967528820038,0.35136418446315326,0.5249999999999999,0.6909287571907043,0.0017557496903464198,1.7557496903464198e-05,0.014193164184689522,0.0003275555500295013,3.275555500295013e-06,0.00023078402093230392,0.10457087308168411
UCI,0.01,173,12,0.6909329295158386,0.3209833376209784,0.5249999999999999,0.6905397176742554,0.001575802220031619,1.575802220031619e-05,0.01381080225110054,0.0003191757423337549,3.191757423337549e-06,0.00023110586664747934,0.08004451543092728
UCI,0.01,173,13,0.6902318000793457,0.3209833376209784,0.5249999999999999,0.6901630163192749,0.0014169857604429126,1.4169857604429127e-05,0.013434803113341331,0.0003117556916549802,3.117556916549802e-06,0.00023205080790904446,0.05325670540332794
UCI,0.01,173,14,0.6904914975166321,0.35136418446315326,0.5199999999999999,0.6897804737091064,0.0012761596590280533,1.2761596590280533e-05,0.013040442951023579,0.00030535765108652413,3.053576510865241e-06,0.00023416202366236018,0.0236886665225029
UCI,0.01,173,15,0.6899858117103577,0.35136418446315326,0.5199999999999999,0.6894128322601318,0.0011509447358548641,1.1509447358548642e-05,0.012645088136196136,0.00029977475060150027,2.997747506015003e-06,0.0002370681385315182,-0.0077264378778636456
UCI,0.01,173,16,0.6886655390262604,0.36115755925730764,0.5149999999999999,0.6890462040901184,0.0010393622796982527,1.0393622796982528e-05,0.01221382711082697,0.00029516330687329173,2.951633068732917e-06,0.00024166324297454945,-0.04239508882164955
UCI,0.01,173,17,0.6879546344280243,0.36115755925730764,0.5149999999999999,0.688684344291687,0.0009399834088981152,9.399834088981152e-06,0.01176489982753992,0.00029110562172718346,2.9110562172718347e-06,0.0002474356994062521,-0.0785951167345047
UCI,0.01,173,18,0.688852995634079,0.36115755925730764,0.5149999999999999,0.6883524656295776,0.0008516709203831851,8.516709203831852e-06,0.0113908052444458,0.0002872470358852297,2.872470358852297e-06,0.00025217447732704624,-0.10717043280601501
UCI,0.01,173,19,0.688867062330246,0.36115755925730764,0.5149999999999999,0.6880104541778564,0.0007725855684839189,7.72585568483919e-06,0.010932082310318947,0.0002840941306203604,2.8409413062036037e-06,0.0002598719279237405,-0.13972800970077515
UCI,0.01,173,20,0.6878419816493988,0.36115755925730764,0.5099999999999999,0.6876725554466248,0.0007016665185801685,7.016665185801685e-06,0.010414453223347664,0.00028145231772214174,2.8145231772214174e-06,0.00027025165093753293,-0.1766427606344223
UCI,0.01,173,21,0.6870427429676056,0.36115755925730764,0.5099999999999999,0.6873508095741272,0.0006381545681506395,6.381545681506395e-06,0.00990190077573061,0.00027906245668418705,2.7906245668418707e-06,0.0002818271592542761,-0.21126879751682281
UCI,0.01,173,22,0.6862788200378418,0.36115755925730764,0.5099999999999999,0.6870209574699402,0.0005810235743410885,5.810235743410885e-06,0.00927646178752184,0.0002771823201328516,2.771823201328516e-06,0.00029880176998702375,-0.2559850811958313
UCI,0.01,173,23,0.6876563429832458,0.36115755925730764,0.5049999999999999,0.6867004036903381,0.0005299554322846234,5.299554322846234e-06,0.008648725226521492,0.0002754605666268617,2.754605666268617e-06,0.0003184984600761234,-0.2935842275619507
UCI,0.01,173,24,0.6862726807594299,0.36115755925730764,0.5049999999999999,0.6863958835601807,0.00048406454152427614,4.840645415242761e-06,0.007974495179951191,0.0002740333729889244,2.740333729889244e-06,0.0003436372670684863,-0.341423362493515
UCI,0.1,11,1,0.6937343776226044,0.23782391693748445,0.4799999999999999,0.6932818293571472,0.005779033061116934,0.0005779033061116934,0.011457158252596855,0.00036431377520784736,3.643137752078474e-05,0.0031797917701387496,-0.09416177868843079
UCI,0.1,11,2,0.693593442440033,0.09523809523809523,0.48499999999999993,0.6928437948226929,0.005126656498759985,0.0005126656498759985,0.01091492734849453,0.00034872160176746547,3.487216017674655e-05,0.0031949053862970864,-0.1006346195936203
UCI,0.1,11,3,0.6936057209968567,0.16682120232032635,0.48499999999999993,0.6924456357955933,0.004538604058325291,0.0004538604058325291,0.010443352162837982,0.00033385748974978924,3.3385748974978927e-05,0.0031968422068327862,-0.111700139939785
UCI,0.1,11,4,0.6926822364330292,0.18411492357966466,0.48999999999999994,0.6920529007911682,0.00400756299495697,0.00040075629949569706,0.00997825525701046,0.000319977174513042,3.1997717451304196e-05,0.003206744729127213,-0.12665970623493195
UCI,0.1,11,5,0.6924573183059692,0.12531595371053228,0.48999999999999994,0.6916971802711487,0.003528587520122528,0.0003528587520122528,0.009579340927302837,0.0003070246602874249,3.070246602874249e-05,0.0032050708145520703,-0.1465752124786377
UCI,0.1,11,6,0.6921292543411255,0.2484646732989441,0.49499999999999994,0.6913691163063049,0.0030980149749666452,0.00030980149749666453,0.009233682416379452,0.0002952149952761829,2.952149952761829e-05,0.0031971534428399517,-0.17106153070926666
UCI,0.1,11,7,0.6916313171386719,0.17323973216880925,0.49999999999999994,0.6910502314567566,0.0027124015614390373,0.00027124015614390375,0.008921084925532341,0.00028476142324507236,2.8476142324507238e-05,0.0031920043988156524,-0.20028206706047058
UCI,0.1,11,8,0.6910699009895325,0.2673939106929519,0.49999999999999994,0.6907750368118286,0.002368407789617777,0.0002368407789617777,0.008679966442286968,0.0002754565211944282,2.754565211944282e-05,0.00317347449469922,-0.2320849597454071
UCI,0.1,11,9,0.690533310174942,0.19493925957690475,0.5049999999999999,0.6904940009117126,0.002062236424535513,0.0002062236424535513,0.008447431959211826,0.00026780302869156003,2.6780302869156005e-05,0.0031702300768403817,-0.26692086458206177
UCI,0.1,11,10,0.6901545822620392,0.22011272658140596,0.5049999999999999,0.690217912197113,0.0017905811546370387,0.00017905811546370387,0.00825162511318922,0.00026169087504968047,2.6169087504968047e-05,0.003171385896232724,-0.3030568063259125
UCI,0.1,11,11,0.6903505027294159,0.21645482913637396,0.5099999999999999,0.6899468898773193,0.0015505205374211073,0.00015505205374211073,0.008100569248199463,0.0002568750933278352,2.5687509332783523e-05,0.003171074593121114,-0.33872735500335693
UCI,0.1,11,12,0.6897788643836975,0.22011272658140596,0.5099999999999999,0.6896874904632568,0.0013393264962360263,0.00013393264962360262,0.007997114211320877,0.00025301790446974337,2.5301790446974338e-05,0.00316386508662795,-0.3717658817768097
UCI,0.1,11,13,0.6902197003364563,0.21645482913637396,0.5149999999999999,0.6894276738166809,0.001154419151134789,0.0001154419151134789,0.007932989858090878,0.0002499714319128543,2.4997143191285433e-05,0.0031510368270281828,-0.4010895788669586
UCI,0.1,11,14,0.6896938681602478,0.22086305214969307,0.5149999999999999,0.6891738176345825,0.0009933734545484185,9.933734545484186e-05,0.007920216768980026,0.00024753756588324904,2.4753756588324907e-05,0.003125388775377258,-0.42472249269485474
UCI,0.1,11,15,0.6887610852718353,0.21645482913637396,0.5199999999999999,0.688922643661499,0.000853842415381223,8.53842415381223e-05,0.007960794493556023,0.000245693139731884,2.4569313973188402e-05,0.0030862891879794635,-0.44119682908058167
UCI,0.1,11,16,0.6892727911472321,0.2684624220856097,0.5199999999999999,0.6886602640151978,0.0007337148999795318,7.337148999795318e-05,0.00801143515855074,0.0002444777055643499,2.444777055643499e-05,0.003051609364938999,-0.451922744512558
UCI,0.1,11,17,0.6888204216957092,0.21645482913637396,0.5249999999999999,0.6883913278579712,0.000630767026450485,6.30767026450485e-05,0.008077743463218212,0.0002437884104438126,2.4378841044381264e-05,0.003018026154877245,-0.4571812152862549
UCI,0.1,11,18,0.6886935532093048,0.21645482913637396,0.5249999999999999,0.6881139278411865,0.0005429587909020483,5.429587909020484e-05,0.008175860159099102,0.00024359498638659716,2.4359498638659716e-05,0.0029794416935506746,-0.4558659493923187
UCI,0.1,11,19,0.6875502467155457,0.25908195902003417,0.5249999999999999,0.6878267526626587,0.0004684011801145971,4.6840118011459714e-05,0.008255873806774616,0.0002438373485347256,2.438373485347256e-05,0.002953501400840662,-0.4530387222766876
UCI,0.1,11,20,0.6880072057247162,0.22086305214969307,0.5249999999999999,0.6875157952308655,0.0004054574528709054,4.0545745287090545e-05,0.008356103673577309,0.00024458003463223577,2.445800346322358e-05,0.0029269626632998594,-0.44375577569007874
UCI,0.1,11,21,0.6871615648269653,0.22011272658140596,0.5249999999999999,0.6871839761734009,0.00035256322007626295,3.5256322007626295e-05,0.008422762155532837,0.0002457376103848219,2.457376103848219e-05,0.0029175418449089064,-0.43491414189338684
UCI,0.1,11,22,0.687442421913147,0.21645482913637396,0.5299999999999999,0.686833381652832,0.0003083676565438509,3.083676565438509e-05,0.008518394082784653,0.0002472050837241113,2.4720508372411134e-05,0.0029020151136668272,-0.418148934841156
UCI,0.1,11,23,0.686360090970993,0.22715542521212734,0.5299999999999999,0.6864674091339111,0.00027165404753759503,2.7165404753759505e-05,0.008665447123348713,0.00024889406631700695,2.4889406631700695e-05,0.002872258785658867,-0.3932664096355438
UCI,0.1,11,24,0.6868745684623718,0.2484646732989441,0.5299999999999999,0.6860786080360413,0.0002414223417872563,2.4142234178725633e-05,0.00880856066942215,0.00025069835828617215,2.5069835828617215e-05,0.002846076307976638,-0.36203834414482117
UCI,0.1,23,1,0.6943539381027222,0.12704247025712678,0.5099999999999999,0.6932576298713684,0.004927838686853647,0.0004927838686853647,0.015032380819320679,0.0003765788278542459,3.765788278542459e-05,0.0025051176681889285,-0.05388355627655983
UCI,0.1,23,2,0.6936380565166473,0.24112141108520604,0.5099999999999999,0.6928355693817139,0.004351885989308357,0.00043518859893083573,0.014436271972954273,0.0003568204992916435,3.5682049929164354e-05,0.0024716942155158287,-0.05779094621539116
UCI,0.1,23,3,0.6933923959732056,0.22808577638091165,0.5099999999999999,0.6924525499343872,0.00383437960408628,0.000383437960408628,0.013960711658000946,0.0003399252309463918,3.399252309463918e-05,0.002434870365305333,-0.07067137956619263
UCI,0.1,23,4,0.6926285624504089,0.23099715105270544,0.5049999999999999,0.692081093788147,0.0033731888979673386,0.0003373188897967339,0.013517463579773903,0.000324791792081669,3.24791792081669e-05,0.0024027569237741685,-0.08209789544343948
UCI,0.1,23,5,0.6922451853752136,0.18576071235199634,0.5049999999999999,0.6917321681976318,0.0029631941579282284,0.0002963194157928229,0.01315444614738226,0.00031196928466670215,3.1196928466670216e-05,0.0023715881396404073,-0.10084155946969986
UCI,0.1,23,6,0.6919939815998077,0.24878652865881878,0.49499999999999994,0.6913870573043823,0.002599486382678151,0.00025994863826781515,0.012819957919418812,0.0003007445193361491,3.007445193361491e-05,0.0023459087871154512,-0.12131783366203308
UCI,0.1,23,7,0.6913503110408783,0.24198422796860888,0.49999999999999994,0.6910561919212341,0.002277173101902008,0.0002277173101902008,0.01252706628292799,0.00029101860127411783,2.9101860127411784e-05,0.0023231185554651443,-0.14390911161899567
UCI,0.1,23,8,0.6913352310657501,0.21989091855183412,0.49999999999999994,0.6907296776771545,0.001992115518078208,0.00019921155180782082,0.012255262583494186,0.00028284822474233806,2.828482247423381e-05,0.002307973597589724,-0.17158858478069305
UCI,0.1,23,9,0.6913511455059052,0.2576735608413086,0.5049999999999999,0.690418004989624,0.0017405260587111115,0.00017405260587111115,0.012001116760075092,0.0002759179624263197,2.7591796242631973e-05,0.0022991023914060585,-0.20129679143428802
UCI,0.1,23,10,0.6906615197658539,0.27165268399721654,0.5049999999999999,0.6901214122772217,0.001518690842203796,0.0001518690842203796,0.011769586242735386,0.00027008747565560043,2.7008747565560043e-05,0.002294791593224513,-0.2304561734199524
UCI,0.1,23,11,0.6907050907611847,0.27431506742959905,0.49499999999999994,0.6898335814476013,0.0013230121694505215,0.00013230121694505215,0.011531295254826546,0.00026530789909884334,2.6530789909884334e-05,0.0023007640792806505,-0.26248642802238464
UCI,0.1,23,12,0.6896324455738068,0.27165268399721654,0.5049999999999999,0.6895582675933838,0.00115053856279701,0.000115053856279701,0.011320294812321663,0.0002612362150102854,2.612362150102854e-05,0.0023076803152329638,-0.29153376817703247
UCI,0.1,23,13,0.6894342601299286,0.2997004492513102,0.5049999999999999,0.689274251461029,0.0009985683718696237,9.985683718696237e-05,0.01111097726970911,0.00025793895474635065,2.5793895474635065e-05,0.0023214785566121818,-0.31864407658576965
UCI,0.1,23,14,0.6894463896751404,0.2997004492513102,0.5049999999999999,0.6889835000038147,0.0008645777706988156,8.645777706988156e-05,0.010899360291659832,0.0002552843070589006,2.552843070589006e-05,0.0023421953236488903,-0.3454016447067261
UCI,0.1,23,15,0.6893655955791473,0.2997004492513102,0.5049999999999999,0.6886866688728333,0.0007464017835445702,7.464017835445702e-05,0.01063026487827301,0.0002532671205699444,2.532671205699444e-05,0.0023825099700722613,-0.37704965472221375
UCI,0.1,23,16,0.6889579892158508,0.29236564320829667,0.5049999999999999,0.6883885264396667,0.0006424549501389265,6.424549501389265e-05,0.010298733599483967,0.0002517882385291159,2.5178823852911593e-05,0.002444846602709795,-0.4121224582195282
UCI,0.1,23,17,0.6890523433685303,0.27431506742959905,0.48999999999999994,0.6880918145179749,0.0005515539669431746,5.515539669431746e-05,0.009977944195270538,0.00025068270042538643,2.5068270042538645e-05,0.0025123682345728885,-0.44119831919670105
UCI,0.1,23,18,0.6877429485321045,0.2656844656620286,0.5099999999999999,0.6877975463867188,0.00047239699051715434,4.723969905171544e-05,0.00967026874423027,0.0002498770772945136,2.498770772945136e-05,0.0025839724200385004,-0.4659304916858673
UCI,0.1,23,19,0.687711626291275,0.2997004492513102,0.5099999999999999,0.68748939037323,0.0004040015919599682,4.0400159195996825e-05,0.009328619576990604,0.0002494821383152157,2.4948213831521573e-05,0.0026743735903924405,-0.4862622320652008
UCI,0.1,23,20,0.6884795427322388,0.3104602102825332,0.5099999999999999,0.687175989151001,0.0003453465469647199,3.453465469647199e-05,0.008978697471320629,0.0002493213687557727,2.4932136875577273e-05,0.002776809994457931,-0.5007395148277283
UCI,0.1,23,21,0.6872063279151917,0.34141531479696996,0.5099999999999999,0.6868757009506226,0.00029539980459958315,2.9539980459958315e-05,0.008633571676909924,0.00024931016378104687,2.493101637810469e-05,0.0028876827935281416,-0.509916365146637
UCI,0.1,23,22,0.686711311340332,0.34141531479696996,0.5099999999999999,0.6865694522857666,0.0002534234954509884,2.534234954509884e-05,0.008319435641169548,0.0002493808569852263,2.493808569852263e-05,0.002997569399433064,-0.5076918601989746
UCI,0.1,23,23,0.6865735650062561,0.3267616012328021,0.5099999999999999,0.6862629652023315,0.00021859606204088777,2.185960620408878e-05,0.008077986538410187,0.00024948897771537304,2.4948897771537307e-05,0.0030885044995937133,-0.4885028004646301
UCI,0.1,23,24,0.6844991743564606,0.337099931231621,0.5099999999999999,0.6859697103500366,0.00019002212502527982,1.9002212502527983e-05,0.007850151509046555,0.000249599979724735,2.4959997972473502e-05,0.003179556209037427,-0.46534374356269836
UCI,0.1,23,25,0.6847114562988281,0.337099931231621,0.5099999999999999,0.6856666803359985,0.00016698852414265275,1.6698852414265277e-05,0.007655942812561989,0.00024968452635221183,2.4968452635221183e-05,0.0032613165022931678,-0.42558422684669495
UCI,0.1,23,26,0.6864611208438873,0.337099931231621,0.5099999999999999,0.6853601932525635,0.00014866811397951096,1.4866811397951096e-05,0.0074369157664477825,0.00024966278579086065,2.4966278579086067e-05,0.0033570742715311303,-0.3752589821815491
UCI,0.1,23,27,0.6847016513347626,0.34141531479696996,0.5149999999999999,0.6850788593292236,0.00013420975301414728,1.3420975301414729e-05,0.007335783448070288,0.00024963394389487803,2.4963394389487805e-05,0.0034029622829248787,-0.32181063294410706
UCI,0.1,23,28,0.6849949657917023,0.35136418446315326,0.5149999999999999,0.6848021149635315,0.0001231639616889879,1.2316396168898792e-05,0.007523750886321068,0.0002494581276550889,2.4945812765508893e-05,0.003315608549834216,-0.2392074465751648
UCI,0.1,23,29,0.6842085123062134,0.35136418446315326,0.5149999999999999,0.684532105922699,0.00011488333257148042,1.1488333257148042e-05,0.007875381037592888,0.00024923490127548575,2.4923490127548578e-05,0.003164734507267276,-0.1619454324245453
UCI,0.1,23,30,0.6827738881111145,0.3708099243547831,0.5099999999999999,0.6842464208602905,0.00010881466005230322,1.0881466005230323e-05,0.007788550108671188,0.0002490101906005293,2.490101906005293e-05,0.003197131521607597,-0.13263759016990662
UCI,0.1,23,31,0.685827910900116,0.3708099243547831,0.5099999999999999,0.6839563846588135,0.00010462431964697316,1.0462431964697318e-05,0.007543336134403944,0.0002487963647581637,2.487963647581637e-05,0.0032982272077661163,-0.11946078389883041
UCI,0.1,23,32,0.6862213015556335,0.3803341794400215,0.5049999999999999,0.6836625337600708,0.00010171644680667669,1.017164468066767e-05,0.007129261270165443,0.00024881030549295247,2.488103054929525e-05,0.0034899871959269426,-0.17049290239810944
UCI,0.1,23,33,0.6832628548145294,0.38644907980014026,0.49999999999999994,0.6833711862564087,9.999061148846522e-05,9.999061148846522e-06,0.00713152764365077,0.00024928018683567643,2.4928018683567645e-05,0.0034954668801937786,-0.21701011061668396
UCI,0.1,23,34,0.6838691532611847,0.3897418814769785,0.5049999999999999,0.6830571889877319,9.909349319059402e-05,9.909349319059402e-06,0.007183426059782505,0.00024976840359158814,2.4976840359158816e-05,0.00347700945917651,-0.2890625596046448
UCI,0.1,23,35,0.6823725998401642,0.39904344223381105,0.49999999999999994,0.6827288866043091,9.882550511974841e-05,9.882550511974842e-06,0.007461059372872114,0.0002504926815163344,2.5049268151633443e-05,0.0033573339789669567,-0.3640597462654114
UCI,0.1,23,36,0.6845979988574982,0.3897418814769785,0.49999999999999994,0.6823834776878357,9.906302148010582e-05,9.906302148010582e-06,0.007881773635745049,0.0002513236249797046,2.5132362497970463e-05,0.003188668396157859,-0.41819870471954346
UCI,0.1,23,37,0.6812717318534851,0.39904344223381105,0.49499999999999994,0.6820265054702759,9.957242582459003e-05,9.957242582459003e-06,0.008451114408671856,0.0002526025054976344,2.5260250549763444e-05,0.002988984567981165,-0.4748884439468384
UCI,0.1,23,38,0.6807622611522675,0.39904344223381105,0.49499999999999994,0.6816422343254089,0.00010051327262772247,1.0051327262772248e-05,0.008743640035390854,0.00025423045735806227,2.542304573580623e-05,0.0029076043424596195,-0.4959993064403534
UCI,0.1,23,39,0.6814347505569458,0.39904344223381105,0.49499999999999994,0.681219220161438,0.00010180813114857301,1.0180813114857301e-05,0.008695574477314949,0.00025607741554267704,2.5607741554267706e-05,0.0029449165918908854,-0.47272345423698425
UCI,0.1,23,40,0.6809330880641937,0.39904344223381105,0.49499999999999994,0.6807758808135986,0.00010327038035029545,1.0327038035029546e-05,0.008792133070528507,0.00025833380641415715,2.5833380641415717e-05,0.002938238131086753,-0.4214784801006317
UCI,0.1,37,1,0.6965644359588623,0.10540925533894598,0.5499999999999999,0.695963978767395,0.002723831683397293,0.0002723831683397293,0.023740893229842186,0.00031977766775526106,3.1977766775526105e-05,0.001346948763298013,-0.20624476671218872
UCI,0.1,37,2,0.6966375410556793,0.14907119849998599,0.5399999999999999,0.6950103044509888,0.0023226430639624596,0.00023226430639624598,0.02271469682455063,0.00031465760548599064,3.1465760548599066e-05,0.0013852599835094458,-0.2227344661951065
UCI,0.1,37,3,0.6950970590114594,0.16807316136320358,0.5449999999999999,0.6940991282463074,0.0019741144496947527,0.00019741144496947529,0.02167917974293232,0.00031077509629540145,3.107750962954015e-05,0.0014335187031083037,-0.24099084734916687
UCI,0.1,37,4,0.6944540441036224,0.16807316136320358,0.5449999999999999,0.6932360529899597,0.0016744022723287344,0.00016744022723287345,0.02065965346992016,0.0003078631416428834,3.078631416428834e-05,0.0014901660479984477,-0.261780709028244
UCI,0.1,37,5,0.6938998103141785,0.2,0.5399999999999999,0.6924319863319397,0.0014186130138114095,0.00014186130138114095,0.019659705460071564,0.0003056408604606986,3.056408604606986e-05,0.0015546563557701746,-0.2849591076374054
UCI,0.1,37,6,0.692691296339035,0.16807316136320358,0.5399999999999999,0.6916736960411072,0.0012012961087748408,0.00012012961087748408,0.018653979524970055,0.0003039370640181005,3.039370640181005e-05,0.0016293416834260647,-0.31020909547805786
UCI,0.1,37,7,0.6916230022907257,0.25362863675089403,0.5349999999999999,0.6909598708152771,0.0010171086760237813,0.00010171086760237814,0.01764112338423729,0.0003026648482773453,3.026648482773453e-05,0.001715677860672879,-0.33746272325515747
UCI,0.1,37,8,0.6909631490707397,0.2,0.5349999999999999,0.6903014779090881,0.000861159642226994,8.61159642226994e-05,0.01664642244577408,0.0003017630660906434,3.017630660906434e-05,0.0018127802960284122,-0.36621394753456116
UCI,0.1,37,9,0.6898680031299591,0.16807316136320358,0.5349999999999999,0.6896880865097046,0.0007292427471838892,7.292427471838892e-05,0.015661554411053658,0.00030123666510917246,3.0123666510917248e-05,0.0019234148616599945,-0.396121084690094
UCI,0.1,37,10,0.6901000738143921,0.21442250696755896,0.5299999999999999,0.689132571220398,0.000617846439126879,6.17846439126879e-05,0.014740848913788795,0.0003010325017385185,3.010325017385185e-05,0.0020421653020059687,-0.42615097761154175
UCI,0.1,37,11,0.6886119544506073,0.2,0.5299999999999999,0.68864506483078,0.0005240566097199917,5.240566097199917e-05,0.013951991684734821,0.0003011427470482886,3.011427470482886e-05,0.002158421205036808,-0.4539729654788971
UCI,0.1,37,12,0.6881787478923798,0.24743582965269675,0.5249999999999999,0.6882114410400391,0.00044549681479111314,4.454968147911132e-05,0.013335717841982841,0.00030158174922689795,3.0158174922689795e-05,0.002261458684117276,-0.47776076197624207
UCI,0.1,37,13,0.6879971027374268,0.22808577638091165,0.5249999999999999,0.6878165602684021,0.00038013787707313895,3.8013787707313897e-05,0.012910713441669941,0.0003023997414857149,3.0239974148571494e-05,0.0023422388147017917,-0.494430273771286
UCI,0.1,37,14,0.6877197027206421,0.2,0.5249999999999999,0.6874684691429138,0.00032616042881272733,3.261604288127273e-05,0.01273381244391203,0.00030355266062542796,3.0355266062542796e-05,0.0023838317233151564,-0.5012992024421692
UCI,0.1,37,15,0.6875686943531036,0.2,0.5249999999999999,0.6871562600135803,0.0002820241206791252,2.820241206791252e-05,0.0128596480935812,0.00030503422021865845,3.0503422021865847e-05,0.0023720261860891365,-0.49526146054267883
UCI,0.1,53,1,0.7018448114395142,0.0,0.05,0.7003090977668762,0.0020675184205174446,0.00020675184205174447,0.02752581797540188,0.0002552966179791838,2.552966179791838e-05,0.0009274805864346215,-0.10864978283643723
UCI,0.1,53,2,0.7007668614387512,0.0,0.05,0.6992225646972656,0.001665622927248478,0.00016656229272484782,0.02606344409286976,0.0002399480144958943,2.3994801449589434e-05,0.0009206304954974754,-0.11957871913909912
UCI,0.1,53,3,0.6995903551578522,0.0,0.05,0.6982133388519287,0.0013307720655575395,0.00013307720655575395,0.024769362062215805,0.0002277138119097799,2.2771381190977993e-05,0.0009193366035742352,-0.13231733441352844
UCI,0.1,53,4,0.6967311501502991,0.0,0.05,0.6972741484642029,0.0010541913798078895,0.00010541913798078895,0.023609191179275513,0.000218423709156923,2.18423709156923e-05,0.0009251638800259217,-0.14777979254722595
UCI,0.1,53,5,0.6961052119731903,0.0,0.05,0.6964152455329895,0.0008277361048385501,8.277361048385501e-05,0.022593002766370773,0.00021155700960662216,2.115570096066222e-05,0.0009363828783375378,-0.1643056720495224
UCI,0.1,53,6,0.6965387463569641,0.18576071235199634,0.5399999999999999,0.6956139802932739,0.0006435512914322317,6.435512914322316e-05,0.02167750895023346,0.00020646788470912725,2.0646788470912725e-05,0.0009524520791716876,-0.18046073615550995
UCI,0.1,53,7,0.6941273212432861,0.0784735610658242,0.5349999999999999,0.6948586702346802,0.0004946753615513444,4.946753615513444e-05,0.0208186823874712,0.00020263169426470995,2.0263169426470997e-05,0.0009733166129027209,-0.1965627521276474
UCI,0.1,53,8,0.6956068277359009,0.18576071235199634,0.5349999999999999,0.6941645741462708,0.00037510754191316664,3.751075419131667e-05,0.020059198141098022,0.00019970364519394934,1.9970364519394934e-05,0.0009955714270790774,-0.21466174721717834
UCI,0.1,53,9,0.693724513053894,0.15900879764848913,0.5299999999999999,0.6934691071510315,0.0002804618561640382,2.804618561640382e-05,0.019304882735013962,0.00019766687182709575,1.9766687182709577e-05,0.0010239216396201165,-0.23613351583480835
UCI,0.1,53,10,0.6929645240306854,0.18576071235199634,0.5299999999999999,0.6927978992462158,0.0002078210818581283,2.0782108185812832e-05,0.018573882058262825,0.0001964305993169546,1.9643059931695462e-05,0.0010575635114985023,-0.25976863503456116
UCI,0.1,53,11,0.6924188435077667,0.1294595556006309,0.5499999999999999,0.6921554207801819,0.0001546973071526736,1.546973071526736e-05,0.017851371318101883,0.00019587069982662797,1.95870699826628e-05,0.0010972305507309045,-0.28333476185798645
UCI,0.1,53,12,0.6923044621944427,0.17407765595569785,0.5249999999999999,0.6915175914764404,0.00011817799531854689,1.1817799531854689e-05,0.01709604822099209,0.00019591963791754097,1.9591963791754097e-05,0.0011459937137810185,-0.3064810335636139
UCI,0.1,53,13,0.6917471885681152,0.17232808737106584,0.5199999999999999,0.6909160017967224,9.489642252447084e-05,9.489642252447084e-06,0.016317125409841537,0.0001963413815246895,1.9634138152468952e-05,0.0012032841361032125,-0.32738181948661804
UCI,0.1,53,14,0.6906924843788147,0.16222142113076254,0.5199999999999999,0.6903222799301147,8.16319152363576e-05,8.16319152363576e-06,0.015459881164133549,0.00019714466179721057,1.9714466179721058e-05,0.001275201663610327,-0.34845057129859924
UCI,0.1,71,1,0.6956267058849335,0.0,0.05,0.6948875784873962,0.005099028814584017,0.0005099028814584017,0.021004755049943924,0.0004278434789739549,4.278434789739549e-05,0.0020368886852365226,-0.09231656789779663
UCI,0.1,71,2,0.6953586339950562,0.0,0.05,0.6941904425621033,0.004361992701888084,0.00043619927018880846,0.01997252181172371,0.00039758917409926653,3.975891740992665e-05,0.0019906808857051038,-0.09349995106458664
UCI,0.1,71,3,0.6945392489433289,0.0,0.05,0.6935176849365234,0.0037189030554145575,0.0003718903055414558,0.018954729661345482,0.000370336725609377,3.7033672560937704e-05,0.0019537958716689453,-0.09579597413539886
UCI,0.1,71,4,0.6936485767364502,0.13793431476706133,0.48499999999999993,0.6928731203079224,0.0031636564526706934,0.00031636564526706936,0.01800006628036499,0.0003461153246462345,3.461153246462345e-05,0.0019228558342798295,-0.10145217925310135
UCI,0.1,71,5,0.6929505169391632,0.16807316136320358,0.48999999999999994,0.6922696232795715,0.0026891599409282207,0.0002689159940928221,0.017151281237602234,0.0003252926398999989,3.252926398999989e-05,0.001896608395568908,-0.11245477199554443
UCI,0.1,71,6,0.692131519317627,0.18123858497615616,0.48999999999999994,0.6917179822921753,0.002286564791575074,0.00022865647915750744,0.016443483531475067,0.00030805610003881156,3.0805610003881155e-05,0.001873423593298526,-0.12964840233325958
UCI,0.1,71,7,0.691908985376358,0.22808577638091165,0.49499999999999994,0.6911989450454712,0.001946455566212535,0.0001946455566212535,0.015850730240345,0.00029411661671474576,2.9411661671474576e-05,0.0018555398537168223,-0.15414592623710632
UCI,0.1,71,8,0.6914548575878143,0.17557911458287687,0.49499999999999994,0.6907063722610474,0.0016599125228822231,0.0001659912522882223,0.015347631648182869,0.0002830468874890357,2.8304688748903575e-05,0.0018442382119755133,-0.18226727843284607
UCI,0.1,71,9,0.6906856298446655,0.22808577638091165,0.49999999999999994,0.6902226805686951,0.0014186501502990723,0.00014186501502990722,0.014904019422829151,0.0002743922232184559,2.743922232184559e-05,0.001841061900376734,-0.2101767659187317
UCI,0.1,71,10,0.6904160976409912,0.27165268399721654,0.49999999999999994,0.6897516846656799,0.001215015770867467,0.0001215015770867467,0.014543297700583935,0.00026813792646862566,2.6813792646862567e-05,0.001843721637203779,-0.24154791235923767
UCI,0.1,71,11,0.6898840665817261,0.22808577638091165,0.5049999999999999,0.6892865896224976,0.0010426505468785763,0.00010426505468785763,0.014247912913560867,0.00026394319138489664,2.6394319138489664e-05,0.0018525042438579267,-0.2704997956752777
UCI,0.1,71,12,0.6891379356384277,0.2773500981126146,0.5049999999999999,0.6888257265090942,0.0008959786500781775,8.959786500781775e-05,0.014034000225365162,0.00026157486718147993,2.6157486718147994e-05,0.001863865348303953,-0.29490169882774353
UCI,0.1,71,13,0.6890046894550323,0.22808577638091165,0.5099999999999999,0.6883633136749268,0.0007704641320742667,7.704641320742667e-05,0.01391193550080061,0.00026069305022247136,2.6069305022247136e-05,0.0018738805265986814,-0.3140646815299988
UCI,0.1,71,14,0.6886527836322784,0.2656844656620286,0.5099999999999999,0.6879001259803772,0.0006626297254115343,6.626297254115343e-05,0.013860397040843964,0.0002610214287415147,2.610214287415147e-05,0.0018832175440020513,-0.3299978971481323
UCI,0.1,71,15,0.6884169578552246,0.22808577638091165,0.5149999999999999,0.6874341368675232,0.0005700091714970767,5.700091714970768e-05,0.013868335634469986,0.00026224047178402543,2.6224047178402544e-05,0.001890929659448263,-0.34123003482818604
UCI,0.1,71,16,0.6873346865177155,0.24112141108520604,0.5149999999999999,0.6869704127311707,0.000490779522806406,4.9077952280640605e-05,0.013926921412348747,0.00026414135936647654,2.6414135936647655e-05,0.0018966241823714697,-0.3476908802986145
UCI,0.1,71,17,0.6871893107891083,0.25362863675089403,0.5149999999999999,0.6864840984344482,0.00042341029620729387,4.234102962072939e-05,0.013937688432633877,0.0002666307846084237,2.666307846084237e-05,0.0019130201245145578,-0.3537304401397705
UCI,0.1,71,18,0.6860718429088593,0.28867513459481287,0.5149999999999999,0.6859874129295349,0.0003665169351734221,3.665169351734221e-05,0.014058415777981281,0.00026927844737656415,2.6927844737656417e-05,0.001915425262911318,-0.35082539916038513
UCI,0.1,71,19,0.685910165309906,0.22808577638091165,0.5199999999999999,0.6854628920555115,0.0003188038244843483,3.188038244843483e-05,0.014234029687941074,0.00027191711706109345,2.7191711706109348e-05,0.0019103312485814112,-0.34074345231056213
UCI,0.1,71,20,0.6835083365440369,0.24112141108520604,0.5199999999999999,0.6849299073219299,0.00027887849137187004,2.7887849137187006e-05,0.014412935823202133,0.0002743287186603993,2.7432871866039933e-05,0.0019033507262190216,-0.32808300852775574
UCI,0.1,71,21,0.684453547000885,0.25362863675089403,0.5199999999999999,0.6843516230583191,0.0002456809161230922,2.456809161230922e-05,0.01466631330549717,0.0002764483215287328,2.764483215287328e-05,0.0018849203325358905,-0.306282639503479
UCI,0.1,71,22,0.6833562850952148,0.2773500981126146,0.5199999999999999,0.6837533712387085,0.00021804016432724893,2.1804016432724894e-05,0.015027638524770737,0.00027811250765807927,2.7811250765807928e-05,0.0018506733922276201,-0.2757152020931244
UCI,0.1,71,23,0.6836510598659515,0.2773500981126146,0.5199999999999999,0.6831073760986328,0.00019510983838699758,1.951098383869976e-05,0.015362785197794437,0.00027939409483224154,2.7939409483224155e-05,0.0018186422008448888,-0.2416200190782547
UCI,0.1,71,24,0.6826891899108887,0.28867513459481287,0.5199999999999999,0.6824419498443604,0.00017621567531023175,1.7621567531023177e-05,0.01585749350488186,0.0002801608934532851,2.801608934532851e-05,0.001766741341354075,-0.19831854104995728
UCI,0.1,71,25,0.682489663362503,0.2997004492513102,0.5199999999999999,0.6817324757575989,0.00016082280490081757,1.608228049008176e-05,0.016129478812217712,0.00028068263782188296,2.80682637821883e-05,0.001740184175134489,-0.16002961993217468
UCI,0.1,71,26,0.6820928752422333,0.2997004492513102,0.5199999999999999,0.680991530418396,0.00014846220437902957,1.4846220437902957e-05,0.016290541738271713,0.0002809633151628077,2.8096331516280773e-05,0.0017247020981673966,-0.12269265204668045
UCI,0.1,71,27,0.6813147664070129,0.28867513459481287,0.5199999999999999,0.6802195310592651,0.000138675284688361,1.38675284688361e-05,0.01658320240676403,0.00028089742409065366,2.8089742409065368e-05,0.0016938671868111552,-0.07678763568401337
UCI,0.1,71,28,0.6778748631477356,0.3104602102825332,0.5149999999999999,0.6794477105140686,0.00013100146315991879,1.310014631599188e-05,0.016437076032161713,0.0002808714925777167,2.8087149257771674e-05,0.0017087679829925206,-0.047369956970214844
UCI,0.1,71,29,0.6762694418430328,0.2997004492513102,0.5149999999999999,0.6786797642707825,0.00012528541265055537,1.2528541265055538e-05,0.016432486474514008,0.00028080999618396163,2.8080999618396164e-05,0.0017088710014731146,-0.006274060346186161
UCI,0.1,71,30,0.6772150099277496,0.30338993810845893,0.5099999999999999,0.6778971552848816,0.00012125939974794164,1.2125939974794164e-05,0.01709337718784809,0.0002806315023917705,2.8063150239177048e-05,0.0016417557473152535,0.0658312514424324
UCI,0.1,71,31,0.6776605546474457,0.3104602102825332,0.5099999999999999,0.6771422028541565,0.00011837599595310166,1.1837599595310167e-05,0.017134834080934525,0.0002804576070047915,2.804576070047915e-05,0.0016367687348478573,0.11768045276403427
UCI,0.1,71,32,0.6769720017910004,0.30547686060781526,0.5049999999999999,0.6764431595802307,0.00011660104792099446,1.1660104792099447e-05,0.01881282962858677,0.0002801384835038334,2.801384835038334e-05,0.0014890821265831958,0.1964516043663025
UCI,0.1,71,33,0.6739232540130615,0.2997004492513102,0.5049999999999999,0.6757640838623047,0.00011532861390151083,1.1532861390151084e-05,0.019160928204655647,0.00027982844039797783,2.7982844039797785e-05,0.001460411716014813,0.2345251888036728
UCI,0.1,71,34,0.6739298701286316,0.3312945782245396,0.49499999999999994,0.6751070022583008,0.00011449646990513429,1.1449646990513429e-05,0.019652146846055984,0.0002793242165353149,2.7932421653531494e-05,0.0014213419975099204,0.26840740442276
UCI,0.1,71,35,0.6773569583892822,0.3209833376209784,0.48999999999999994,0.6744564771652222,0.00011377820192137733,1.1377820192137734e-05,0.01725076325237751,0.0002789542777463794,2.789542777463794e-05,0.001617054698770698,0.2636202871799469
UCI,0.1,71,36,0.6752632558345795,0.34141531479696996,0.4799999999999999,0.6738402247428894,0.00011308258399367332,1.1308258399367334e-05,0.012170340865850449,0.0002791014558169991,2.791014558169991e-05,0.002293292019454837,0.16377080976963043
UCI,0.1,71,37,0.6744706332683563,0.3312945782245396,0.4749999999999999,0.6732787489891052,0.00011275686847511679,1.127568684751168e-05,0.010355436243116856,0.00027946397312916815,2.7946397312916816e-05,0.002698717529306646,0.05649276450276375
UCI,0.1,71,38,0.6750867366790771,0.3312945782245396,0.4699999999999999,0.6727326512336731,0.00011283051571808755,1.1283051571808756e-05,0.01080752070993185,0.00028020667377859354,2.8020667377859355e-05,0.002592700780310237,0.05838693678379059
UCI,0.1,71,39,0.6744639277458191,0.34141531479696996,0.4649999999999999,0.6721722483634949,0.00011289327085250989,1.1289327085250989e-05,0.011767711490392685,0.0002813090104609728,2.813090104609728e-05,0.0023905158678527868,0.06978185474872589
UCI,0.1,71,40,0.6707451939582825,0.3209833376209784,0.4649999999999999,0.6715688705444336,0.0001133008991018869,1.1330089910188691e-05,0.013449209742248058,0.00028266580193303525,2.8266580193303527e-05,0.0021017279628340988,0.12419018894433975
UCI,0.1,89,1,0.692404568195343,0.16807316136320358,0.5099999999999999,0.6917654871940613,0.004807936958968639,0.000480793695896864,0.01182557176798582,0.00044545423588715494,4.4545423588715496e-05,0.003766872711331289,-0.1442379653453827
UCI,0.1,89,2,0.692631334066391,0.16487498971248796,0.48999999999999994,0.6914921402931213,0.004082936327904463,0.0004082936327904463,0.011620857752859592,0.0004074325261171907,4.074325261171907e-05,0.003506045205801888,-0.17265567183494568
UCI,0.1,89,3,0.6920584142208099,0.1655211777204736,0.49999999999999994,0.6912387013435364,0.003452831646427512,0.00034528316464275125,0.011428123340010643,0.0003775602672249079,3.775602672249079e-05,0.0033037818720685623,-0.21361517906188965
UCI,0.1,89,4,0.6913742125034332,0.1655211777204736,0.49999999999999994,0.6909888386726379,0.002911563031375408,0.00029115630313754083,0.01126050017774105,0.00035385892260819674,3.5385892260819674e-05,0.003142479614783717,-0.25474822521209717
UCI,0.1,89,5,0.6912899017333984,0.1709786436730771,0.49999999999999994,0.6907294392585754,0.0024500563740730286,0.00024500563740730285,0.011090137995779514,0.0003356945526320487,3.356945526320487e-05,0.0030269646127018554,-0.2974591553211212
UCI,0.1,89,6,0.6903534829616547,0.1846372364689991,0.5249999999999999,0.6904762983322144,0.002058641519397497,0.00020586415193974973,0.010954884812235832,0.00032149083563126624,3.2149083563126626e-05,0.0029346802010385697,-0.33462661504745483
UCI,0.1,89,7,0.6909634470939636,0.175919798853417,0.48499999999999993,0.6902084946632385,0.001727540511637926,0.0001727540511637926,0.010813436470925808,0.00031087067327462137,3.108706732746214e-05,0.0028748555013983056,-0.37149327993392944
UCI,0.1,89,8,0.6900946199893951,0.1655211777204736,0.5049999999999999,0.6899438500404358,0.0014482708647847176,0.00014482708647847175,0.01068953424692154,0.00030301595688797534,3.0301595688797534e-05,0.002834697470334036,-0.4079325497150421
UCI,0.1,89,9,0.6900582313537598,0.1846372364689991,0.5349999999999999,0.6896671652793884,0.0012140169274061918,0.0001214016927406192,0.010565818287432194,0.0002974558447021991,2.974558447021991e-05,0.0028152655725303946,-0.4431421160697937
UCI,0.1,89,10,0.6894365847110748,0.2044398826909146,0.4799999999999999,0.6893850564956665,0.0010188096202909946,0.00010188096202909947,0.01045577134937048,0.00029373489087447524,2.9373489087447525e-05,0.0028093086684815504,-0.4760361611843109
UCI,0.1,89,11,0.6892894506454468,0.18699392279626206,0.4799999999999999,0.6890942454338074,0.0008574234088882804,8.574234088882805e-05,0.010340148583054543,0.0002915671211667359,2.915671211667359e-05,0.0028197575578803257,-0.5058969259262085
UCI,0.1,89,12,0.689844936132431,0.1892583246525563,0.5049999999999999,0.6887982487678528,0.0007248406182043254,7.248406182043254e-05,0.010231130756437778,0.0002906247100327164,2.906247100327164e-05,0.0028405922761748047,-0.5328535437583923
UCI,0.1,89,13,0.6887182891368866,0.20085883379503597,0.5049999999999999,0.6885074973106384,0.000616255565546453,6.16255565546453e-05,0.010150444693863392,0.0002906002046074718,2.9060020460747184e-05,0.002862930771724304,-0.5551921725273132
UCI,0.1,89,14,0.6874732673168182,0.23280223035107195,0.4749999999999999,0.6882137060165405,0.0005271885311231017,5.271885311231017e-05,0.01007586345076561,0.00029134502983652055,2.9134502983652056e-05,0.0028915142732941945,-0.5734744071960449
UCI,0.1,89,15,0.6887091100215912,0.19728305039201205,0.5049999999999999,0.6878971457481384,0.00045378849608823657,4.537884960882366e-05,0.00998782180249691,0.0002927930327132344,2.9279303271323444e-05,0.002931500366176312,-0.5881862044334412
UCI,0.1,89,16,0.6887285709381104,0.19728305039201205,0.5049999999999999,0.6875801086425781,0.0003926144854631275,3.926144854631275e-05,0.009912826120853424,0.0002945567248389125,2.945567248389125e-05,0.002971470711256189,-0.5992624163627625
UCI,0.1,89,17,0.6875072121620178,0.23280223035107195,0.4699999999999999,0.6872646808624268,0.00034120044438168406,3.412004443816841e-05,0.00985673163086176,0.000296478858217597,2.9647885821759703e-05,0.0030078820172937623,-0.6054491400718689
UCI,0.1,89,18,0.6865899860858917,0.20085883379503597,0.5099999999999999,0.6869340538978577,0.00029795465525239706,2.9795465525239707e-05,0.009807340800762177,0.000298527127597481,2.9852712759748102e-05,0.003043915100556932,-0.606243371963501
UCI,0.1,89,19,0.6875200569629669,0.20478889182363452,0.5199999999999999,0.686586320400238,0.0002617740537971258,2.6177405379712583e-05,0.009725160896778107,0.00030059285927563906,3.0059285927563908e-05,0.0030908780067096255,-0.6020568013191223
UCI,0.1,89,20,0.6871747970581055,0.2316661873125233,0.4649999999999999,0.6862293481826782,0.0002317754115210846,2.317754115210846e-05,0.009664193727076054,0.00030251473071984947,3.025147307198495e-05,0.003130263519783318,-0.5914208292961121
UCI,0.1,89,21,0.6859310567378998,0.20085883379503597,0.5099999999999999,0.685860276222229,0.00020729964307975024,2.0729964307975025e-05,0.009596827439963818,0.000304189306916669,3.04189306916669e-05,0.00316968611574635,-0.5799041986465454
UCI,0.1,89,22,0.6853373050689697,0.2335496832484569,0.4599999999999999,0.6854780912399292,0.00018786289729177952,1.8786289729177952e-05,0.009511326439678669,0.0003056504938285798,3.056504938285798e-05,0.0032135422516200163,-0.5613092184066772
UCI,0.1,89,23,0.6838761270046234,0.20478889182363452,0.5249999999999999,0.6850893497467041,0.0001727422495605424,1.727422495605424e-05,0.009414071217179298,0.0003067957004532218,3.067957004532218e-05,0.003258905667649557,-0.5361483693122864
UCI,0.1,89,24,0.6843467354774475,0.223587457110947,0.5099999999999999,0.6846797466278076,0.0001612411142559722,1.612411142559722e-05,0.009216245263814926,0.00030759102082811296,3.0759102082811295e-05,0.003337487360886382,-0.511763870716095
UCI,0.1,89,25,0.6844093501567841,0.23099715105270544,0.5049999999999999,0.6842727661132812,0.00015264238754753023,1.5264238754753023e-05,0.00904627051204443,0.0003080163733102381,3.080163733102381e-05,0.0034048989901433683,-0.4734448790550232
UCI,0.1,89,26,0.6827474534511566,0.23099715105270544,0.5049999999999999,0.6838836669921875,0.00014619120338466018,1.4619120338466019e-05,0.008893721736967564,0.0003081966715399176,3.081966715399176e-05,0.0034653284716438795,-0.4404396712779999
UCI,0.1,89,27,0.6844532787799835,0.24198422796860888,0.5049999999999999,0.6835014820098877,0.00014174777606967837,1.4174777606967837e-05,0.009018189273774624,0.00030816695652902126,3.081669565290213e-05,0.0034171710880496514,-0.36595427989959717
UCI,0.1,89,28,0.683217465877533,0.2566635011696727,0.5049999999999999,0.6831055283546448,0.00013859391037840396,1.3859391037840398e-05,0.00909457914531231,0.0003080431779380888,3.080431779380888e-05,0.003387107561726657,-0.3202744126319885
UCI,0.1,89,29,0.6850638091564178,0.24576043838146167,0.5049999999999999,0.6826958060264587,0.00013659261458087713,1.3659261458087713e-05,0.009265834465622902,0.00030781846726313233,3.078184672631323e-05,0.003322080363135853,-0.2711471617221832
UCI,0.1,89,30,0.6811397969722748,0.24576043838146167,0.5049999999999999,0.6822834610939026,0.00013539427891373634,1.3539427891373635e-05,0.009591199457645416,0.00030795307247899473,3.079530724789947e-05,0.003210787908633436,-0.23308919370174408
UCI,0.1,89,31,0.6808347105979919,0.24576043838146167,0.5049999999999999,0.6818282604217529,0.0001348718797089532,1.348718797089532e-05,0.009746402502059937,0.00030817941296845675,3.081794129684568e-05,0.0031619811812955805,-0.2070777416229248
UCI,0.1,89,32,0.6834881603717804,0.24576043838146167,0.49999999999999994,0.6813431978225708,0.00013483520888257772,1.3483520888257772e-05,0.009956526570022106,0.0003084280760958791,3.084280760958791e-05,0.0030977477328742197,-0.16808752715587616
UCI,0.1,89,33,0.6807201206684113,0.26082026547865056,0.5249999999999999,0.6808364391326904,0.0001349436934106052,1.349436934106052e-05,0.00994818564504385,0.00030912115471437573,3.091211547143757e-05,0.003107311883231479,-0.1669999063014984
UCI,0.1,89,34,0.6797289848327637,0.2498918638298819,0.5249999999999999,0.6802988648414612,0.00013503430818673223,1.3503430818673224e-05,0.009664860554039478,0.00030994220287539065,3.0994220287539066e-05,0.0032068978247787416,-0.2075672149658203
UCI,0.1,89,35,0.6790212094783783,0.26082026547865056,0.5199999999999999,0.6797358393669128,0.0001353222323814407,1.353222323814407e-05,0.009655633941292763,0.0003109535318799317,3.109535318799317e-05,0.0032204362113410763,-0.2099880427122116
UCI,0.1,89,36,0.68061563372612,0.26082026547865056,0.5199999999999999,0.6791549921035767,0.00013565042172558606,1.3565042172558607e-05,0.009684222750365734,0.000311950541799888,3.1195054179988806e-05,0.003221224354717646,-0.19001281261444092
UCI,0.1,89,37,0.6784684360027313,0.26082026547865056,0.5149999999999999,0.6785614490509033,0.00013599359954241663,1.3599359954241664e-05,0.009723621420562267,0.0003132722922600806,3.132722922600806e-05,0.003221765623223592,-0.18311722576618195
UCI,0.1,89,38,0.6752721071243286,0.26082026547865056,0.5149999999999999,0.677970826625824,0.00013641502300743014,1.3641502300743014e-05,0.009938561357557774,0.0003145282971672714,3.145282971672714e-05,0.0031647266224108833,-0.16553497314453125
UCI,0.1,89,39,0.6748853325843811,0.2566635011696727,0.4799999999999999,0.6773747205734253,0.00013699584815185517,1.3699584815185518e-05,0.010531885549426079,0.0003154805162921548,3.154805162921548e-05,0.0029954799148889963,-0.11719716340303421
UCI,0.1,89,40,0.679597795009613,0.26082026547865056,0.5099999999999999,0.676795244216919,0.00013762700837105513,1.3762700837105514e-05,0.012109784409403801,0.0003158275503665209,3.158275503665209e-05,0.002608036111041468,-0.020187249407172203
UCI,0.1,107,1,0.6968149840831757,0.0,0.05,0.6959208250045776,0.00359869166277349,0.000359869166277349,0.01683594286441803,0.00040356905083172023,4.035690508317203e-05,0.002397068308450039,0.1351049244403839
UCI,0.1,107,2,0.6966213285923004,0.0,0.05,0.6952489614486694,0.002941901795566082,0.00029419017955660824,0.015938952565193176,0.0003729847085196525,3.7298470851965254e-05,0.0023400829320124905,0.11683382093906403
UCI,0.1,107,3,0.6955434381961823,0.0,0.05,0.6946210265159607,0.00238076806999743,0.000238076806999743,0.015130419284105301,0.0003494017873890698,3.4940178738906984e-05,0.0023092670522099866,0.09222844243049622
UCI,0.1,107,4,0.6950356960296631,0.0,0.05,0.6940369009971619,0.0019069252302870154,0.00019069252302870155,0.014480178244411945,0.0003318597737234086,3.318597737234086e-05,0.0022918210544229786,0.06000600755214691
UCI,0.1,107,5,0.6936851739883423,0.1846372364689991,0.48499999999999993,0.6934952139854431,0.0015119818272069097,0.00015119818272069097,0.013933570124208927,0.00031912035774439573,3.191203577443957e-05,0.0022902985731556263,0.023459013551473618
UCI,0.1,107,6,0.6937146484851837,0.186858321674153,0.48499999999999993,0.6929845809936523,0.0011885848361998796,0.00011885848361998798,0.013524959795176983,0.0003100148751400411,3.100148751400411e-05,0.0022921685523279176,-0.019026853144168854
UCI,0.1,107,7,0.6928423345088959,0.17323973216880925,0.48999999999999994,0.6924971342086792,0.0009290017187595367,9.290017187595368e-05,0.013201471418142319,0.0003036030102521181,3.036030102521181e-05,0.002299766447510443,-0.06422581523656845
UCI,0.1,107,8,0.6924029588699341,0.14595127662315596,0.48999999999999994,0.6920292973518372,0.000724931713193655,7.24931713193655e-05,0.012974273413419724,0.0002993103407789022,2.9931034077890217e-05,0.00230695262263639,-0.11172610521316528
UCI,0.1,107,9,0.6920398473739624,0.19781414201873612,0.49499999999999994,0.6915652751922607,0.0005678209126926959,5.678209126926959e-05,0.012817921116948128,0.000296834361506626,2.9683436150662604e-05,0.002315776160567452,-0.16078686714172363
UCI,0.1,107,10,0.6914191246032715,0.19367011027991354,0.49999999999999994,0.6911124587059021,0.00044895822065882385,4.489582206588239e-05,0.012730379588901997,0.00029592745704576373,2.9592745704576373e-05,0.0023245768516105,-0.20923781394958496
UCI,0.1,107,11,0.6908049285411835,0.17897494805707315,0.49999999999999994,0.6906706690788269,0.0003599876363296062,3.599876363296062e-05,0.012714882381260395,0.00029635828104801476,2.9635828104801477e-05,0.0023307984467461312,-0.25584039092063904
UCI,0.1,107,12,0.6905470788478851,0.21063058936525558,0.5049999999999999,0.6902135610580444,0.000293639866868034,2.93639866868034e-05,0.012739205732941628,0.0002978557604365051,2.978557604365051e-05,0.0023381030707926784,-0.3010227680206299
UCI,0.1,107,13,0.6900825202465057,0.19367011027991354,0.5099999999999999,0.6897488236427307,0.00024394197680521756,2.4394197680521756e-05,0.012816687114536762,0.00030008028261363506,3.0008028261363506e-05,0.002341324867588304,-0.3435344099998474
UCI,0.1,107,14,0.6903012096881866,0.1846372364689991,0.5449999999999999,0.6892699599266052,0.00020652446255553514,2.0652446255553514e-05,0.012927179224789143,0.0003027434868272394,3.027434868272394e-05,0.0023419145164066332,-0.38196834921836853
UCI,0.1,107,15,0.6885584890842438,0.2044398826909146,0.5149999999999999,0.6887913942337036,0.00017842593661043793,1.7842593661043792e-05,0.013089085929095745,0.0003056671121157706,3.0566711211577056e-05,0.002335282339588762,-0.4143616259098053
UCI,0.1,107,16,0.6880020499229431,0.2,0.5599999999999999,0.6882821321487427,0.00015783149865455925,1.5783149865455926e-05,0.013270356692373753,0.0003089657402597368,3.0896574025973676e-05,0.002328239906597945,-0.4408765435218811
UCI,0.1,107,17,0.6883547008037567,0.23655309301829208,0.5199999999999999,0.6877310872077942,0.00014340713096316904,1.4340713096316905e-05,0.01347779855132103,0.00031257225782610476,3.125722578261048e-05,0.002319164043266309,-0.4587681293487549
UCI,0.1,107,18,0.6881975829601288,0.2087912087912088,0.5199999999999999,0.6871522665023804,0.0001339464506600052,1.3394645066000521e-05,0.01372543629258871,0.00031619385117664933,3.1619385117664935e-05,0.0023037071058162554,-0.465591698884964
UCI,0.1,107,19,0.6875208616256714,0.23280223035107195,0.5249999999999999,0.6865500211715698,0.00012837882968597114,1.2837882968597115e-05,0.014017722569406033,0.00031966099049896,3.1966099049896e-05,0.002280406028270432,-0.46139708161354065
UCI,0.1,107,20,0.684989720582962,0.21517402008629544,0.5299999999999999,0.6859227418899536,0.00012571307888720185,1.2571307888720186e-05,0.014324385672807693,0.0003229695721529424,3.229695721529424e-05,0.002254683583157377,-0.45083388686180115
UCI,0.1,107,21,0.6855079531669617,0.24511108480187252,0.5299999999999999,0.6852362751960754,0.00012547973892651498,1.25479738926515e-05,0.014736895449459553,0.0003261966339778155,3.2619663397781554e-05,0.0022134691468533025,-0.42179179191589355
UCI,0.1,107,22,0.6840246617794037,0.21517402008629544,0.5349999999999999,0.6845025420188904,0.00012670258001890033,1.2670258001890033e-05,0.015211121179163456,0.00032938833464868367,3.2938833464868365e-05,0.002165444156081587,-0.38500913977622986
UCI,0.1,107,23,0.684980571269989,0.25784170064485096,0.5349999999999999,0.6837201714515686,0.00012893500388599932,1.2893500388599934e-05,0.015960799530148506,0.0003325210709590465,3.325210709590465e-05,0.0020833609890967193,-0.3254692256450653
UCI,0.1,107,24,0.684630960226059,0.2664693550105965,0.5349999999999999,0.6828852295875549,0.00013133695756550878,1.313369575655088e-05,0.016737503930926323,0.00033567589707672596,3.35675897076726e-05,0.0020055314009903764,-0.27125832438468933
UCI,0.1,107,25,0.6831600069999695,0.2542872819425528,0.5349999999999999,0.6820031404495239,0.00013361252786125988,1.3361252786125988e-05,0.01775759644806385,0.0003387171891517937,3.3871718915179376e-05,0.0019074495252916102,-0.21302856504917145
UCI,0.1,107,26,0.6819534301757812,0.2429493573646624,0.5349999999999999,0.6810576915740967,0.0001356601860607043,1.356601860607043e-05,0.01904227025806904,0.00034170312574133277,3.417031257413328e-05,0.0017944453109341744,-0.15158793330192566
UCI,0.1,107,27,0.6795013844966888,0.2472066162365221,0.5399999999999999,0.6800588965415955,0.00013746823242399842,1.3746823242399842e-05,0.021039476618170738,0.0003444757603574544,3.444757603574544e-05,0.0016372829353556637,-0.07585952430963516
UCI,0.1,107,28,0.6800627112388611,0.2542872819425528,0.5349999999999999,0.678946852684021,0.00013902808132115752,1.3902808132115753e-05,0.023552123457193375,0.0003470627125352621,3.4706271253526215e-05,0.0014735941460482663,-0.002207443118095398
UCI,0.1,107,29,0.6768341660499573,0.2684624220856097,0.5349999999999999,0.6777279376983643,0.0001399854227202013,1.3998542272020131e-05,0.025337865576148033,0.00034952815622091293,3.4952815622091296e-05,0.001379469613059845,0.03680187091231346
UCI,0.1,107,30,0.6787975430488586,0.2650356625796317,0.5299999999999999,0.6763941049575806,0.00014087851741351187,1.4087851741351188e-05,0.028100211173295975,0.00035114551428705454,3.5114551428705455e-05,0.0012496187737576615,0.08691663295030594
UCI,0.1,107,31,0.6767058670520782,0.2537296337232398,0.5249999999999999,0.6748764514923096,0.00014124851441010833,1.4124851441010833e-05,0.02944543957710266,0.0003522655460983515,3.5226554609835147e-05,0.0011963331203663874,0.10093654692173004
UCI,0.1,107,32,0.6757033169269562,0.287824837800531,0.5199999999999999,0.673175573348999,0.00014129737974144518,1.412973797414452e-05,0.029543312266469002,0.00035270172520540655,3.527017252054066e-05,0.0011938462485999418,0.08645565062761307
UCI,0.1,107,33,0.6715469658374786,0.2684624220856097,0.5149999999999999,0.6712948679924011,0.00014103403373155743,1.4103403373155743e-05,0.02851521037518978,0.00035229415516369045,3.5229415516369045e-05,0.00123546048066407,0.033375922590494156
UCI,0.1,107,34,0.6699698865413666,0.2684624220856097,0.5099999999999999,0.6692097187042236,0.00014079234097152948,1.407923409715295e-05,0.028562257066369057,0.0003502001636661589,3.5020016366615894e-05,0.0012260941523368123,-0.009490235708653927
UCI,0.1,107,35,0.6687987446784973,0.2484646732989441,0.5199999999999999,0.6668837666511536,0.00014034366176929325,1.4034366176929326e-05,0.028937410563230515,0.0003471412055660039,3.4714120556600395e-05,0.0011996277441876603,-0.07019087672233582
UCI,0.1,107,36,0.6654659807682037,0.2650356625796317,0.49499999999999994,0.6642370820045471,0.00013979125651530921,1.3979125651530922e-05,0.030812814831733704,0.00034316960955038667,3.431696095503867e-05,0.00111372366148438,-0.06940370053052902
UCI,0.1,107,37,0.6647361516952515,0.2472066162365221,0.49499999999999994,0.6612483263015747,0.00013909924018662423,1.3909924018662424e-05,0.034700650721788406,0.00033980022999458015,3.3980022999458014e-05,0.0009792330199191938,0.013245397247374058
UCI,0.1,107,38,0.6615090668201447,0.2472066162365221,0.48999999999999994,0.6579433083534241,0.00013808111543767154,1.3808111543767155e-05,0.03499699756503105,0.00033739543869160116,3.373954386916012e-05,0.0009640696693042212,-0.041113171726465225
UCI,0.1,107,39,0.6569255888462067,0.2684624220856097,0.48499999999999993,0.6543368101119995,0.00013721299183089286,1.3721299183089286e-05,0.03706129267811775,0.0003361539274919778,3.3615392749197784e-05,0.0009070215936921557,0.0019235819345340133
UCI,0.1,107,40,0.6543830037117004,0.2472066162365221,0.48499999999999993,0.6505659818649292,0.00013672260683961213,1.3672260683961214e-05,0.058548592031002045,0.00033842131961137056,3.384213196113706e-05,0.0005780178615263254,0.19978564977645874
UCI,0.1,131,1,0.6967226266860962,0.03316790634033297,0.4599999999999999,0.6957388520240784,0.0025525272358208895,0.00025525272358208897,0.019468126818537712,0.00030403162236325443,3.0403162236325445e-05,0.001561689140394098,0.02532627247273922
UCI,0.1,131,2,0.6961319446563721,0.09899678265684461,0.4599999999999999,0.6949453353881836,0.002099661622196436,0.0002099661622196436,0.018538033589720726,0.0002946288150269538,2.9462881502695382e-05,0.0015893207529320934,0.00858534686267376
UCI,0.1,131,3,0.6944180428981781,0.10994987428338562,0.4599999999999999,0.6942126154899597,0.0017181063303723931,0.00017181063303723932,0.017660699784755707,0.00028808979550376534,2.8808979550376534e-05,0.0016312479064529344,-0.016513342037796974
UCI,0.1,131,4,0.6948049962520599,0.14990633779917228,0.48499999999999993,0.6935383081436157,0.001397821819409728,0.0001397821819409728,0.016857584938406944,0.0002837134525179863,2.837134525179863e-05,0.0016830017677775227,-0.04874212294816971
UCI,0.1,131,5,0.6939122974872589,0.1846372364689991,0.48999999999999994,0.6928805112838745,0.0011309122201055288,0.00011309122201055289,0.016064653173089027,0.00028107044636271894,2.8107044636271896e-05,0.0017496203829259062,-0.08793354779481888
UCI,0.1,131,6,0.6934186220169067,0.09899678265684461,0.4649999999999999,0.6922467947006226,0.0009111639810726047,9.111639810726047e-05,0.015298851765692234,0.0002797706110868603,2.797706110868603e-05,0.001828703326051224,-0.13269150257110596
UCI,0.1,131,7,0.691847950220108,0.10994987428338562,0.4649999999999999,0.6916264891624451,0.0007327142520807683,7.327142520807683e-05,0.014538554474711418,0.0002794389729388058,2.7943897293880582e-05,0.0019220547230116047,-0.18240301311016083
UCI,0.1,131,8,0.692527562379837,0.16807316136320358,0.5099999999999999,0.6910364627838135,0.0005897158989682794,5.897158989682794e-05,0.013828609138727188,0.00027974427212029696,2.7974427212029696e-05,0.0020229386000712806,-0.23514334857463837
UCI,0.1,131,9,0.6908572614192963,0.2,0.5149999999999999,0.690460741519928,0.00047640601405873895,4.76406014058739e-05,0.01311937253922224,0.0002805482654366642,2.8054826543666422e-05,0.00213842746364527,-0.29073366522789
UCI,0.1,131,10,0.6900923550128937,0.14808721943977307,0.49999999999999994,0.6899201273918152,0.0003876581322401762,3.8765813224017626e-05,0.012463205493986607,0.0002817653294187039,2.8176532941870393e-05,0.0022607773702732685,-0.34613168239593506
UCI,0.1,131,11,0.6898986399173737,0.16807316136320358,0.5299999999999999,0.689419686794281,0.0003190386341884732,3.1903863418847327e-05,0.011895876377820969,0.0002833573962561786,2.8335739625617864e-05,0.0023819800009394747,-0.39827898144721985
UCI,0.1,131,12,0.6890256702899933,0.1846372364689991,0.5349999999999999,0.6889225244522095,0.00026679670554585755,2.6679670554585755e-05,0.011348607018589973,0.0002852738252840936,2.8527382528409363e-05,0.002513734283130882,-0.44894853234291077
UCI,0.1,131,13,0.6893635094165802,0.14990633779917228,0.5449999999999999,0.6884352564811707,0.00022771747899241745,2.2771747899241747e-05,0.01083604246377945,0.000287378003122285,2.8737800312228502e-05,0.0026520568194788327,-0.49579113721847534
UCI,0.1,131,14,0.6891902983188629,0.1846372364689991,0.5499999999999999,0.6879662275314331,0.0001990294549614191,1.990294549614191e-05,0.010386115871369839,0.0002896194055210799,2.8961940552107992e-05,0.0027885246911161375,-0.536159098148346
UCI,0.1,131,15,0.6882631182670593,0.16807316136320358,0.5599999999999999,0.6875032782554626,0.00017848401330411434,1.7848401330411435e-05,0.009995629079639912,0.00029196630930528045,2.9196630930528047e-05,0.0029209398125825455,-0.5679277777671814
UCI,0.1,131,16,0.6872254312038422,0.12090832578915783,0.4699999999999999,0.6870545744895935,0.0001642417482798919,1.642417482798919e-05,0.009720132686197758,0.0002943237777799368,2.943237777799368e-05,0.0030279810706479973,-0.585258960723877
UCI,0.1,131,17,0.6877861618995667,0.1846372364689991,0.575,0.6866207718849182,0.00015472646919079125,1.5472646919079124e-05,0.009584002196788788,0.0002965593885164708,2.965593885164708e-05,0.0030943167836067053,-0.5840019583702087
UCI,0.1,149,1,0.6933305263519287,0.16993235521110622,0.5149999999999999,0.6922990083694458,0.0037183857057243586,0.00037183857057243586,0.015830833464860916,0.0003820358542725444,3.8203585427254444e-05,0.002413239044681599,-0.27583470940589905
UCI,0.1,149,2,0.6919348835945129,0.10768601458875716,0.5299999999999999,0.6917353272438049,0.003130580298602581,0.0003130580298602581,0.01551668718457222,0.00036294537130743265,3.6294537130743267e-05,0.002339064820925812,-0.30180585384368896
UCI,0.1,149,3,0.6916410326957703,0.17740004829626463,0.5449999999999999,0.6912145018577576,0.0026293329428881407,0.0002629332942888141,0.015270605683326721,0.0003472442040219903,3.472442040219903e-05,0.0022739386454142447,-0.330099493265152
UCI,0.1,149,4,0.691131055355072,0.16807316136320358,0.5499999999999999,0.6906808018684387,0.002208187710493803,0.0002208187710493803,0.015032387338578701,0.0003344530123285949,3.3445301232859494e-05,0.0022248828798487916,-0.3596554696559906
UCI,0.1,149,5,0.6899770498275757,0.14149998919097348,0.5299999999999999,0.6901606917381287,0.0018578715389594436,0.00018578715389594436,0.014821371994912624,0.0003242112579755485,3.2421125797554855e-05,0.0021874578013886484,-0.3889288306236267
UCI,0.1,149,6,0.6898722946643829,0.1649572197684645,0.5549999999999999,0.6896591782569885,0.001567473285831511,0.0001567473285831511,0.014666954055428505,0.00031613599276170135,3.1613599276170135e-05,0.002155430442932994,-0.417043536901474
UCI,0.1,149,7,0.6891780197620392,0.17712297710801905,0.5599999999999999,0.6891744136810303,0.0013266135938465595,0.00013266135938465597,0.014563828706741333,0.00030997488647699356,3.099748864769936e-05,0.002128388713700758,-0.44222110509872437
UCI,0.1,149,8,0.688888281583786,0.17740004829626463,0.565,0.6886835694313049,0.0011268336093053222,0.00011268336093053223,0.014491074718534946,0.00030547240749001503,3.05472407490015e-05,0.002108003812162376,-0.464206337928772
UCI,0.1,149,9,0.6889050602912903,0.17740004829626463,0.57,0.6881805062294006,0.0009616064489819109,9.61606448981911e-05,0.014447498135268688,0.00030236897873692214,3.0236897873692215e-05,0.0020928812442535666,-0.4828791916370392
UCI,0.1,149,10,0.6884898543357849,0.17740004829626463,0.575,0.6876569986343384,0.0008256909204646945,8.256909204646946e-05,0.014414595440030098,0.00030040310230106115,3.0040310230106117e-05,0.002084020349727095,-0.49911952018737793
UCI,0.1,149,11,0.6879206001758575,0.17712297710801905,0.58,0.6871253252029419,0.000714511435944587,7.14511435944587e-05,0.01441532839089632,0.00029920460656285286,2.9920460656285288e-05,0.0020756003501925693,-0.5123556852340698
UCI,0.1,173,1,0.6966366171836853,0.10540925533894598,0.5399999999999999,0.695343017578125,0.005783095024526119,0.0005783095024526119,0.019429562613368034,0.0004706430481746793,4.706430481746793e-05,0.0024223038754915918,0.23639945685863495
UCI,0.1,173,2,0.6968230307102203,0.10540925533894598,0.5399999999999999,0.6948266625404358,0.005102015566080809,0.0005102015566080809,0.01868188939988613,0.0004492459411267191,4.492459411267191e-05,0.0024047136320668795,0.23243583738803864
UCI,0.1,173,3,0.6946681439876556,0.3312945782245396,0.5349999999999999,0.6943209767341614,0.004503206815570593,0.0004503206815570593,0.017990676686167717,0.00043074318091385067,4.307431809138507e-05,0.002394257806016998,0.22685755789279938
UCI,0.1,173,4,0.6950635612010956,0.3104602102825332,0.5349999999999999,0.6938488483428955,0.003978400491178036,0.0003978400491178036,0.017385045066475868,0.0004140162200201303,4.140162200201303e-05,0.0023814503697691925,0.21827073395252228
UCI,0.1,173,5,0.6944907307624817,0.2773500981126146,0.5349999999999999,0.693390965461731,0.0035190219059586525,0.0003519021905958653,0.016822122037410736,0.00039890772313810885,3.9890772313810885e-05,0.0023713281965912357,0.2076420933008194
UCI,0.1,173,6,0.6940363347530365,0.2656844656620286,0.5349999999999999,0.692939817905426,0.0031173317693173885,0.00031173317693173886,0.016299011185765266,0.0003848538326565176,3.848538326565177e-05,0.0023612096971418095,0.19511565566062927
UCI,0.1,173,7,0.6923563480377197,0.34141531479696996,0.5299999999999999,0.6925032734870911,0.0027664618100970984,0.00027664618100970985,0.015811240300536156,0.00037171761505305767,3.717176150530577e-05,0.0023509706258809616,0.18080966174602509
UCI,0.1,173,8,0.6933563351631165,0.3209833376209784,0.5299999999999999,0.6920942068099976,0.0024602371267974377,0.0002460237126797438,0.01538363192230463,0.0003590163541957736,3.590163541957736e-05,0.0023337554877092327,0.16451020538806915
UCI,0.1,173,9,0.6928140223026276,0.3104602102825332,0.5299999999999999,0.6917052865028381,0.0021927226334810257,0.00021927226334810259,0.014976062811911106,0.0003474122495390475,3.474122495390475e-05,0.002319783603356255,0.1468142867088318
UCI,0.1,173,10,0.6921476423740387,0.35136418446315326,0.5249999999999999,0.6913198232650757,0.001958893146365881,0.0001958893146365881,0.014583027921617031,0.00033691819407977164,3.3691819407977167e-05,0.002310344572407653,0.12716518342494965
UCI,0.1,173,11,0.6912679374217987,0.35136418446315326,0.5249999999999999,0.6909283995628357,0.0017541524721309543,0.00017541524721309543,0.014191347174346447,0.0003275484486948699,3.275484486948699e-05,0.0023080856572022697,0.10498309135437012
UCI,0.1,173,12,0.6910862922668457,0.3209833376209784,0.5249999999999999,0.6905393004417419,0.0015742994146421552,0.00015742994146421553,0.013808722607791424,0.00031912076519802213,3.1912076519802215e-05,0.002311008586833091,0.08044601231813431
UCI,0.1,173,13,0.6903693079948425,0.3351964914764013,0.5199999999999999,0.690162718296051,0.0014155253302305937,0.00014155253302305937,0.013432507403194904,0.00031165219843387604,3.1165219843387605e-05,0.0023201342018970336,0.053607139736413956
UCI,0.1,173,14,0.6906153857707977,0.35136418446315326,0.5199999999999999,0.6897802948951721,0.0012747097061946988,0.0001274709706194699,0.013037907890975475,0.00030521623557433486,3.0521623557433486e-05,0.002340990886932083,0.023984674364328384
UCI,0.1,173,15,0.6900970041751862,0.35136418446315326,0.5199999999999999,0.6894127130508423,0.001149501884356141,0.00011495018843561412,0.012642301619052887,0.00029960813117213547,2.996081311721355e-05,0.0023698859606434623,-0.007456453051418066
UCI,0.1,173,16,0.6887665688991547,0.36115755925730764,0.5149999999999999,0.6890461444854736,0.001037941430695355,0.0001037941430695355,0.012210813350975513,0.00029498263029381633,2.9498263029381636e-05,0.002415749236476949,-0.042124342173337936
UCI,0.1,173,17,0.6880472600460052,0.36115755925730764,0.5149999999999999,0.6886844635009766,0.0009386023157276213,9.386023157276213e-05,0.011761628091335297,0.00029091042233631015,2.9091042233631018e-05,0.002473385657812303,-0.07832995057106018
UCI,0.1,173,18,0.6889346837997437,0.36115755925730764,0.5149999999999999,0.6883527040481567,0.0008503343560732901,8.503343560732901e-05,0.011387181468307972,0.0002870254102163017,2.870254102163017e-05,0.0025206010022333558,-0.10693293809890747
UCI,0.1,173,19,0.6889416575431824,0.36115755925730764,0.5149999999999999,0.6880108714103699,0.0007712779915891588,7.712779915891588e-05,0.010928099043667316,0.00028383126482367516,2.8383126482367517e-05,0.002597261094445804,-0.13959074020385742
UCI,0.1,173,20,0.6879104971885681,0.36115755925730764,0.5099999999999999,0.6876731514930725,0.0007003677310422063,7.003677310422063e-05,0.010410205461084843,0.00028113689040765166,2.8113689040765166e-05,0.002700589257902644,-0.1766788363456726
UCI,0.1,173,21,0.6871040761470795,0.36115755925730764,0.5099999999999999,0.6873515248298645,0.0006368592730723321,6.368592730723322e-05,0.009897439740598202,0.0002786951663438231,2.786951663438231e-05,0.002815830898173054,-0.21151025593280792
UCI,0.1,173,22,0.6863366365432739,0.36115755925730764,0.5099999999999999,0.6870219707489014,0.000579739804379642,5.79739804379642e-05,0.009272078983485699,0.0002767752157524228,2.767752157524228e-05,0.0029850394528064443,-0.2564676105976105
UCI,0.1,173,23,0.6877073347568512,0.36115755925730764,0.5049999999999999,0.6867014765739441,0.0005286923842504621,5.286923842504621e-05,0.008644409477710724,0.00027502779266797006,2.7502779266797007e-05,0.0031815683116020663,-0.2942754924297333
UCI,0.1,173,24,0.6863211691379547,0.36115755925730764,0.5049999999999999,0.6863973140716553,0.00048282628995366395,4.8282628995366395e-05,0.007970862090587616,0.0002735829330049455,2.7358293300494553e-05,0.0034322878742063002,-0.3423301875591278
UCI,1,11,1,0.6994213461875916,0.21645482913637396,0.4799999999999999,0.693283200263977,0.005778367631137371,0.005778367631137371,0.011457609012722969,0.00036400361568666995,0.00036400361568666995,0.031769596543438194,-0.09389189630746841
UCI,1,11,2,0.6986444592475891,0.09523809523809523,0.48499999999999993,0.6928457617759705,0.0051255193538963795,0.0051255193538963795,0.010915876366198063,0.0003484543995000422,0.0003484543995000422,0.03192179792170061,-0.1001569926738739
UCI,1,11,3,0.6980844140052795,0.16682120232032635,0.48499999999999993,0.6924482583999634,0.004537022206932306,0.004537022206932306,0.010444935411214828,0.00033361607347615063,0.00033361607347615063,0.03194046304182444,-0.11099041998386383
UCI,1,11,4,0.6966466307640076,0.18411492357966466,0.48999999999999994,0.6920562982559204,0.004005616530776024,0.004005616530776024,0.00998047273606062,0.00031962175853550434,0.00031962175853550434,0.03202471135266703,-0.12574569880962372
UCI,1,11,5,0.6959537267684937,0.12531595371053228,0.48999999999999994,0.6917014718055725,0.003526296466588974,0.003526296466588974,0.009582270868122578,0.00030650445842184126,0.00030650445842184126,0.03198662014883051,-0.14548827707767487
UCI,1,11,6,0.6952071487903595,0.2484646732989441,0.49499999999999994,0.6913741827011108,0.0030954282265156507,0.0030954282265156507,0.009237490594387054,0.00029447051929309964,0.00029447051929309964,0.031877761204111836,-0.16987021267414093
UCI,1,11,7,0.6943320035934448,0.17323973216880925,0.49999999999999994,0.6910563707351685,0.0027095971163362265,0.0027095971163362265,0.008926134556531906,0.000283744593616575,0.000283744593616575,0.03178807039256856,-0.19911593198776245
UCI,1,11,8,0.6934360861778259,0.2673939106929519,0.49999999999999994,0.6907821893692017,0.002365399617701769,0.002365399617701769,0.008686277084052563,0.0002741792122833431,0.0002741792122833431,0.03156464036666735,-0.23103490471839905
UCI,1,11,9,0.6925999522209167,0.19493925957690475,0.5049999999999999,0.6905021667480469,0.0020591155625879765,0.0020591155625879765,0.008455496281385422,0.0002662493789102882,0.0002662493789102882,0.03148832073836163,-0.266137957572937
UCI,1,11,10,0.6919539272785187,0.22011272658140596,0.5049999999999999,0.690227210521698,0.0017873825272545218,0.0017873825272545218,0.008262040093541145,0.00025986949913203716,0.00025986949913203716,0.03145342992648877,-0.30264362692832947
UCI,1,11,11,0.6919126212596893,0.21645482913637396,0.5099999999999999,0.6899575591087341,0.0015472773229703307,0.0015472773229703307,0.008113802410662174,0.000254800368566066,0.000254800368566066,0.03140332431946313,-0.33874979615211487
UCI,1,11,12,0.6911333501338959,0.22011272658140596,0.5099999999999999,0.6896992921829224,0.0013360551092773676,0.0013360551092773676,0.00801329780369997,0.00025069323601201177,0.00025069323601201177,0.03128465235577037,-0.372234046459198
UCI,1,11,13,0.6913889348506927,0.21645482913637396,0.5149999999999999,0.6894407868385315,0.0011511389166116714,0.0011511389166116714,0.00795266218483448,0.00024740086519159377,0.00024740086519159377,0.031109188274510237,-0.4020010530948639
UCI,1,11,14,0.690704345703125,0.22086305214969307,0.5149999999999999,0.6891881227493286,0.0009900947334244847,0.0009900947334244847,0.00794362835586071,0.00024472997756674886,0.00024472997756674886,0.030808336770462092,-0.4260108470916748
UCI,1,11,15,0.6896369457244873,0.21645482913637396,0.5199999999999999,0.6889383792877197,0.0008505714358761907,0.0008505714358761907,0.00798824243247509,0.0002426557766739279,0.0002426557766739279,0.030376616474162645,-0.44277626276016235
UCI,1,11,16,0.6900254786014557,0.2684624220856097,0.5199999999999999,0.6886771321296692,0.0007304570754058659,0.0007304570754058659,0.00804204773157835,0.0002412231406196952,0.0002412231406196952,0.02999523860975048,-0.453681081533432
UCI,1,11,17,0.6894693076610565,0.21645482913637396,0.5249999999999999,0.6884092092514038,0.0006275225896388292,0.0006275225896388292,0.008110475726425648,0.0002403173130005598,0.0002403173130005598,0.02963048298357581,-0.4590643644332886
UCI,1,11,18,0.6892554461956024,0.21645482913637396,0.5249999999999999,0.6881329417228699,0.000539726868737489,0.000539726868737489,0.008210094645619392,0.00023990802583284676,0.00023990802583284676,0.029221103554616504,-0.45785728096961975
UCI,1,11,19,0.6880418956279755,0.25908195902003417,0.5249999999999999,0.6878465414047241,0.0004651739145629108,0.0004651739145629108,0.008289729245007038,0.00023993299691937864,0.00023993299691937864,0.028943405728708446,-0.45513445138931274
UCI,1,11,20,0.6884313821792603,0.22086305214969307,0.5249999999999999,0.6875362992286682,0.0004022343782708049,0.0004022343782708049,0.00838861521333456,0.00024046895850915462,0.00024046895850915462,0.02866610905300611,-0.4459678530693054
UCI,1,11,21,0.6875318884849548,0.22011272658140596,0.5249999999999999,0.6872051954269409,0.0003493379335850477,0.0003493379335850477,0.008451946079730988,0.00024142314214259386,0.00024142314214259386,0.028564207564168227,-0.43728944659233093
UCI,1,11,22,0.6877685785293579,0.21645482913637396,0.5299999999999999,0.6868551969528198,0.0003051348903682083,0.0003051348903682083,0.008543911390006542,0.00024268816923722625,0.00024268816923722625,0.028404808776585452,-0.420743465423584
UCI,1,11,23,0.6866492629051208,0.22715542521212734,0.5299999999999999,0.6864897012710571,0.00026840134523808956,0.00026840134523808956,0.008687102235853672,0.0002441663236822933,0.0002441663236822933,0.02810676299797217,-0.3961241841316223
UCI,1,11,24,0.6871291399002075,0.2484646732989441,0.5299999999999999,0.6861013770103455,0.00023814338783267885,0.00023814338783267885,0.008825456723570824,0.0002457600785419345,0.0002457600785419345,0.027846726377974775,-0.3651522099971771
UCI,1,23,1,0.6992201507091522,0.1261371679615266,0.5099999999999999,0.6932592391967773,0.004927529022097588,0.004927529022097588,0.015040772035717964,0.00037696215440519154,0.00037696215440519154,0.025062686510373498,-0.054341912269592285
UCI,1,23,2,0.6979406774044037,0.24112141108520604,0.5099999999999999,0.6928371787071228,0.004351239185780287,0.004351239185780287,0.014444411732256413,0.00035742379259318113,0.00035742379259318113,0.024744780141859518,-0.05852571129798889
UCI,1,23,3,0.6971927881240845,0.22808577638091165,0.5099999999999999,0.6924545764923096,0.0038334489800035954,0.0038334489800035954,0.013968195766210556,0.0003406153409741819,0.0003406153409741819,0.024385063516802908,-0.07159234583377838
UCI,1,23,4,0.6959740817546844,0.23099715105270544,0.5049999999999999,0.692082941532135,0.0033720587380230427,0.0033720587380230427,0.013522614724934101,0.00032549360184930265,0.00032549360184930265,0.02407031542865234,-0.08312465995550156
UCI,1,23,5,0.6951902508735657,0.2,0.5099999999999999,0.6917341947555542,0.002961901016533375,0.002961901016533375,0.013157589361071587,0.0003126164374407381,0.0003126164374407381,0.02375940066693781,-0.10193320363759995
UCI,1,23,6,0.6945780515670776,0.21892691493473396,0.49499999999999994,0.6913890242576599,0.0025980595964938402,0.0025980595964938402,0.01282025407999754,0.00030128422076813877,0.00030128422076813877,0.023500643504266384,-0.12244775146245956
UCI,1,23,7,0.693615049123764,0.25286086871208685,0.49999999999999994,0.6910581588745117,0.0022756417747586966,0.0022756417747586966,0.012523844838142395,0.0002914107171818614,0.0002914107171818614,0.023268470741057586,-0.1450779289007187
UCI,1,23,8,0.6933189332485199,0.21989091855183412,0.49999999999999994,0.6907317638397217,0.0019905182998627424,0.0019905182998627424,0.012248645536601543,0.0002830743615049869,0.0002830743615049869,0.023110666453617326,-0.17283783853054047
UCI,1,23,9,0.6930862963199615,0.23359995222950578,0.5049999999999999,0.6904204487800598,0.0017388815758749843,0.0017388815758749843,0.01199118047952652,0.00027596059953793883,0.00027596059953793883,0.023013630727108807,-0.2026585191488266
UCI,1,23,10,0.6921762526035309,0.28322059201851035,0.5049999999999999,0.6901240944862366,0.0015170066617429256,0.0015170066617429256,0.011756096966564655,0.00026993200299330056,0.00026993200299330056,0.02296102216245836,-0.23196034133434296
UCI,1,23,11,0.69203120470047,0.28322059201851035,0.5049999999999999,0.6898368000984192,0.0013213034253567457,0.0013213034253567457,0.011515099555253983,0.00026494517805986106,0.00026494517805986106,0.023008500863457564,-0.2641773521900177
UCI,1,23,12,0.6907891035079956,0.27165268399721654,0.5049999999999999,0.6895620822906494,0.0011488159652799368,0.0011488159652799368,0.0113010723143816,0.0002606468042358756,0.0002606468042358756,0.02306390021982072,-0.29342904686927795
UCI,1,23,13,0.6904380619525909,0.2997004492513102,0.5049999999999999,0.6892787218093872,0.0009968387894332409,0.0009968387894332409,0.011088402010500431,0.0002571188088040799,0.0002571188088040799,0.02318808504242496,-0.3207973539829254
UCI,1,23,14,0.6903124451637268,0.2997004492513102,0.5049999999999999,0.6889886260032654,0.0008628412615507841,0.0008628412615507841,0.010873998515307903,0.00025423255283385515,0.00025423255283385515,0.02337985907170748,-0.34785783290863037
UCI,1,23,15,0.6901144087314606,0.29541957835039856,0.48999999999999994,0.6886927485466003,0.000744655670132488,0.000744655670132488,0.010605525225400925,0.00025199149968102574,0.00025199149968102574,0.0237603979364916,-0.379840612411499
UCI,1,23,16,0.6896125078201294,0.29236564320829667,0.5049999999999999,0.6883960366249084,0.0006406978936865926,0.0006406978936865926,0.010278296656906605,0.0002502976858522743,0.0002502976858522743,0.024352058926425738,-0.41524776816368103
UCI,1,23,17,0.6896151900291443,0.27431506742959905,0.48999999999999994,0.6881006956100464,0.000549785909242928,0.000549785909242928,0.009961351752281189,0.0002489849575795233,0.0002489849575795233,0.02499509742967412,-0.44464126229286194
UCI,1,23,18,0.6882314383983612,0.2773500981126146,0.5099999999999999,0.6878079175949097,0.00047061312943696976,0.00047061312943696976,0.009657886810600758,0.00024797776131890714,0.00024797776131890714,0.02567619254418265,-0.46967220306396484
UCI,1,23,19,0.6881305277347565,0.2997004492513102,0.5099999999999999,0.6875010132789612,0.00040220224764198065,0.00040220224764198065,0.00932084210216999,0.0002473967906553298,0.0002473967906553298,0.02654232181422033,-0.49030187726020813
UCI,1,23,20,0.6888327598571777,0.3104602102825332,0.5099999999999999,0.6871888041496277,0.0003435325052123517,0.0003435325052123517,0.008974877186119556,0.0002470594772603363,0.0002470594772603363,0.027527895049353508,-0.5050615668296814
UCI,1,23,21,0.6875174343585968,0.34141531479696996,0.5099999999999999,0.6868899464607239,0.0002935674274340272,0.0002935674274340272,0.008635222911834717,0.0002468778402544558,0.0002468778402544558,0.028589631417169973,-0.5144605040550232
UCI,1,23,22,0.6869792640209198,0.34141531479696996,0.5099999999999999,0.686585009098053,0.00025157057098113,0.00025157057098113,0.008325795643031597,0.0002467880549374968,0.0002467880549374968,0.02964137789570296,-0.5124937295913696
UCI,1,23,23,0.6868075132369995,0.3267616012328021,0.5099999999999999,0.686279833316803,0.0002167234051739797,0.0002167234051739797,0.008086024783551693,0.00024674885207787156,0.00024674885207787156,0.030515470664868528,-0.49371451139450073
UCI,1,23,24,0.684712141752243,0.337099931231621,0.5099999999999999,0.6859875917434692,0.00018812653433997184,0.00018812653433997184,0.0078550660982728,0.0002467146550770849,0.0002467146550770849,0.03140834870012531,-0.47110721468925476
UCI,1,23,25,0.6848960220813751,0.337099931231621,0.5099999999999999,0.6856856942176819,0.0001650678168516606,0.0001650678168516606,0.007654535584151745,0.00024667492834851146,0.00024667492834851146,0.03222598231292269,-0.4320862889289856
UCI,1,23,26,0.6866198778152466,0.337099931231621,0.5099999999999999,0.6853801012039185,0.0001467209222028032,0.0001467209222028032,0.0074255517683923244,0.0002465433208271861,0.0002465433208271861,0.033202020336943146,-0.3825964033603668
UCI,1,23,27,0.6848575472831726,0.34141531479696996,0.5149999999999999,0.6850998401641846,0.0001322301395703107,0.0001322301395703107,0.0073120808228850365,0.00024640103220008314,0.00024640103220008314,0.0336977993225824,-0.3297734260559082
UCI,1,23,28,0.68513223528862,0.34141531479696996,0.5149999999999999,0.6848241090774536,0.00012114892160752788,0.00012114892160752788,0.007482300512492657,0.0002461230324115604,0.0002461230324115604,0.03289403198930951,-0.24741294980049133
UCI,1,23,29,0.6843379139900208,0.35136418446315326,0.5149999999999999,0.68455570936203,0.00011282842751825228,0.00011282842751825228,0.007816940546035767,0.0002457970113027841,0.0002457970113027841,0.031444144912607275,-0.16965407133102417
UCI,1,23,30,0.6829023957252502,0.3708099243547831,0.5099999999999999,0.6842725276947021,0.00010671527707017958,0.00010671527707017958,0.00772098870947957,0.0002454669156577438,0.0002454669156577438,0.03179216093871084,-0.13999080657958984
UCI,1,23,31,0.6859418451786041,0.3708099243547831,0.5099999999999999,0.68398517370224,0.00010247725003864616,0.00010247725003864616,0.007467813324183226,0.00024515078985132277,0.00024515078985132277,0.032827653719924174,-0.12661302089691162
UCI,1,23,32,0.6863333582878113,0.3803341794400215,0.5049999999999999,0.6836954951286316,9.951117681339383e-05,9.951117681339383e-05,0.007056042551994324,0.00024503868189640343,0.00024503868189640343,0.03472749492236914,-0.17813009023666382
UCI,1,23,33,0.6833891868591309,0.38644907980014026,0.49999999999999994,0.6834090948104858,9.771686745807528e-05,9.771686745807528e-05,0.007062623742967844,0.0002453590859659016,0.0002453590859659016,0.03474050082452746,-0.22436749935150146
UCI,1,23,34,0.6839952170848846,0.3897418814769785,0.5049999999999999,0.6831005811691284,9.674380271462724e-05,9.674380271462724e-05,0.007121171802282333,0.000245684728724882,0.000245684728724882,0.03450060405032499,-0.29656070470809937
UCI,1,23,35,0.6825073659420013,0.39904344223381105,0.49999999999999994,0.6827782988548279,9.639142081141472e-05,9.639142081141472e-05,0.0074071865528821945,0.0002462316188029945,0.0002462316188029945,0.033242259668373526,-0.37150171399116516
UCI,1,23,36,0.6847305595874786,0.3897418814769785,0.49999999999999994,0.6824394464492798,9.654062887420878e-05,9.654062887420878e-05,0.007835300639271736,0.00024687519180588424,0.00024687519180588424,0.03150806882489073,-0.42549681663513184
UCI,1,23,37,0.6814193725585938,0.39904344223381105,0.49499999999999994,0.6820892691612244,9.69515967881307e-05,9.69515967881307e-05,0.008413472212851048,0.0002479393151588738,0.0002479393151588738,0.029469321213204003,-0.4819920063018799
UCI,1,23,38,0.6809159517288208,0.39904344223381105,0.49499999999999994,0.68171226978302,9.779060201253742e-05,9.779060201253742e-05,0.008704827167093754,0.000249343051109463,0.000249343051109463,0.028644227659342505,-0.503156304359436
UCI,1,23,39,0.6815923750400543,0.39904344223381105,0.49499999999999994,0.6812970042228699,9.898262214846909e-05,9.898262214846909e-05,0.008641308173537254,0.00025096634635701776,0.00025096634635701776,0.029042633513009706,-0.4803011119365692
UCI,1,23,40,0.6811037063598633,0.39904344223381105,0.49499999999999994,0.68086177110672,0.00010033788566943258,0.00010033788566943258,0.008716587908565998,0.0002530034980736673,0.0002530034980736673,0.029025520160822875,-0.4292132556438446
UCI,1,37,1,0.699321836233139,0.10540925533894598,0.5499999999999999,0.6959640979766846,0.0027237164322286844,0.0027237164322286844,0.023740919306874275,0.0003197433252353221,0.0003197433252353221,0.013468026284169174,-0.20627525448799133
UCI,1,37,2,0.6989958882331848,0.14907119849998599,0.5399999999999999,0.6950103044509888,0.002322427462786436,0.002322427462786436,0.02271457202732563,0.00031456255237571895,0.00031456255237571895,0.013848491267953462,-0.22273842990398407
UCI,1,37,3,0.6971055269241333,0.16807316136320358,0.5449999999999999,0.6940991282463074,0.001973820151761174,0.001973820151761174,0.021678807213902473,0.00031061714980751276,0.00031061714980751276,0.014328147611752185,-0.2409711331129074
UCI,1,37,4,0.6961585879325867,0.16807316136320358,0.5449999999999999,0.6932361125946045,0.0016740511637181044,0.0016740511637181044,0.020658979192376137,0.0003076378779951483,0.0003076378779951483,0.01489124293753474,-0.26174241304397583
UCI,1,37,5,0.6953478157520294,0.2,0.5399999999999999,0.6924319863319397,0.0014182182494550943,0.0014182182494550943,0.019658708944916725,0.0003053416439797729,0.0003053416439797729,0.015532131069000185,-0.2849104702472687
UCI,1,37,6,0.6939140260219574,0.16807316136320358,0.5399999999999999,0.6916735172271729,0.001200863509438932,0.001200863509438932,0.018652502447366714,0.0003035537665709853,0.0003035537665709853,0.016274157713022566,-0.31016382575035095
UCI,1,37,7,0.6926592588424683,0.25362863675089403,0.5349999999999999,0.6909595131874084,0.0010166418505832553,0.0010166418505832553,0.017639178782701492,0.0003021906304638833,0.0003021906304638833,0.017131785679287838,-0.3374347686767578
UCI,1,37,8,0.6918405294418335,0.2,0.5349999999999999,0.6903008818626404,0.0008606559131294489,0.0008606559131294489,0.016644105315208435,0.0003011893422808498,0.0003011893422808498,0.01809585655563235,-0.36622774600982666
UCI,1,37,9,0.6906116008758545,0.16807316136320358,0.5349999999999999,0.6896876096725464,0.0007286976324394345,0.0007286976324394345,0.01565885730087757,0.0003005541511811316,0.0003005541511811316,0.019193875096127713,-0.39620423316955566
UCI,1,37,10,0.6907292008399963,0.21442250696755896,0.5299999999999999,0.6891319751739502,0.0006172535358928144,0.0006172535358928144,0.01473791804164648,0.00030022638384252787,0.00030022638384252787,0.0203710173305447,-0.4263392388820648
UCI,1,37,11,0.689142644405365,0.2,0.5299999999999999,0.6886447072029114,0.0005234042764641345,0.0005234042764641345,0.013949090614914894,0.00030018948018550873,0.00030018948018550873,0.02152036204170434,-0.4543117582798004
UCI,1,37,12,0.6886311769485474,0.24743582965269675,0.5249999999999999,0.6882115006446838,0.00044477818300947547,0.00044477818300947547,0.013333279639482498,0.00030046998290345073,0.00030046998290345073,0.0225353394684455,-0.47827643156051636
UCI,1,37,13,0.6883812248706818,0.22808577638091165,0.5249999999999999,0.6878171563148499,0.0003793468058574945,0.0003793468058574945,0.012909303419291973,0.0003011169901583344,0.0003011169901583344,0.023325580039302345,-0.4951310157775879
UCI,1,37,14,0.6880475580692291,0.2,0.5249999999999999,0.6874698996543884,0.00032529226155020297,0.00032529226155020297,0.012734112329781055,0.0003020863514393568,0.0003020863514393568,0.02372260771823667,-0.5021764039993286
UCI,1,37,15,0.6878518164157867,0.2,0.5249999999999999,0.6871585845947266,0.0002810731530189514,0.0002810731530189514,0.01286238618195057,0.00030337038333527744,0.00030337038333527744,0.023585855613710984,-0.4963037073612213
UCI,1,53,1,0.7040250599384308,0.0,0.05,0.700309157371521,0.0020674176048487425,0.0020674176048487425,0.027520835399627686,0.00025529717095196247,0.00025529717095196247,0.009276505136737829,-0.10844103246927261
UCI,1,53,2,0.7025335431098938,0.0,0.05,0.6992226839065552,0.0016654653009027243,0.0016654653009027243,0.026058794930577278,0.00023991306079551578,0.00023991306079551578,0.009206606116463307,-0.11940155923366547
UCI,1,53,3,0.7010105550289154,0.0,0.05,0.698213517665863,0.0013305599568411708,0.0013305599568411708,0.024764835834503174,0.00022762366279494017,0.00022762366279494017,0.009191406085470895,-0.13219769299030304
UCI,1,53,4,0.6978639662265778,0.0,0.05,0.6972745656967163,0.0010539363138377666,0.0010539363138377666,0.023604804649949074,0.00021826820739079267,0.00021826820739079267,0.009246770334583708,-0.14771237969398499
UCI,1,53,5,0.6970007419586182,0.0,0.05,0.6964160203933716,0.0008274396532215178,0.0008274396532215178,0.022588811814785004,0.00021132492111064494,0.00021132492111064494,0.009355291586090726,-0.16426295042037964
UCI,1,53,6,0.6972401440143585,0.18576071235199634,0.5399999999999999,0.6956155300140381,0.0006432118825614452,0.0006432118825614452,0.021673468872904778,0.00020614147069863975,0.00020614147069863975,0.009511235691317914,-0.18043363094329834
UCI,1,53,7,0.694673478603363,0.0784735610658242,0.5349999999999999,0.6948610544204712,0.0004942900268360972,0.0004942900268360972,0.02081470564007759,0.00020219795987941325,0.00020219795987941325,0.009714187813931512,-0.19656987488269806
UCI,1,53,8,0.6960260570049286,0.18576071235199634,0.5349999999999999,0.6941681504249573,0.00037466699723154306,0.00037466699723154306,0.020055262371897697,0.00019915387383662164,0.00019915387383662164,0.009930255218983556,-0.21475856006145477
UCI,1,53,9,0.6940427422523499,0.15900879764848913,0.5299999999999999,0.6934740543365479,0.00027996973949484527,0.00027996973949484527,0.019300904124975204,0.0001970094454009086,0.0001970094454009086,0.01020726511697346,-0.2363625466823578
UCI,1,53,10,0.6932039558887482,0.18576071235199634,0.5299999999999999,0.6928044557571411,0.00020729267271235585,0.00020729267271235585,0.018570121377706528,0.00019567580602597445,0.00019567580602597445,0.010537131236034013,-0.26014944911003113
UCI,1,53,11,0.6926009953022003,0.13031675310700033,0.5249999999999999,0.6921638250350952,0.0001541442034067586,0.0001541442034067586,0.017848368734121323,0.0001950283913174644,0.0001950283913174644,0.010926958884742342,-0.2838529050350189
UCI,1,53,12,0.6924428343772888,0.17407765595569785,0.5249999999999999,0.6915279030799866,0.00011760475172195584,0.00011760475172195584,0.017094748094677925,0.000195001601241529,0.000195001601241529,0.01140710586441683,-0.3071116507053375
UCI,1,53,13,0.691857635974884,0.17232808737106584,0.5199999999999999,0.6909281015396118,9.429968486074358e-05,9.429968486074358e-05,0.01631861738860607,0.0001953464961843565,0.0001953464961843565,0.011970774945722464,-0.3281319737434387
UCI,1,53,14,0.690785825252533,0.16222142113076254,0.5199999999999999,0.6903361082077026,8.100897684926167e-05,8.100897684926167e-05,0.01546555757522583,0.00019607871945481747,0.00019607871945481747,0.012678412562953089,-0.34937942028045654
UCI,1,71,1,0.7007750570774078,0.0,0.05,0.6948878765106201,0.005098819267004728,0.005098819267004728,0.021005138754844666,0.0004280493885744363,0.0004280493885744363,0.020378317590294907,-0.0923999473452568
UCI,1,71,2,0.6997776031494141,0.0,0.05,0.6941913366317749,0.004361551254987717,0.004361551254987717,0.01997668482363224,0.0003981601621489972,0.0003981601621489972,0.019931243129889965,-0.09377162903547287
UCI,1,71,3,0.6983175277709961,0.0,0.05,0.6935185790061951,0.00371829723007977,0.00371829723007977,0.018961532041430473,0.00037109272670932114,0.00037109272670932114,0.019570819799713063,-0.09621360898017883
UCI,1,71,4,0.6968658864498138,0.13793431476706133,0.48499999999999993,0.6928738951683044,0.00316293234936893,0.00316293234936893,0.018008464947342873,0.00034691873588599265,0.00034691873588599265,0.019264203634257016,-0.10197185724973679
UCI,1,71,5,0.6956861019134521,0.16807316136320358,0.48999999999999994,0.6922696828842163,0.0026883413083851337,0.0026883413083851337,0.017160721123218536,0.00032605239539407194,0.00032605239539407194,0.01899992389905582,-0.11304200440645218
UCI,1,71,6,0.6944550275802612,0.18539296413045087,0.48999999999999994,0.6917174458503723,0.0022856618743389845,0.0022856618743389845,0.01645345240831375,0.00030869117472320795,0.00030869117472320795,0.018761483429898862,-0.13029836118221283
UCI,1,71,7,0.6938840448856354,0.22808577638091165,0.49499999999999994,0.6911977529525757,0.0019454736029729247,0.0019454736029729247,0.01586122065782547,0.0002945838205050677,0.0002945838205050677,0.018572581950666484,-0.15486174821853638
UCI,1,71,8,0.6931380927562714,0.19487094073848926,0.49499999999999994,0.6907045841217041,0.001658863853663206,0.001658863853663206,0.01535832043737173,0.0002833064354490489,0.0002833064354490489,0.01844644644603672,-0.1830625683069229
UCI,1,71,9,0.6921178102493286,0.22808577638091165,0.49999999999999994,0.6902201175689697,0.0014175595715641975,0.0014175595715641975,0.014913715422153473,0.00027442173450253904,0.00027442173450253904,0.01840062833000697,-0.21105621755123138
UCI,1,71,10,0.6916435956954956,0.28867513459481287,0.49999999999999994,0.6897484660148621,0.0012138934107497334,0.0012138934107497334,0.014552184380590916,0.00026794365840032697,0.00026794365840032697,0.018412607440412784,-0.24255222082138062
UCI,1,71,11,0.6909359991550446,0.22808577638091165,0.5049999999999999,0.6892826557159424,0.0010415087454020977,0.0010415087454020977,0.014255295507609844,0.0002635367854963988,0.0002635367854963988,0.018486939492465524,-0.27164822816848755
UCI,1,71,12,0.6900391578674316,0.2773500981126146,0.5049999999999999,0.6888210773468018,0.0008948202594183385,0.0008948202594183385,0.014039079658687115,0.00026097308727912605,0.00026097308727912605,0.018589045266770098,-0.29619213938713074
UCI,1,71,13,0.6897767782211304,0.22808577638091165,0.5099999999999999,0.6883575916290283,0.0007692899671383202,0.0007692899671383202,0.013914345763623714,0.00025991236907429993,0.00025991236907429993,0.018679453097521052,-0.31547993421554565
UCI,1,71,14,0.6893142759799957,0.2656844656620286,0.5099999999999999,0.6878937482833862,0.0006614337326027453,0.0006614337326027453,0.013861154206097126,0.00026006854022853076,0.00026006854022853076,0.018762401482708708,-0.3315388560295105
UCI,1,71,15,0.6889825463294983,0.22808577638091165,0.5149999999999999,0.6874271631240845,0.0005687898956239223,0.0005687898956239223,0.01386837288737297,0.00026112154591828585,0.00026112154591828585,0.01882856395908093,-0.342876672744751
UCI,1,71,16,0.6878164410591125,0.24112141108520604,0.5149999999999999,0.6869630217552185,0.0004895388265140355,0.0004895388265140355,0.013927169144153595,0.00026286099455319345,0.00026286099455319345,0.01887397157544671,-0.34940847754478455
UCI,1,71,17,0.6876088976860046,0.25362863675089403,0.5149999999999999,0.6864761710166931,0.0004221494309604168,0.0004221494309604168,0.013939375057816505,0.0002651952672749758,0.0002651952672749758,0.019024903639870677,-0.35551905632019043
UCI,1,71,18,0.6864299476146698,0.28867513459481287,0.5149999999999999,0.6859789490699768,0.00036523593007586896,0.00036523593007586896,0.014061752706766129,0.0002676873409654945,0.0002676873409654945,0.01903655586523654,-0.3525976240634918
UCI,1,89,1,0.6972817480564117,0.16807316136320358,0.5099999999999999,0.6917656660079956,0.004806201439350843,0.004806201439350843,0.011812927201390266,0.0004474378365557641,0.0004474378365557641,0.03787696554187729,-0.1466062217950821
UCI,1,89,2,0.6967791318893433,0.16487498971248796,0.48999999999999994,0.6914924383163452,0.004080848302692175,0.004080848302692175,0.011608111672103405,0.0004094736941624433,0.0004094736941624433,0.03527478936530993,-0.1749725639820099
UCI,1,89,3,0.6955814361572266,0.1655211777204736,0.49999999999999994,0.6912402510643005,0.0034505538642406464,0.0034505538642406464,0.0114198112860322,0.00037928245728835464,0.00037928245728835464,0.03321267294077465,-0.2157306969165802
UCI,1,89,4,0.6943483948707581,0.17568209223157663,0.48499999999999993,0.6909914612770081,0.002909196075052023,0.002909196075052023,0.01125645823776722,0.00035500680678524077,0.00035500680678524077,0.031538055690922044,-0.25663498044013977
UCI,1,89,5,0.6938111484050751,0.16815187889257904,0.49999999999999994,0.6907330751419067,0.0024476770777255297,0.0024476770777255297,0.011091265827417374,0.00033615779830142856,0.00033615779830142856,0.03030833482238372,-0.2992148995399475
UCI,1,89,6,0.6924686431884766,0.1846372364689991,0.5249999999999999,0.6904805898666382,0.0020562694407999516,0.0020562694407999516,0.010958771221339703,0.00032132616615854204,0.00032132616615854204,0.029321368214424694,-0.33624300360679626
UCI,1,89,7,0.6927359402179718,0.18699392279626206,0.48499999999999993,0.6902133226394653,0.001725197653286159,0.001725197653286159,0.01082002092152834,0.0003101593174505979,0.0003101593174505979,0.02866531587138443,-0.37305009365081787
UCI,1,89,8,0.6915852129459381,0.1655211777204736,0.5049999999999999,0.6899495720863342,0.0014459426747635007,0.0014459426747635007,0.010699693113565445,0.0003018049173988402,0.0003018049173988402,0.028206876047332737,-0.40951263904571533
UCI,1,89,9,0.6913107335567474,0.1846372364689991,0.5349999999999999,0.6896737813949585,0.001211695373058319,0.001211695373058319,0.010579835623502731,0.00029580414411611855,0.00029580414411611855,0.027959238181262485,-0.44482937455177307
UCI,1,89,10,0.6904879808425903,0.17770466332772772,0.4799999999999999,0.6893925070762634,0.0010164835257455707,0.0010164835257455707,0.010473827831447124,0.0002916869707405567,0.0002916869707405567,0.02784912788663393,-0.47789978981018066
UCI,1,89,11,0.6901716589927673,0.18699392279626206,0.4799999999999999,0.6891027688980103,0.0008550913771614432,0.0008550913771614432,0.010362211614847183,0.000289161573164165,0.000289161573164165,0.02790539162024529,-0.5079980492591858
UCI,1,89,12,0.6905894577503204,0.1892583246525563,0.5049999999999999,0.6888076066970825,0.0007224942091852427,0.0007224942091852427,0.010257655754685402,0.0002878975647035986,0.0002878975647035986,0.02806660426014933,-0.5352398753166199
UCI,1,89,13,0.6893525421619415,0.20085883379503597,0.5049999999999999,0.6885179281234741,0.0006138692842796445,0.0006138692842796445,0.010181071236729622,0.00028756409301422536,0.00028756409301422536,0.028244974062925535,-0.5579138398170471
UCI,1,89,14,0.688019722700119,0.22282825891079322,0.4749999999999999,0.6882253289222717,0.0005247386870905757,0.0005247386870905757,0.010110563598573208,0.0002880102547351271,0.0002880102547351271,0.028486073197321146,-0.5765858888626099
UCI,1,89,15,0.6891724765300751,0.19728305039201205,0.5049999999999999,0.6879097819328308,0.0004512624582275748,0.0004512624582275748,0.010026109404861927,0.00028918733005411923,0.00028918733005411923,0.02884342454051864,-0.59173583984375
UCI,1,89,16,0.6891281306743622,0.19728305039201205,0.5049999999999999,0.6875937581062317,0.00038999124080874026,0.00038999124080874026,0.00995418056845665,0.0002906870795413852,0.0002906870795413852,0.02920251220502572,-0.6033036112785339
UCI,1,89,17,0.6878598630428314,0.22282825891079322,0.4699999999999999,0.6872792840003967,0.00033845871803350747,0.00033845871803350747,0.009900689125061035,0.0002923377905972302,0.0002923377905972302,0.029527014423395302,-0.6100592613220215
UCI,1,89,18,0.6868992447853088,0.20085883379503597,0.5099999999999999,0.6869497895240784,0.00029508277657441795,0.00029508277657441795,0.009852789342403412,0.00029411696596071124,0.00029411696596071124,0.029851137149042778,-0.61152583360672
UCI,1,89,19,0.6877932548522949,0.20478889182363452,0.5199999999999999,0.6866032481193542,0.0002587700146250427,0.0002587700146250427,0.009770724922418594,0.00029592300415970385,0.00029592300415970385,0.030286698940906485,-0.6081151962280273
UCI,1,89,20,0.6874144375324249,0.22086305214969307,0.4649999999999999,0.6862474679946899,0.00022863397316541523,0.00022863397316541523,0.009708119556307793,0.00029758072923868895,0.00029758072923868895,0.030652767254533617,-0.5983954668045044
UCI,1,89,21,0.6861515939235687,0.20085883379503597,0.5099999999999999,0.685879647731781,0.0002040231047431007,0.0002040231047431007,0.009638831950724125,0.0002989889762829989,0.0002989889762829989,0.031019212474239385,-0.5877816677093506
UCI,1,89,22,0.685538649559021,0.22282825891079322,0.4599999999999999,0.6854985356330872,0.00018445403838995844,0.00018445403838995844,0.009549560025334358,0.0003001834556926042,0.0003001834556926042,0.031434270782762466,-0.5702053308486938
UCI,1,107,1,0.7005606889724731,0.0,0.05,0.6959205865859985,0.0035984651185572147,0.0035984651185572147,0.016842374578118324,0.00040355490637011826,0.00040355490637011826,0.02396068942050596,0.1345902681350708
UCI,1,107,2,0.6997067034244537,0.0,0.05,0.6952486038208008,0.0029414158780127764,0.0029414158780127764,0.015944242477416992,0.0003728882293216884,0.0003728882293216884,0.0233870144567757,0.11623130738735199
UCI,1,107,3,0.6980587244033813,0.0,0.05,0.6946204304695129,0.0023800928611308336,0.0023800928611308336,0.015134360641241074,0.0003491724783089012,0.0003491724783089012,0.023071505072860994,0.0916011855006218
UCI,1,107,4,0.6970657110214233,0.0,0.05,0.694036066532135,0.0019061219645664096,0.0019061219645664096,0.01448278222233057,0.0003314747882541269,0.0003314747882541269,0.022887507604929375,0.05934484302997589
UCI,1,107,5,0.6953072249889374,0.1846372364689991,0.48499999999999993,0.6934941411018372,0.0015110931126400828,0.0015110931126400828,0.013935118913650513,0.0003185545210726559,0.0003185545210726559,0.022859835143610254,0.02275896444916725
UCI,1,107,6,0.6949963867664337,0.186858321674153,0.48499999999999993,0.6929832100868225,0.0011876400094479322,0.0011876400094479322,0.013525835238397121,0.0003092507249675691,0.0003092507249675691,0.02286370634544391,-0.019817830994725227
UCI,1,107,7,0.6938478052616119,0.17323973216880925,0.48999999999999994,0.6924954652786255,0.0009280128288082778,0.0009280128288082778,0.013202079571783543,0.0003026267804671079,0.0003026267804671079,0.02292265993562894,-0.06513786315917969
UCI,1,107,8,0.6931878328323364,0.14595127662315596,0.48999999999999994,0.6920276284217834,0.000723897130228579,0.000723897130228579,0.012974909506738186,0.00029812066350132227,0.00029812066350132227,0.02297670464264132,-0.11278388649225235
UCI,1,107,9,0.6926522552967072,0.19781414201873612,0.49499999999999994,0.6915637254714966,0.0005667466903105378,0.0005667466903105378,0.012818880379199982,0.0002954348165076226,0.0002954348165076226,0.02304685025277227,-0.16200989484786987
UCI,1,107,10,0.691897988319397,0.19367011027991354,0.49999999999999994,0.6911110281944275,0.0004478284972719848,0.0004478284972719848,0.012732109986245632,0.0002942998835351318,0.0002942998835351318,0.023114777036411165,-0.21064023673534393
UCI,1,107,11,0.6911845505237579,0.17897494805707315,0.49999999999999994,0.6906699538230896,0.00035878573544323444,0.00035878573544323444,0.012717832811176777,0.0002944852167274803,0.0002944852167274803,0.023155298634581725,-0.257446825504303
UCI,1,107,12,0.6908533275127411,0.21063058936525558,0.5049999999999999,0.6902136206626892,0.0002923502470366657,0.0002923502470366657,0.012743819504976273,0.00029572437051683664,0.00029572437051683664,0.023205316930403844,-0.30285924673080444
UCI,1,107,13,0.6903358399868011,0.19367011027991354,0.5099999999999999,0.6897500157356262,0.00024254406162071973,0.00024254406162071973,0.012823473662137985,0.00029767368687316775,0.00029767368687316775,0.023213186591716235,-0.34561607241630554
UCI,1,107,14,0.6905109286308289,0.1846372364689991,0.5449999999999999,0.6892725229263306,0.00020500387472566217,0.00020500387472566217,0.012936626560986042,0.00030003770370967686,0.00030003770370967686,0.02319288589612095,-0.38433000445365906
UCI,1,107,15,0.6887384951114655,0.2044398826909146,0.5149999999999999,0.6887956857681274,0.000176766247022897,0.000176766247022897,0.013101681135594845,0.00030262782820500433,0.00030262782820500433,0.023098396692224517,-0.4170456528663635
UCI,1,107,16,0.6881637275218964,0.19367011027991354,0.5199999999999999,0.6882883906364441,0.0001560307282488793,0.0001560307282488793,0.013286403380334377,0.00030558128491975367,0.00030558128491975367,0.022999548950324217,-0.443918377161026
UCI,1,107,17,0.6884972155094147,0.23655309301829208,0.5199999999999999,0.6877394914627075,0.00014145957538858056,0.00014145957538858056,0.013497165404260159,0.00030883291037753224,0.00030883291037753224,0.022881316271048602,-0.4622165560722351
UCI,1,107,18,0.6883296072483063,0.2087912087912088,0.5199999999999999,0.6871632933616638,0.00013184572162572294,0.00013184572162572294,0.013747578486800194,0.00031208593281917274,0.00031208593281917274,0.022701156652338707,-0.4695213735103607
UCI,1,107,19,0.6876464188098907,0.24426357542638014,0.5249999999999999,0.6865637302398682,0.00012611516285687685,0.00012611516285687685,0.014041852205991745,0.0003151706187054515,0.0003151706187054515,0.022445088730599673,-0.4658920466899872
UCI,1,107,20,0.6851218938827515,0.21517402008629544,0.5299999999999999,0.685939371585846,0.0001232820941368118,0.0001232820941368118,0.0143500454723835,0.0003180909843649715,0.0003180909843649715,0.02216654887799025,-0.45594197511672974
UCI,1,107,21,0.6856371164321899,0.2567469632055359,0.5299999999999999,0.6852555871009827,0.00012287723075132817,0.00012287723075132817,0.014759717509150505,0.000320935359923169,0.000320935359923169,0.021744004228007777,-0.4276370108127594
UCI,1,107,22,0.6841603517532349,0.23127248386919552,0.5299999999999999,0.684524655342102,0.00012392443022690713,0.00012392443022690713,0.015228085219860077,0.00032374743022955954,0.00032374743022955954,0.021259890889455783,-0.3916182816028595
UCI,1,107,23,0.6851111054420471,0.2472066162365221,0.5349999999999999,0.6837445497512817,0.00012597559543792158,0.00012597559543792158,0.01596306636929512,0.0003264989936724305,0.0003264989936724305,0.020453400751402607,-0.33280161023139954
UCI,1,107,24,0.6847677230834961,0.2673939106929519,0.5349999999999999,0.6829121112823486,0.00012819509720429778,0.00012819509720429778,0.01672428287565708,0.0003292650217190385,0.0003292650217190385,0.01968784097752245,-0.27908432483673096
UCI,1,107,25,0.6833032071590424,0.2656844656620286,0.5349999999999999,0.6820324659347534,0.00013027993554715067,0.00013027993554715067,0.017727045342326164,0.0003319217066746205,0.0003319217066746205,0.018724028751825,-0.22104300558567047
UCI,1,107,26,0.6821039021015167,0.2542872819425528,0.5349999999999999,0.6810896396636963,0.00013213416968937963,0.00013213416968937963,0.018994538113474846,0.0003345665172673762,0.0003345665172673762,0.01761382747338471,-0.1594470739364624
UCI,1,107,27,0.6796603500843048,0.2429493573646624,0.5349999999999999,0.6800931692123413,0.00013374746777117252,0.00013374746777117252,0.02097461000084877,0.0003371034108567983,0.0003371034108567983,0.01607197515678036,-0.08307823538780212
UCI,1,107,28,0.6802193522453308,0.2656844656620286,0.5349999999999999,0.6789839267730713,0.00013512399164028466,0.00013512399164028466,0.023478809744119644,0.0003396273823454976,0.0003396273823454976,0.01446527256052912,-0.008578361943364143
UCI,1,107,29,0.6770023107528687,0.2684624220856097,0.5349999999999999,0.6777687668800354,0.00013592241157311946,0.00013592241157311946,0.025277214124798775,0.00034214285551570356,0.00034214285551570356,0.013535623578867288,0.03101622313261032
UCI,1,107,30,0.6789543330669403,0.2656844656620286,0.5299999999999999,0.6764388680458069,0.00013668420433532447,0.00013668420433532447,0.028058482334017754,0.0003440899890847504,0.0003440899890847504,0.012263314351381721,0.08174705505371094
UCI,1,107,31,0.676871120929718,0.2650356625796317,0.5249999999999999,0.6749258637428284,0.00013695248344447464,0.00013695248344447464,0.02942933514714241,0.0003456698905210942,0.0003456698905210942,0.011745759419735269,0.09564635157585144
UCI,1,107,32,0.6758739054203033,0.287824837800531,0.5199999999999999,0.6732296347618103,0.00013693187793251127,0.00013693187793251127,0.029542554169893265,0.00034669620799832046,0.00034669620799832046,0.011735485225974049,0.08001593500375748
UCI,1,107,33,0.6717287600040436,0.2684624220856097,0.5149999999999999,0.671353280544281,0.00013663324352819473,0.00013663324352819473,0.028508927673101425,0.0003469592775218189,0.0003469592775218189,0.012170197402730789,0.02367570623755455
UCI,1,107,34,0.6701472103595734,0.25784170064485096,0.5099999999999999,0.6692715883255005,0.000136426548124291,0.000136426548124291,0.028556445613503456,0.00034559372579678893,0.00034559372579678893,0.012102126800870777,-0.023618951439857483
UCI,1,107,35,0.6689816415309906,0.2650356625796317,0.49999999999999994,0.6669479012489319,0.00013608316658064723,0.00013608316658064723,0.028963465243577957,0.0003430115757510066,0.0003430115757510066,0.011842905290038189,-0.09093774110078812
UCI,1,107,36,0.6656541526317596,0.27639921950277474,0.49499999999999994,0.6642996072769165,0.0001357359578832984,0.0001357359578832984,0.030873792245984077,0.00033898375113494694,0.00033898375113494694,0.010979660303280054,-0.09372598677873611
UCI,1,107,37,0.6649169325828552,0.2537296337232398,0.48999999999999994,0.6613044142723083,0.00013530926662497222,0.00013530926662497222,0.03471511974930763,0.00033508753404021263,0.00033508753404021263,0.00965249541006972,-0.005434196908026934
UCI,1,107,38,0.6616904437541962,0.2472066162365221,0.48999999999999994,0.657988965511322,0.00013451074482873082,0.00013451074482873082,0.03505150228738785,0.0003321670228615403,0.0003321670228615403,0.009476541693936465,-0.06538248062133789
UCI,1,107,39,0.6570926904678345,0.2684624220856097,0.48499999999999993,0.6543670296669006,0.0001338211732218042,0.0001338211732218042,0.03711855784058571,0.00033057626569643617,0.00033057626569643617,0.008905956613836478,-0.01201770082116127
UCI,1,107,40,0.6545201241970062,0.23782391693748445,0.49999999999999994,0.6505889296531677,0.00013345842307899147,0.00013345842307899147,0.06092188507318497,0.00033257727045565844,0.00033257727045565844,0.005459077145366333,0.20474863052368164
UCI,1,131,1,0.6993746757507324,0.03316790634033297,0.4599999999999999,0.6957391500473022,0.0025522897485643625,0.0025522897485643625,0.019469140097498894,0.00030370510648936033,0.00030370510648936033,0.015599307671959065,0.025449570268392563
UCI,1,131,2,0.6983231604099274,0.09899678265684461,0.4599999999999999,0.6949462890625,0.002099312376230955,0.002099312376230955,0.018540402874350548,0.0002941155689768493,0.0002941155689768493,0.015863493958037947,0.008827864192426205
UCI,1,131,3,0.6962170302867889,0.10994987428338562,0.4599999999999999,0.6942139863967896,0.0017176964320242405,0.0017176964320242405,0.017664607614278793,0.000287468486931175,0.000287468486931175,0.016273697848731505,-0.016135189682245255
UCI,1,131,4,0.6962779462337494,0.1294595556006309,0.48499999999999993,0.6935400366783142,0.0013973404420539737,0.0013973404420539737,0.016862504184246063,0.0002829653094522655,0.0002829653094522655,0.01678074065159481,-0.04827217385172844
UCI,1,131,5,0.6951103210449219,0.1846372364689991,0.48999999999999994,0.6928828954696655,0.0011303563369438052,0.0011303563369438052,0.01607051119208336,0.0002801878727041185,0.0002801878727041185,0.017434907287961345,-0.08743486553430557
UCI,1,131,6,0.6943865716457367,0.09899678265684461,0.4649999999999999,0.6922498941421509,0.0009105360950343311,0.0009105360950343311,0.015305849723517895,0.00027874563238583505,0.00027874563238583505,0.018211705813205133,-0.13221454620361328
UCI,1,131,7,0.6926294565200806,0.10994987428338562,0.4649999999999999,0.6916303038597107,0.0007320231525227427,0.0007320231525227427,0.014547168277204037,0.0002782658557407558,0.0002782658557407558,0.019128523877517036,-0.18200939893722534
UCI,1,131,8,0.693155974149704,0.16807316136320358,0.5099999999999999,0.691041111946106,0.0005889650201424956,0.0005889650201424956,0.013839233666658401,0.0002784174575936049,0.0002784174575936049,0.02011798227414648,-0.2348659336566925
UCI,1,131,9,0.6913643479347229,0.2,0.5149999999999999,0.6904662847518921,0.0004755920672323555,0.0004755920672323555,0.013132446445524693,0.0002790640282910317,0.0002790640282910317,0.02124996507304485,-0.29060378670692444
UCI,1,131,10,0.6905037462711334,0.14808721943977307,0.49999999999999994,0.6899265646934509,0.0003867745690513402,0.0003867745690513402,0.012478817254304886,0.0002801225637085736,0.0002801225637085736,0.022447845657162593,-0.34616219997406006
UCI,1,131,11,0.6902367472648621,0.16807316136320358,0.5299999999999999,0.6894270777702332,0.0003180774219799787,0.0003180774219799787,0.011913986876606941,0.00028154332539997995,0.00028154332539997995,0.023631327473827336,-0.3985051214694977
UCI,1,131,12,0.6893079578876495,0.1846372364689991,0.5349999999999999,0.688930869102478,0.0002657526056282222,0.0002657526056282222,0.011369428597390652,0.00028327913605608046,0.00028327913605608046,0.024915863944217444,-0.4494318962097168
UCI,1,131,13,0.6896001994609833,0.14990633779917228,0.5449999999999999,0.6884446740150452,0.00022658567468170077,0.00022658567468170077,0.010859658941626549,0.00028520094929262996,0.00028520094929262996,0.026262422312308166,-0.4965701699256897
UCI,1,131,14,0.6893948614597321,0.1846372364689991,0.5499999999999999,0.6879765391349792,0.0001978008367586881,0.0001978008367586881,0.010412576608359814,0.0002872622280847281,0.0002872622280847281,0.027588006205313056,-0.5372613668441772
UCI,1,131,15,0.6884437799453735,0.16807316136320358,0.5599999999999999,0.6875147223472595,0.00017715363355819136,0.00017715363355819136,0.010024803690612316,0.00028943255892954767,0.00028943255892954767,0.02887164356151787,-0.5694456696510315
UCI,1,131,16,0.6873931288719177,0.2,0.565,0.6870669722557068,0.000162809737958014,0.000162809737958014,0.009751404635608196,0.00029161502607166767,0.00029161502607166767,0.029904925184501854,-0.5873096585273743
UCI,1,131,17,0.6879403293132782,0.16807316136320358,0.575,0.6866340637207031,0.00015319374506361783,0.00015319374506361783,0.009616414085030556,0.00029368497780524194,0.00029368497780524194,0.03053996793486756,-0.586677610874176
UCI,1,149,1,0.6971307098865509,0.16993235521110622,0.5149999999999999,0.6922993063926697,0.0037181780207902193,0.0037181780207902193,0.01583060622215271,0.00038202968426048756,0.00038202968426048756,0.024132347106574522,-0.27579936385154724
UCI,1,149,2,0.6951441466808319,0.10768601458875716,0.5299999999999999,0.6917359828948975,0.003130217082798481,0.003130217082798481,0.015516392886638641,0.0003629105049185455,0.0003629105049185455,0.023388844789503378,-0.30167853832244873
UCI,1,149,3,0.6943404674530029,0.19289712886816485,0.5449999999999999,0.6912157535552979,0.002628830960020423,0.002628830960020423,0.015270799398422241,0.0003471656527835876,0.0003471656527835876,0.022733954112412497,-0.3298857510089874
UCI,1,149,4,0.6934004127979279,0.16807316136320358,0.5499999999999999,0.6906824707984924,0.0022075928281992674,0.0022075928281992674,0.015033145435154438,0.0003342963755130768,0.0003342963755130768,0.02223728739637797,-0.3593708574771881
UCI,1,149,5,0.6918821036815643,0.14149998919097348,0.5299999999999999,0.6901626586914062,0.0018572128610685468,0.0018572128610685468,0.014822731725871563,0.00032394356094300747,0.00032394356094300747,0.02185451149855172,-0.38861384987831116
UCI,1,149,6,0.6914767324924469,0.1649572197684645,0.5549999999999999,0.6896616220474243,0.0015667664119973779,0.0015667664119973779,0.014669144526124,0.0003157443425152451,0.0003157443425152451,0.021524386916560948,-0.41671988368034363
UCI,1,149,7,0.6905325651168823,0.17712297710801905,0.5599999999999999,0.6891772150993347,0.0013258573599159718,0.0013258573599159718,0.014567023143172264,0.0003094490966759622,0.0003094490966759622,0.021243125217454237,-0.44190701842308044
UCI,1,149,8,0.690037339925766,0.19289712886816485,0.565,0.6886866092681885,0.0011260327883064747,0.0011260327883064747,0.014495440758764744,0.00030481343856081367,0.00030481343856081367,0.021028228367357966,-0.4639100730419159
UCI,1,149,9,0.6898826658725739,0.17740004829626463,0.57,0.6881837844848633,0.000960766279604286,0.000960766279604286,0.01445319689810276,0.00030158169101923704,0.00030158169101923704,0.02086608887607592,-0.48260870575904846
UCI,1,149,10,0.6893256306648254,0.19289712886816485,0.575,0.6876605153083801,0.0008248151862062514,0.0008248151862062514,0.01442165020853281,0.0002994899987243116,0.0002994899987243116,0.020766694129574253,-0.49889075756073
UCI,1,149,11,0.6886400580406189,0.17712297710801905,0.58,0.687129020690918,0.0007136008935049176,0.0007136008935049176,0.01442393846809864,0.0002981686848215759,0.0002981686848215759,0.020671794009731407,-0.5121901035308838
UCI,1,173,1,0.7023580968379974,0.10540925533894598,0.5399999999999999,0.6953449249267578,0.0057827020063996315,0.0057827020063996315,0.019435156136751175,0.0004707154876086861,0.0004707154876086861,0.024219794494914307,0.23702271282672882
UCI,1,173,2,0.7018702030181885,0.10540925533894598,0.5399999999999999,0.6948277354240417,0.005101377610117197,0.005101377610117197,0.018686562776565552,0.00044955642079003155,0.00044955642079003155,0.024057737432258613,0.23316802084445953
UCI,1,173,3,0.6991224884986877,0.3312945782245396,0.5349999999999999,0.6943215131759644,0.004502392373979092,0.004502392373979092,0.017993856221437454,0.000431174150435254,0.000431174150435254,0.023962298304993863,0.22771085798740387
UCI,1,173,4,0.6989955306053162,0.3104602102825332,0.5349999999999999,0.6938485503196716,0.003977434244006872,0.003977434244006872,0.017385978251695633,0.0004144888080190867,0.0004144888080190867,0.02384040759850037,0.21928946673870087
UCI,1,173,5,0.6979617774486542,0.2773500981126146,0.5349999999999999,0.6933901906013489,0.003517915029078722,0.003517915029078722,0.016820495948195457,0.0003993494901806116,0.0003993494901806116,0.02374183801776991,0.20885416865348816
UCI,1,173,6,0.6971059143543243,0.2656844656620286,0.5349999999999999,0.6929385662078857,0.003116098465397954,0.003116098465397954,0.016294710338115692,0.0003852166119031608,0.0003852166119031608,0.023640592800357012,0.19654318690299988
UCI,1,173,7,0.6950793564319611,0.3312945782245396,0.5299999999999999,0.692501962184906,0.0027651102282106876,0.0027651102282106876,0.015804346650838852,0.000371956848539412,0.000371956848539412,0.02353509808136672,0.18247568607330322
UCI,1,173,8,0.6957691311836243,0.3209833376209784,0.5299999999999999,0.6920925974845886,0.002458768431097269,0.002458768431097269,0.0153742004185915,0.00035910055157728493,0.00035910055157728493,0.02335734814169827,0.16642284393310547
UCI,1,173,9,0.6949600279331207,0.3104602102825332,0.5299999999999999,0.691703736782074,0.0021911344956606627,0.0021911344956606627,0.014964248053729534,0.00034729664912447333,0.00034729664912447333,0.023208426369136316,0.14898888766765594
UCI,1,173,10,0.6940611600875854,0.35136418446315326,0.5249999999999999,0.6913185119628906,0.001957191387191415,0.001957191387191415,0.014568914659321308,0.00033656536834314466,0.00033656536834314466,0.023101608885313048,0.12958578765392303
UCI,1,173,11,0.6929816007614136,0.34141531479696996,0.5249999999999999,0.6909276247024536,0.0017523429123684764,0.0017523429123684764,0.014174995943903923,0.0003269301087129861,0.0003269301087129861,0.023063859066117416,0.10760455578565598
UCI,1,173,12,0.6926212310791016,0.3209833376209784,0.5249999999999999,0.6905390620231628,0.0015723793767392635,0.0015723793767392635,0.013790030963718891,0.00031821164884604514,0.00031821164884604514,0.023075484723946545,0.08319515734910965
UCI,1,173,13,0.6917469799518585,0.36115755925730764,0.5199999999999999,0.6901633143424988,0.0014134841039776802,0.0014134841039776802,0.013411414809525013,0.00031042835325933993,0.00031042835325933993,0.023146577573521062,0.056401871144771576
UCI,1,173,14,0.6918553113937378,0.35136418446315326,0.5199999999999999,0.6897817850112915,0.001272547640837729,0.001272547640837729,0.013014299795031548,0.0003036681155208498,0.0003036681155208498,0.023333419415832175,0.02670493721961975
UCI,1,173,15,0.6912107169628143,0.34141531479696996,0.5199999999999999,0.6894153952598572,0.0011472144396975636,0.0011472144396975636,0.012616145424544811,0.0002977233671117574,0.0002977233671117574,0.023598599817384335,-0.004929596092551947
UCI,1,173,16,0.6897789239883423,0.36115755925730764,0.5149999999999999,0.6890503168106079,0.001035529188811779,0.001035529188811779,0.012182391248643398,0.00029276072746142745,0.00029276072746142745,0.02403146652296433,-0.03995883837342262
UCI,1,173,17,0.6889761388301849,0.36115755925730764,0.5149999999999999,0.6886901259422302,0.0009360729018226266,0.0009360729018226266,0.011730685830116272,0.0002883482666220516,0.0002883482666220516,0.024580682732272402,-0.07673890143632889
UCI,1,173,18,0.689752846956253,0.36115755925730764,0.5149999999999999,0.688359797000885,0.0008476932998746634,0.0008476932998746634,0.011352526023983955,0.000284120294963941,0.000284120294963941,0.025027055156155838,-0.10598529875278473
UCI,1,173,19,0.6896885931491852,0.36115755925730764,0.5149999999999999,0.6880195140838623,0.0007685237214900553,0.0007685237214900553,0.010890069417655468,0.0002805986150633544,0.0002805986150633544,0.025766467072141464,-0.13954034447669983
UCI,1,173,20,0.688598096370697,0.36115755925730764,0.5099999999999999,0.687683641910553,0.0006974952411837876,0.0006974952411837876,0.010369841940701008,0.0002775892207864672,0.0002775892207864672,0.026768896032729885,-0.17780765891075134
UCI,1,173,21,0.6877191960811615,0.36115755925730764,0.5099999999999999,0.6873639822006226,0.0006338708917610347,0.0006338708917610347,0.009855167008936405,0.00027484758174978197,0.00027484758174978197,0.027888678243662177,-0.21397118270397186
UCI,10,11,1,0.756276547908783,0.2057176443971225,0.4799999999999999,0.6932993531227112,0.005775673780590296,0.05775673780590296,0.011475218459963799,0.0003647789126262069,0.0036477891262620687,0.3178840680888943,-0.09267790615558624
UCI,10,11,2,0.7491244673728943,0.0837557891245889,0.48499999999999993,0.6928773522377014,0.0051202415488660336,0.051202415488660336,0.010953051969408989,0.000349570473190397,0.0034957047319039702,0.3191534872350828,-0.09722849726676941
UCI,10,11,3,0.7428349554538727,0.21979349113192903,0.48499999999999993,0.6924970149993896,0.004529244266450405,0.04529244266450405,0.010503383353352547,0.000334567972458899,0.00334567972458899,0.3185335250589603,-0.10602806508541107
UCI,10,11,4,0.7362249791622162,0.1623086135160589,0.48999999999999994,0.6921200156211853,0.003995850216597319,0.039958502165973186,0.010056772269308567,0.0003197419864591211,0.003197419864591211,0.3179369860396613,-0.11898316442966461
UCI,10,11,5,0.7308399975299835,0.17826260712863456,0.48999999999999994,0.6917798519134521,0.003514690790325403,0.03514690790325403,0.00967459101229906,0.00030547258211299777,0.0030547258211299777,0.31574728246874545,-0.13697609305381775
UCI,10,11,6,0.7259048521518707,0.19493925957690475,0.49499999999999994,0.6914682984352112,0.0030821103136986494,0.030821103136986494,0.00934537686407566,0.00029187611653469503,0.0029187611653469503,0.31232139782044427,-0.1598941832780838
UCI,10,11,7,0.721249908208847,0.16815763085533758,0.49499999999999994,0.6911671757698059,0.0026947609148919582,0.026947609148919582,0.009048925712704659,0.00027920506545342505,0.0027920506545342505,0.30855051120755933,-0.18849508464336395
UCI,10,11,8,0.7170524597167969,0.21645482913637396,0.49999999999999994,0.6909074187278748,0.0023491044994443655,0.023491044994443655,0.008821379393339157,0.0002674702845979482,0.002674702845979482,0.3032068712518016,-0.22034040093421936
UCI,10,11,9,0.7131682336330414,0.16682120232032635,0.49999999999999994,0.6906400918960571,0.0020417410414665937,0.020417410414665937,0.008600149303674698,0.0002572441881056875,0.002572441881056875,0.29911595604017177,-0.25713813304901123
UCI,10,11,10,0.7098296284675598,0.23782391693748445,0.5049999999999999,0.6903786063194275,0.0017690848326310515,0.017690848326310515,0.008416193537414074,0.0002484930446371436,0.002484930446371436,0.2952558582837611,-0.2969279885292053
UCI,10,11,11,0.7073919773101807,0.18411492357966466,0.5099999999999999,0.6901229023933411,0.0015281776431947947,0.015281776431947947,0.008277829736471176,0.00024104234762489796,0.0024104234762489796,0.29119027003284786,-0.3378646969795227
UCI,10,11,12,0.7045608460903168,0.2484646732989441,0.5099999999999999,0.6898799538612366,0.001316181500442326,0.01316181500442326,0.008188844658434391,0.00023450011212844402,0.00234500112128444,0.2863653200295017,-0.37728142738342285
UCI,10,11,13,0.7029481530189514,0.19493925957690475,0.5149999999999999,0.6896377205848694,0.0011305991793051362,0.011305991793051362,0.00814029946923256,0.00022878394520375878,0.0022878394520375878,0.2810510179244398,-0.4143199622631073
UCI,10,11,14,0.7006742358207703,0.23782391693748445,0.5149999999999999,0.6894029974937439,0.0009689442813396454,0.009689442813396454,0.00814457144588232,0.00022373029787559062,0.0022373029787559062,0.27469867427917616,-0.4463757872581482
UCI,10,11,15,0.6982488632202148,0.20884165363581805,0.5149999999999999,0.689172089099884,0.0008288672543130815,0.008288672543130815,0.00820252951234579,0.00021934004325885326,0.0021934004325885326,0.2674053691958318,-0.4717242121696472
UCI,10,11,16,0.6974020600318909,0.21645482913637396,0.5199999999999999,0.6889304518699646,0.0007082542288117111,0.007082542288117111,0.008270548656582832,0.0002157063572667539,0.002157063572667539,0.2608126331438306,-0.4906291365623474
UCI,10,11,17,0.6958213448524475,0.24426357542638014,0.5199999999999999,0.688683271408081,0.0006048317300155759,0.006048317300155759,0.008353708311915398,0.0002126214822055772,0.002126214822055772,0.25452346941812937,-0.5032992959022522
UCI,10,11,18,0.6947306990623474,0.21645482913637396,0.5249999999999999,0.6884280443191528,0.0005165713373571634,0.005165713373571634,0.00846584141254425,0.0002100636629620567,0.002100636629620567,0.248130874092202,-0.5088794231414795
UCI,10,11,19,0.6928556263446808,0.21645482913637396,0.5249999999999999,0.6881630420684814,0.00044154730858281255,0.0044154730858281255,0.008557982742786407,0.00020795842283405364,0.0020795842283405364,0.24299934819259067,-0.5113548636436462
UCI,10,11,20,0.6925619840621948,0.2484646732989441,0.5249999999999999,0.6878736019134521,0.0003781864361371845,0.003781864361371845,0.008659212850034237,0.0002064594445982948,0.002064594445982948,0.23842749701836755,-0.5070996284484863
UCI,10,23,1,0.7478668689727783,0.0770908279563985,0.5099999999999999,0.6932735443115234,0.004925623536109924,0.04925623536109924,0.015065728686749935,0.00037924788193777204,0.0037924788193777204,0.25172886743361733,-0.056524068117141724
UCI,10,23,2,0.7409437298774719,0.11575388069913699,0.5099999999999999,0.6928613185882568,0.004347372334450483,0.04347372334450483,0.01448624487966299,0.0003617712063714862,0.003617712063714862,0.24973428889040186,-0.064507395029068
UCI,10,23,3,0.7351635098457336,0.28867513459481287,0.5099999999999999,0.6924870014190674,0.003828024957329035,0.03828024957329035,0.014016339555382729,0.00034610723378136754,0.0034610723378136754,0.24693125649089398,-0.0803108811378479
UCI,10,23,4,0.7293885350227356,0.24112141108520604,0.5099999999999999,0.6921202540397644,0.003365349257364869,0.03365349257364869,0.013560513965785503,0.00033141509629786015,0.0033141509629786015,0.24439714979391836,-0.09402726590633392
UCI,10,23,5,0.7245955765247345,0.24112141108520604,0.5099999999999999,0.6917769312858582,0.0029540928080677986,0.029540928080677986,0.013185647316277027,0.00031850888626649976,0.0031850888626649976,0.24155726194292818,-0.11446551978588104
UCI,10,23,6,0.7203636169433594,0.24112141108520604,0.5099999999999999,0.6914357542991638,0.0025893589481711388,0.025893589481711388,0.012829582206904888,0.00030673667788505554,0.0030673667788505554,0.2390854767819093,-0.13632932305335999
UCI,10,23,7,0.7162031531333923,0.24112141108520604,0.5099999999999999,0.6911087036132812,0.0022661793045699596,0.022661793045699596,0.01250781212002039,0.0002960776910185814,0.002960776910185814,0.23671421362707418,-0.1600751131772995
UCI,10,23,8,0.7130918502807617,0.25692038187415556,0.49999999999999994,0.6907871961593628,0.001980432076379657,0.019804320763796568,0.012209625914692879,0.00028672206099145114,0.0028672206099145114,0.23483279749497826,-0.18888568878173828
UCI,10,23,9,0.7103672027587891,0.24112141108520604,0.5099999999999999,0.6904817819595337,0.0017282477347180247,0.017282477347180247,0.011931505985558033,0.00027836987283080816,0.0027836987283080816,0.23330656931970595,-0.21957483887672424
UCI,10,23,10,0.7072517573833466,0.24112141108520604,0.5099999999999999,0.6901921033859253,0.0015058718854561448,0.015058718854561448,0.011674478650093079,0.0002709188556764275,0.002709188556764275,0.23206077444346304,-0.24964666366577148
UCI,10,23,11,0.7052255272865295,0.24112141108520604,0.5099999999999999,0.6899133920669556,0.001309766317717731,0.01309766317717731,0.011421702802181244,0.0002643628395162523,0.002643628395162523,0.2314565911010799,-0.2824190855026245
UCI,10,37,1,0.7268954515457153,0.10540925533894598,0.5499999999999999,0.6959656476974487,0.0027234230656176805,0.027234230656176805,0.02375267818570137,0.000319172308081761,0.00319172308081761,0.13437318755654942,-0.20675300061702728
UCI,10,37,2,0.7225778698921204,0.16000261230887305,0.5399999999999999,0.6950145363807678,0.002321826061233878,0.02321826061233878,0.02272384986281395,0.0003133086138404906,0.003133086138404906,0.13787655513126718,-0.22315697371959686
UCI,10,37,3,0.7171872556209564,0.16807316136320358,0.5449999999999999,0.6941053867340088,0.0019729207269847393,0.019729207269847393,0.021686315536499023,0.00030871390481479466,0.0030871390481479466,0.14235424376040992,-0.2412308305501938
UCI,10,37,4,0.713201642036438,0.16807316136320358,0.5449999999999999,0.6932438611984253,0.0016728474292904139,0.01672847429290414,0.020664146170020103,0.00030504754977300763,0.0030504754977300763,0.14762165698168347,-0.2617293894290924
UCI,10,37,5,0.709823876619339,0.2,0.5399999999999999,0.692440390586853,0.0014166813343763351,0.014166813343763351,0.019662169739603996,0.0003020168805960566,0.003020168805960566,0.15360302784271423,-0.28458380699157715
UCI,10,37,6,0.7061359584331512,0.16807316136320358,0.5399999999999999,0.6916821599006653,0.0011989703634753823,0.011989703634753823,0.01865513250231743,0.00029943723347969353,0.0029943723347969353,0.16051198427161856,-0.30958935618400574
UCI,10,37,7,0.7030138373374939,0.25362863675089403,0.5349999999999999,0.6909676790237427,0.0010143842082470655,0.010143842082470655,0.017642956227064133,0.0002972448128275573,0.0029724481282755733,0.16847789508857167,-0.3367404341697693
UCI,10,37,8,0.7006045877933502,0.2,0.5349999999999999,0.6903091073036194,0.0008579992572776973,0.008579992572776973,0.016651896759867668,0.0002953478542622179,0.002953478542622179,0.1773658932200616,-0.36562052369117737
UCI,10,37,9,0.6980351507663727,0.16807316136320358,0.5349999999999999,0.6896956562995911,0.0007256007520481944,0.007256007520481944,0.01567346416413784,0.00029374242876656353,0.0029374242876656353,0.18741385164785082,-0.39592283964157104
UCI,10,37,10,0.6969998478889465,0.21442250696755896,0.5299999999999999,0.6891405582427979,0.0006136678857728839,0.006136678857728839,0.01476209331303835,0.00029235859983600676,0.0029235859983600676,0.1980468444660124,-0.4267144501209259
UCI,10,37,11,0.6944286823272705,0.2,0.5299999999999999,0.688654899597168,0.0005192258977331221,0.005192258977331221,0.013986523263156414,0.0002910888288170099,0.0029108882881700993,0.20812093423088357,-0.45576581358909607
UCI,10,37,12,0.6931290030479431,0.24743582965269675,0.5249999999999999,0.6882235407829285,0.0004399575409479439,0.004399575409479439,0.013385978527367115,0.00029005869873799384,0.0029005869873799384,0.2166884536270397,-0.48121312260627747
UCI,10,37,13,0.6921871304512024,0.22808577638091165,0.5249999999999999,0.6878313422203064,0.00037383605376817286,0.0037383605376817286,0.012978315353393555,0.0002893106429837644,0.002893106429837644,0.22291848757405622,-0.5000362992286682
UCI,10,37,14,0.6912816762924194,0.2,0.5249999999999999,0.6874867081642151,0.0003190355491824448,0.003190355491824448,0.012819197960197926,0.0002887864247895777,0.0028878642478957772,0.22527651549357844,-0.5094704031944275
UCI,10,37,15,0.6906224489212036,0.20328927815368153,0.48999999999999994,0.6871786117553711,0.00027401591069065034,0.0027401591069065034,0.012962297536432743,0.0002884831337723881,0.002884831337723881,0.22255555619021794,-0.506450891494751
UCI,10,53,1,0.7258263230323792,0.0,0.05,0.7003094553947449,0.0020672816317528486,0.020672816317528486,0.02751721628010273,0.00025516399182379246,0.0025516399182379246,0.09272885353897428,-0.10833398997783661
UCI,10,53,2,0.7201987206935883,0.0,0.05,0.6992248296737671,0.001665077405050397,0.01665077405050397,0.026055941358208656,0.00023949587193783373,0.0023949587193783373,0.09191603122117982,-0.11952217668294907
UCI,10,53,3,0.7152097523212433,0.0,0.05,0.6982179880142212,0.0013298670528456569,0.013298670528456569,0.02476092055439949,0.00022671600163448602,0.00226716001634486,0.09156202457674918,-0.13257768750190735
UCI,10,53,4,0.7091870009899139,0.0,0.05,0.6972815990447998,0.0010529650608077645,0.010529650608077645,0.023601576685905457,0.0002168440551031381,0.002168440551031381,0.09187693601531055,-0.14835330843925476
UCI,10,53,5,0.7059498429298401,0.0,0.05,0.6964268088340759,0.000826192379463464,0.00826192379463464,0.022588403895497322,0.0002093417278956622,0.002093417278956622,0.09267663570394696,-0.1651090532541275
UCI,10,53,6,0.7042440474033356,0.18576071235199634,0.5399999999999999,0.6956314444541931,0.0006416711257770658,0.0064167112577706575,0.021677641198039055,0.00020353325817268342,0.002035332581726834,0.09389086954308244,-0.1813994199037552
UCI,10,53,7,0.7001187205314636,0.0784735610658242,0.5349999999999999,0.6948834657669067,0.0004924355889670551,0.004924355889670551,0.02082381211221218,0.0001988960721064359,0.001988960721064359,0.09551376618010914,-0.1975947916507721
UCI,10,53,8,0.7001962661743164,0.18576071235199634,0.5349999999999999,0.6941986083984375,0.00037247309228405356,0.0037247309228405356,0.020070359110832214,0.00019508613331709057,0.0019508613331709057,0.09720111744876564,-0.21594884991645813
UCI,10,53,9,0.6971962749958038,0.13369695534647594,0.5299999999999999,0.6935134530067444,0.00027743380633182824,0.0027743380633182824,0.019321255385875702,0.00019217509543523192,0.0019217509543523192,0.09946304812870312,-0.23786062002182007
UCI,10,53,10,0.6955618858337402,0.18576071235199634,0.5299999999999999,0.6928542256355286,0.00020439452782738954,0.0020439452782738954,0.018597107380628586,0.00019005963986273855,0.0019005963986273855,0.10219849569762203,-0.2621816098690033
UCI,10,53,11,0.6943714916706085,0.14149998919097348,0.5249999999999999,0.6922253966331482,0.0001508557324996218,0.001508557324996218,0.017885014414787292,0.00018862275464925915,0.0018862275464925915,0.10546413342183625,-0.28666773438453674
UCI,10,53,12,0.6937724947929382,0.18576071235199634,0.5249999999999999,0.6916021108627319,0.00011392256419640034,0.0011392256419640034,0.01714656874537468,0.00018785466090776026,0.0018785466090776026,0.10955816507511709,-0.3109303414821625
UCI,10,53,13,0.6928957402706146,0.15904595068400107,0.5199999999999999,0.6910159587860107,9.018511627800763e-05,0.0009018511627800763,0.016392214223742485,0.0001874247391242534,0.001874247391242534,0.11433765845543147,-0.3331380784511566
UCI,10,53,14,0.6916429102420807,0.16807316136320358,0.5499999999999999,0.6904375553131104,7.645619189133868e-05,0.0007645619189133868,0.015569649636745453,0.00018742041720543057,0.0018742041720543057,0.12037548793847319,-0.35577332973480225
UCI,10,71,1,0.7522513568401337,0.0,0.05,0.6948937177658081,0.00509716896340251,0.0509716896340251,0.02099520154297352,0.00043065068894065917,0.004306506889406592,0.20511862582466392,-0.09464509040117264
UCI,10,71,2,0.7439523339271545,0.0,0.05,0.6942137479782104,0.004357713740319014,0.043577137403190136,0.02003839984536171,0.0004047635884489864,0.004047635884489864,0.20199396736894493,-0.09904823452234268
UCI,10,71,3,0.7360764741897583,0.0,0.05,0.6935509443283081,0.0037126694805920124,0.037126694805920124,0.019082147628068924,0.0003799076075665653,0.0037990760756656528,0.1990905924067684,-0.103969506919384
UCI,10,71,4,0.7290034294128418,0.05923488777590923,0.48499999999999993,0.6929082274436951,0.0031558889895677567,0.031558889895677567,0.018170000985264778,0.00035649503115564585,0.0035649503115564585,0.19619978636476168,-0.11136703938245773
UCI,10,71,5,0.7229894995689392,0.14990633779917228,0.48999999999999994,0.6923002004623413,0.002680141245946288,0.02680141245946288,0.017347507178783417,0.00033537769922986627,0.0033537769922986627,0.19332904478635665,-0.1232721358537674
UCI,10,71,6,0.7176187336444855,0.24112141108520604,0.48999999999999994,0.6917406320571899,0.002276551676914096,0.02276551676914096,0.01665046066045761,0.0003169050323776901,0.0031690503237769008,0.19032808691611325,-0.14066290855407715
UCI,10,71,7,0.713562399148941,0.2,0.49499999999999994,0.6912131905555725,0.0019356159027665854,0.019356159027665854,0.0160636305809021,0.0003012226370628923,0.003012226370628923,0.1875184041028764,-0.164994478225708
UCI,10,71,8,0.7099091410636902,0.24112141108520604,0.49499999999999994,0.6907113790512085,0.0016484064981341362,0.016484064981341362,0.015559837222099304,0.00028800024301745,0.0028800024301744998,0.1850920667784425,-0.1928158849477768
UCI,10,71,9,0.7063419222831726,0.2,0.49999999999999994,0.690216064453125,0.0014067175798118114,0.014067175798118114,0.015095529146492481,0.0002768607228063047,0.002768607228063047,0.1834057753918713,-0.22025874257087708
UCI,10,71,10,0.7038419544696808,0.22808577638091165,0.49999999999999994,0.6897352933883667,0.00120273616630584,0.0120273616630584,0.014717599377036095,0.00026810422423295677,0.0026810422423295677,0.18216573054113733,-0.25168684124946594
UCI,10,71,11,0.7013788819313049,0.22357372715928567,0.49999999999999994,0.6892595887184143,0.0010301262373104692,0.010301262373104692,0.014392954297363758,0.00026141118723899126,0.0026141118723899126,0.1816244127773489,-0.2811184227466583
UCI,10,71,12,0.6989653706550598,0.22808577638091165,0.5049999999999999,0.6887871623039246,0.0008832694729790092,0.008832694729790092,0.014135829173028469,0.00025665154680609703,0.0025665154680609703,0.18156101326959645,-0.30635368824005127
UCI,10,71,13,0.6973837316036224,0.2459549291242073,0.5049999999999999,0.6883124709129333,0.0007575982017442584,0.007575982017442584,0.01396149955689907,0.00025354145327582955,0.0025354145327582955,0.18160044502565065,-0.326604962348938
UCI,10,71,14,0.6958175003528595,0.22808577638091165,0.5099999999999999,0.6878403425216675,0.0006495529087260365,0.0064955290872603655,0.013873312622308731,0.00025176405324600637,0.0025176405324600637,0.1814736394256421,-0.3440568149089813
UCI,10,71,15,0.6945224106311798,0.2773500981126146,0.5099999999999999,0.6873670816421509,0.0005566909676417708,0.005566909676417708,0.013858655467629433,0.00025097752222791314,0.0025097752222791314,0.18109803134520355,-0.3568948805332184
UCI,10,71,16,0.6925056874752045,0.22808577638091165,0.5149999999999999,0.686897337436676,0.0004772090760525316,0.004772090760525316,0.013909089379012585,0.000250955403316766,0.0025095540331676602,0.18042547321281324,-0.36486750841140747
UCI,10,71,17,0.6917009353637695,0.24112141108520604,0.5149999999999999,0.6864060759544373,0.0004095962503924966,0.004095962503924966,0.013936322182416916,0.00025165462284348905,0.0025165462284348905,0.18057463048679726,-0.3725513517856598
UCI,10,71,18,0.6899011135101318,0.25362863675089403,0.5149999999999999,0.6859033107757568,0.0003524500934872776,0.0035245009348727763,0.01407083310186863,0.0002525755553506315,0.0025257555535063148,0.17950291466188242,-0.3704586327075958
UCI,10,71,19,0.6891883611679077,0.28867513459481287,0.5149999999999999,0.6853716969490051,0.0003044886398129165,0.003044886398129165,0.01426383201032877,0.0002535828680265695,0.002535828680265695,0.1777803242795795,-0.3602764308452606
UCI,10,71,20,0.6863260269165039,0.2459549291242073,0.5149999999999999,0.6848315596580505,0.0002642255276441574,0.002642255276441574,0.01447448879480362,0.0002543168666306883,0.002543168666306883,0.1757000680549,-0.34727534651756287
UCI,10,71,21,0.6868822574615479,0.24112141108520604,0.5199999999999999,0.6842429041862488,0.00023069739108905196,0.0023069739108905196,0.014753754250705242,0.00025488308165222406,0.0025488308165222406,0.1727581179143203,-0.3241449296474457
UCI,10,71,22,0.6854069530963898,0.24112141108520604,0.5199999999999999,0.6836324334144592,0.00020266728824935853,0.0020266728824935853,0.015138495713472366,0.00025500712217763066,0.0025500712217763066,0.16844944636783785,-0.29124388098716736
UCI,10,71,23,0.6854618489742279,0.2656844656620286,0.5199999999999999,0.6829696893692017,0.0001793045667000115,0.001793045667000115,0.015479658730328083,0.0002547918411437422,0.002547918411437422,0.16459784132356128,-0.2553633749485016
UCI,10,71,24,0.684241533279419,0.2773500981126146,0.5199999999999999,0.6822836995124817,0.00015992415137588978,0.0015992415137588978,0.015959681943058968,0.0002540710847824812,0.002540710847824812,0.159195581521585,-0.20932677388191223
UCI,10,71,25,0.6838608384132385,0.2656844656620286,0.5199999999999999,0.6815497875213623,0.00014395809557754546,0.0014395809557754546,0.016168277710676193,0.00025303481379523873,0.0025303481379523873,0.15650078401866852,-0.17122814059257507
UCI,10,71,26,0.6832753121852875,0.2696799449852968,0.5149999999999999,0.680781900882721,0.00013094577298033983,0.0013094577298033983,0.016208413988351822,0.0002516814856790006,0.002516814856790006,0.1552782930272336,-0.13660043478012085
UCI,10,71,27,0.6823744773864746,0.3104602102825332,0.5149999999999999,0.6799806952476501,0.0001204737855005078,0.001204737855005078,0.0163127314299345,0.0002499818510841578,0.0024998185108415782,0.15324340510224507,-0.09294386953115463
UCI,10,71,28,0.6788387298583984,0.28867513459481287,0.5149999999999999,0.67918461561203,0.00011202200403204188,0.0011202200403204188,0.015937263146042824,0.00024814080097712576,0.0024814080097712576,0.15569850274997712,-0.07200916856527328
UCI,10,71,29,0.6770954430103302,0.3104602102825332,0.5099999999999999,0.6783991456031799,0.00010556082270340994,0.0010556082270340994,0.015660511329770088,0.0002463306300342083,0.002463306300342083,0.157294116933425,-0.0347943976521492
UCI,10,71,30,0.6779018342494965,0.30338993810845893,0.5049999999999999,0.6776061654090881,0.00010085792018799111,0.0010085792018799111,0.01598467491567135,0.0002445609716232866,0.002445609716232866,0.1529971506542929,0.04925305023789406
UCI,10,71,31,0.6784628331661224,0.3104602102825332,0.5049999999999999,0.6768597960472107,9.725712880026549e-05,0.0009725712880026549,0.01565895415842533,0.00024264867533929646,0.0024264867533929646,0.1549584173274681,0.10500780493021011
UCI,10,71,32,0.6777037680149078,0.3209833376209784,0.49999999999999994,0.6761869788169861,9.484278416493908e-05,0.0009484278416493908,0.017347680404782295,0.00024083971220534295,0.0024083971220534295,0.13883107515570198,0.21062001585960388
UCI,10,71,33,0.6745615005493164,0.3209833376209784,0.49499999999999994,0.6755552887916565,9.287310240324587e-05,0.0009287310240324587,0.0175789725035429,0.00023883202811703086,0.0023883202811703086,0.13586233670306735,0.2532106041908264
UCI,10,71,34,0.6746397912502289,0.3209833376209784,0.48999999999999994,0.6749637126922607,9.138271707342938e-05,0.0009138271707342938,0.017811959609389305,0.0002367432607570663,0.002367432607570663,0.1329125295300303,0.2871909737586975
UCI,10,71,35,0.6781915724277496,0.34141531479696996,0.4799999999999999,0.6744000315666199,8.998429257189855e-05,0.0008998429257189855,0.014064108021557331,0.00023481034440919757,0.0023481034440919757,0.16695715366327002,0.24619024991989136
UCI,10,71,36,0.6761479079723358,0.34726164209741095,0.4699999999999999,0.6739019751548767,8.86123234522529e-05,0.000886123234522529,0.009282335638999939,0.00023346579109784216,0.0023346579109784216,0.2515162133514441,-0.03793805465102196
UCI,10,71,37,0.6755215227603912,0.34726164209741095,0.4649999999999999,0.6734482645988464,8.768647239776328e-05,0.0008768647239776328,0.009630553424358368,0.00023239324218593538,0.0023239324218593538,0.24130829449338576,-0.13633540272712708
UCI,10,71,38,0.6760440766811371,0.34141531479696996,0.4649999999999999,0.6729767322540283,8.724666986381635e-05,0.0008724666986381635,0.011003215797245502,0.0002319779305253178,0.002319779305253178,0.2108273933729357,0.015220142900943756
UCI,10,71,39,0.675579160451889,0.32478490123081544,0.4599999999999999,0.6724623441696167,8.669764793012291e-05,0.0008669764793012291,0.014191672205924988,0.0002322998916497454,0.002322998916497454,0.16368746986191013,0.15118557214736938
UCI,10,71,40,0.6718260049819946,0.36115755925730764,0.4599999999999999,0.6718833446502686,8.64216563059017e-05,0.0008642165630590171,0.01698792539536953,0.00023326861264649779,0.002332686126464978,0.13731436135814487,0.21860066056251526
UCI,10,89,1,0.746071994304657,0.16807316136320358,0.5099999999999999,0.6918020844459534,0.004801422357559204,0.04801422357559204,0.011857428587973118,0.0004536254273261875,0.004536254273261875,0.3825664425980989,-0.14263926446437836
UCI,10,89,2,0.7382958829402924,0.18699392279626206,0.48999999999999994,0.6915392279624939,0.004072871990501881,0.040728719905018806,0.011643229983747005,0.0004161028773523867,0.004161028773523867,0.3573775300610159,-0.17193454504013062
UCI,10,89,3,0.7307922542095184,0.1655211777204736,0.49999999999999994,0.6913023591041565,0.0034403882455080748,0.03440388245508075,0.011462503112852573,0.00038462443626485765,0.0038462443626485765,0.335550125900153,-0.2119712084531784
UCI,10,89,4,0.7240807116031647,0.18257418583505539,0.49999999999999994,0.6910704374313354,0.0028972241561859846,0.028972241561859846,0.01130956131964922,0.0003580401826184243,0.003580401826184243,0.3165818483130426,-0.25219476222991943
UCI,10,89,5,0.7189001142978668,0.17232808737106584,0.49999999999999994,0.6908286809921265,0.00243446440435946,0.0243446440435946,0.011160566471517086,0.00033625552896410227,0.0033625552896410227,0.3012889442684303,-0.2944292724132538
UCI,10,89,6,0.7135661840438843,0.1846372364689991,0.5249999999999999,0.6905916929244995,0.002041991800069809,0.02041991800069809,0.011036098934710026,0.00031814721296541393,0.0031814721296541393,0.28827868873556206,-0.3315889239311218
UCI,10,89,7,0.7103976011276245,0.1655211777204736,0.5049999999999999,0.6903389692306519,0.001710094278678298,0.01710094278678298,0.010904984548687935,0.0003037021087948233,0.003037021087948233,0.2784984310971482,-0.36912524700164795
UCI,10,89,8,0.7064329981803894,0.23542068319747259,0.48499999999999993,0.6900913715362549,0.0014301030896604061,0.014301030896604061,0.010797165334224701,0.00029209215426817536,0.0029209215426817536,0.2705267032841535,-0.4068111479282379
UCI,10,89,9,0.7037663161754608,0.18917776913478018,0.4799999999999999,0.689832329750061,0.0011952102649956942,0.011952102649956942,0.010692735202610493,0.000283008354017511,0.00283008354017511,0.2646734896684042,-0.4439639747142792
UCI,10,89,10,0.7009440362453461,0.1774837062471499,0.5049999999999999,0.689568817615509,0.000999394920654595,0.009993949206545949,0.010604459792375565,0.00027599273016676307,0.0027599273016676307,0.26026099921204604,-0.4794318377971649
UCI,10,89,11,0.69893479347229,0.1892583246525563,0.5049999999999999,0.6892970204353333,0.0008374505559913814,0.008374505559913814,0.010513655841350555,0.00027079833671450615,0.0027079833671450615,0.25756819587859,-0.5124711394309998
UCI,10,89,12,0.6979483067989349,0.23542068319747259,0.4799999999999999,0.6890207529067993,0.0007043470395728946,0.007043470395728946,0.010436802171170712,0.00026714554405771196,0.0026714554405771196,0.2559649399081652,-0.5429137349128723
UCI,10,89,13,0.6956358850002289,0.21229795697371012,0.5049999999999999,0.6887502670288086,0.0005951663479208946,0.005951663479208946,0.010385649278759956,0.0002645896456670016,0.002645896456670016,0.2547646647457303,-0.5691711902618408
UCI,10,89,14,0.6934567391872406,0.19728305039201205,0.5049999999999999,0.6884773969650269,0.00050546252168715,0.0050546252168715,0.0103445528075099,0.000263001536950469,0.00263001536950469,0.2542415722016868,-0.591669499874115
UCI,10,89,15,0.6937423646450043,0.19402139872220658,0.5049999999999999,0.6881813406944275,0.0004314237739890814,0.004314237739890814,0.010292897932231426,0.0002624258631840348,0.0026242586318403482,0.2549581905036367,-0.6111378073692322
UCI,10,89,16,0.6930452287197113,0.2204333570887027,0.4749999999999999,0.6878843307495117,0.00036955016548745334,0.0036955016548745334,0.010251953266561031,0.0002623277541715652,0.0026232775417156518,0.2558807549652065,-0.6276094317436218
UCI,10,107,1,0.7380161285400391,0.0,0.05,0.6959272027015686,0.0035965817514806986,0.035965817514806986,0.016882820054888725,0.0004034668381791562,0.004034668381791562,0.23898071345155697,0.13437797129154205
UCI,10,107,2,0.7305494546890259,0.0,0.05,0.6952580213546753,0.002938064280897379,0.02938064280897379,0.015983954071998596,0.0003715785569511354,0.003715785569511354,0.23246973513398872,0.11725104600191116
UCI,10,107,3,0.7231893241405487,0.0,0.05,0.6946284174919128,0.0023758327588438988,0.023758327588438988,0.015170421451330185,0.00034614442847669125,0.0034614442847669125,0.22817060790775878,0.09365357458591461
UCI,10,107,4,0.7173363268375397,0.0,0.05,0.6940432190895081,0.001901274430565536,0.01901274430565536,0.014507460407912731,0.0003266360145062208,0.003266360145062208,0.22515037458111234,0.062485549598932266
UCI,10,107,5,0.7114954590797424,0.16807316136320358,0.48499999999999993,0.6935020685195923,0.0015058772405609488,0.015058772405609488,0.0139468377456069,0.0003119120665360242,0.003119120665360242,0.22364357585953354,0.0260686706751585
UCI,10,107,6,0.7077808976173401,0.186858321674153,0.48499999999999993,0.692996084690094,0.0011822220403701067,0.011822220403701067,0.013521676883101463,0.0003009991196449846,0.003009991196449846,0.22260487530296946,-0.01672004722058773
UCI,10,107,7,0.7038774788379669,0.1623086135160589,0.48999999999999994,0.6925175189971924,0.0009224647656083107,0.009224647656083107,0.013181250542402267,0.0002929026959463954,0.002929026959463954,0.22221161414402052,-0.0629582405090332
UCI,10,107,8,0.7010242640972137,0.12309149097933272,0.48999999999999994,0.6920639872550964,0.0007182435947470367,0.007182435947470367,0.01293728407472372,0.00028712948551401496,0.0028712948551401496,0.2219395383572009,-0.11190420389175415
UCI,10,107,9,0.6987769603729248,0.19781414201873612,0.49499999999999994,0.6916199326515198,0.00056095962645486,0.0056095962645486,0.012764430604875088,0.0002834071347024292,0.0028340713470242918,0.2220288107439655,-0.1627315729856491
UCI,10,107,10,0.6967084407806396,0.19367011027991354,0.49999999999999994,0.6911929845809937,0.00044180400436744094,0.004418040043674409,0.012660213746130466,0.000281478394754231,0.0028147839475423098,0.22233305092519745,-0.2129295915365219
UCI,10,107,11,0.6950330436229706,0.16815763085533758,0.49999999999999994,0.6907843351364136,0.000352383911376819,0.00352383911376819,0.01262592151761055,0.00028100222698412836,0.0028100222698412836,0.2225597764030042,-0.26077255606651306
UCI,10,107,12,0.693984180688858,0.24511108480187252,0.5049999999999999,0.690366804599762,0.00028545563691295683,0.0028545563691295683,0.012630057521164417,0.0002816713531501591,0.002816713531501591,0.22301668276502884,-0.3075422942638397
UCI,10,107,13,0.6929581761360168,0.2,0.5349999999999999,0.6899496912956238,0.00023504327691625804,0.0023504327691625804,0.012682856060564518,0.0002831162419170141,0.0028311624191701412,0.22322751323916903,-0.3516247868537903
UCI,10,107,14,0.6927027702331543,0.19877674693472377,0.5099999999999999,0.6895253658294678,0.00019679176330100745,0.0019679176330100745,0.012768679298460484,0.0002849882876034826,0.002849882876034826,0.22319323787687548,-0.39256569743156433
UCI,10,107,15,0.6907224059104919,0.2044398826909146,0.5149999999999999,0.6891095638275146,0.0001677234540693462,0.001677234540693462,0.01290368102490902,0.00028697613743133843,0.0028697613743133843,0.22239866041121537,-0.428237646818161
UCI,10,107,16,0.6900121569633484,0.22808577638091165,0.5549999999999999,0.6886704564094543,0.00014612959057558328,0.0014612959057558328,0.013056598603725433,0.00028944076620973647,0.0028944076620973647,0.22168159946890797,-0.4597190022468567
UCI,10,107,17,0.6901482045650482,0.2044398826909146,0.5199999999999999,0.6881975531578064,0.00013069240958429873,0.0013069240958429873,0.013233375735580921,0.0002923835127148777,0.0029238351271487772,0.22094401198685729,-0.48543888330459595
UCI,10,107,18,0.6898846328258514,0.24112141108520604,0.57,0.6877037882804871,0.00012021063594147563,0.0012021063594147563,0.01344158686697483,0.0002954087976831943,0.002954087976831943,0.2197722639497245,-0.5033104419708252
UCI,10,107,19,0.689206451177597,0.2087912087912088,0.5199999999999999,0.6871922612190247,0.0001136267019319348,0.001136267019319348,0.013678054325282574,0.0002982410660479218,0.0029824106604792178,0.21804348700140175,-0.5132190585136414
UCI,10,107,20,0.6869074702262878,0.2567469632055359,0.5249999999999999,0.6866622567176819,0.00010997876233886927,0.0010997876233886927,0.013916504569351673,0.00030076169059611857,0.0030076169059611857,0.21611870214772624,-0.5182908773422241
UCI,10,107,21,0.6873811483383179,0.24112141108520604,0.595,0.6860777735710144,0.00010884300718316808,0.0010884300718316808,0.014201424084603786,0.0003033510874956846,0.0030335108749568462,0.21360610435157495,-0.5112888813018799
UCI,10,107,22,0.686113566160202,0.2472066162365221,0.5299999999999999,0.6854519248008728,0.00010924738307949156,0.0010924738307949156,0.014500568620860577,0.0003057150461245328,0.003057150461245328,0.21082969510914898,-0.4981519877910614
UCI,10,107,23,0.6869743168354034,0.22086305214969307,0.5299999999999999,0.684777557849884,0.00011074165377067402,0.0011074165377067402,0.014920352958142757,0.0003078830777667463,0.003078830777667463,0.20635106865801028,-0.46793314814567566
UCI,10,107,24,0.6866576075553894,0.21517402008629544,0.5349999999999999,0.6840595006942749,0.00011251570685999468,0.0011251570685999468,0.015342488884925842,0.0003096983418799937,0.0030969834187999368,0.2018566506404809,-0.4378027617931366
UCI,10,107,25,0.6854734420776367,0.23655309301829208,0.5349999999999999,0.6833041310310364,0.00011423184332670644,0.0011423184332670644,0.015959881246089935,0.0003109988465439528,0.0031099884654395282,0.19486288259202772,-0.39577704668045044
UCI,10,107,26,0.6843850016593933,0.2684624220856097,0.5349999999999999,0.6824970245361328,0.00011576030374271795,0.0011576030374271795,0.016771750524640083,0.00031199847580865026,0.0031199847580865026,0.18602618453588382,-0.34445521235466003
UCI,10,107,27,0.6822933852672577,0.2542872819425528,0.5349999999999999,0.6816463470458984,0.00011705400538630784,0.0011705400538630784,0.018126515671610832,0.00031267068698070943,0.0031267068698070943,0.17249354075830703,-0.26981085538864136
UCI,10,107,28,0.682897299528122,0.2472066162365221,0.5399999999999999,0.6807049512863159,0.0001181572224595584,0.001181572224595584,0.019969800487160683,0.00031333492370322347,0.0031333492370322347,0.15690438364903944,-0.18739034235477448
UCI,10,107,29,0.6799471378326416,0.2429493573646624,0.5349999999999999,0.6796775460243225,0.00011871449532918632,0.0011871449532918632,0.021490300074219704,0.0003139864420518279,0.003139864420518279,0.14610612274720808,-0.1344539225101471
UCI,10,107,30,0.6818369925022125,0.2656844656620286,0.5349999999999999,0.6785538196563721,0.00011924123100470752,0.0011924123100470752,0.02383364550769329,0.0003145129594486207,0.0031451295944862068,0.13196175102423952,-0.06648602336645126
UCI,10,107,31,0.6799596548080444,0.2684624220856097,0.5349999999999999,0.6772811412811279,0.00011933222413063049,0.001193322241306305,0.025408292189240456,0.00031508621759712696,0.0031508621759712696,0.12400920740771204,-0.032143931835889816
UCI,10,107,32,0.6792416274547577,0.2684624220856097,0.5299999999999999,0.675842821598053,0.00011917087249457836,0.0011917087249457836,0.026197515428066254,0.0003157395694870502,0.0031573956948705018,0.12052271535215438,-0.023896388709545135
UCI,10,107,33,0.6755805015563965,0.2684624220856097,0.5249999999999999,0.6742367148399353,0.00011876114876940846,0.0011876114876940846,0.026150841265916824,0.00031639469671063125,0.0031639469671063125,0.12098834354633094,-0.04908581078052521
UCI,10,107,34,0.6741832792758942,0.25784170064485096,0.5199999999999999,0.6724435091018677,0.00011842787353089079,0.001184278735308908,0.02645518071949482,0.0003170079435221851,0.003170079435221851,0.11982830390895118,-0.07726273685693741
UCI,10,131,1,0.7258941829204559,0.03316790634033297,0.4599999999999999,0.695744514465332,0.0025515672750771046,0.025515672750771046,0.019469408318400383,0.00030277197947725654,0.0030277197947725654,0.1555116491090842,0.02551884576678276
UCI,10,131,2,0.7202281057834625,0.09899678265684461,0.4599999999999999,0.6949580311775208,0.002097873715683818,0.02097873715683818,0.01854129694402218,0.00029209532658569515,0.0029209532658569515,0.15753769947569302,0.009095322340726852
UCI,10,131,3,0.7141958177089691,0.12090832578915783,0.4599999999999999,0.694234311580658,0.0017154768574982882,0.01715476857498288,0.01766769215464592,0.0002841759705916047,0.002841759705916047,0.16084498648957804,-0.015592741779983044
UCI,10,131,4,0.7109926342964172,0.10820574234403926,0.4749999999999999,0.6935709714889526,0.001394262071698904,0.01394262071698904,0.01686827652156353,0.0002782680676318705,0.002782680676318705,0.16496532249524545,-0.04765530675649643
UCI,10,131,5,0.7070715725421906,0.16807316136320358,0.48999999999999994,0.6929256916046143,0.0011264127679169178,0.011264127679169178,0.016081051900982857,0.00027405080618336797,0.0027405080618336797,0.17041845761757554,-0.08715028315782547
UCI,10,131,6,0.7040465772151947,0.10266540046786908,0.4599999999999999,0.6923067569732666,0.0009057070128619671,0.009057070128619671,0.015324095264077187,0.00027114260592497885,0.0027114260592497885,0.17693873684053152,-0.1326240450143814
UCI,10,131,7,0.700424313545227,0.10994987428338562,0.4649999999999999,0.6917026042938232,0.0007263453444465995,0.007263453444465995,0.014577521942555904,0.00026925382553599775,0.0026925382553599775,0.18470479865989417,-0.183505579829216
UCI,10,131,8,0.6994143426418304,0.12134895525894078,0.4649999999999999,0.6911291480064392,0.0005825090338476002,0.005825090338476002,0.013885622844099998,0.0002681070764083415,0.0026810707640834153,0.19308249937255081,-0.2377820760011673
UCI,10,131,9,0.6964128315448761,0.16807316136320358,0.5149999999999999,0.6905715465545654,0.00046835196553729475,0.0046835196553729475,0.013201016001403332,0.0002674437128007412,0.002674437128007412,0.20259327976900462,-0.29523900151252747
UCI,10,131,10,0.6945921182632446,0.12671432021161758,0.5199999999999999,0.6900494694709778,0.00037875946145504713,0.0037875946145504713,0.012572805397212505,0.0002672125701792538,0.002672125701792538,0.21253217697817628,-0.35270974040031433
UCI,10,131,11,0.6935967206954956,0.10994987428338562,0.4699999999999999,0.6895681619644165,0.0003092427214141935,0.003092427214141935,0.012036179192364216,0.0002672751434147358,0.002672751434147358,0.22205979085480537,-0.4071664810180664
UCI,10,131,12,0.6921116411685944,0.16807316136320358,0.5349999999999999,0.6890906095504761,0.00025610000011511147,0.0025610000011511147,0.011524327099323273,0.000267661438556388,0.00267661438556388,0.23225775895592685,-0.4604325592517853
UCI,10,131,13,0.691936731338501,0.1846372364689991,0.5399999999999999,0.688623309135437,0.00021611501870211214,0.0021611501870211214,0.01105005107820034,0.0002682463964447379,0.002682463964447379,0.2427557977301456,-0.5100785493850708
UCI,10,131,14,0.6914145946502686,0.14990633779917228,0.5499999999999999,0.6881746053695679,0.00018645188538357615,0.0018645188538357615,0.010639863088726997,0.0002688949753064662,0.0026889497530646622,0.25272409340620383,-0.5537224411964417
UCI,10,131,15,0.6902252733707428,0.16807316136320358,0.5549999999999999,0.6877321600914001,0.00016487725952174515,0.0016487725952174515,0.010287093929946423,0.00026961840922012925,0.0026961840922012925,0.2620938537707446,-0.58980393409729
UCI,10,131,16,0.6890518963336945,0.14990633779917228,0.565,0.6873028874397278,0.00014957090024836361,0.0014957090024836361,0.010038582608103752,0.0002703553473111242,0.002703553473111242,0.2693162549590188,-0.6131156086921692
UCI,10,131,17,0.6894398629665375,0.1846372364689991,0.57,0.686886727809906,0.00013896860764361918,0.0013896860764361918,0.009912088513374329,0.0002710011031012982,0.002710011031012982,0.2734046439714878,-0.6199151277542114
UCI,10,131,18,0.6878033578395844,0.16807316136320358,0.58,0.6864907741546631,0.0001315541157964617,0.001315541157964617,0.009932741522789001,0.0002713474677875638,0.002713474677875638,0.27318486760679594,-0.6081754565238953
UCI,10,131,19,0.6882521510124207,0.16807316136320358,0.59,0.6860866546630859,0.00012648403935600072,0.0012648403935600072,0.010118469595909119,0.00027174208662472665,0.0027174208662472665,0.2685604616873994,-0.5754035711288452
UCI,10,131,20,0.6864885091781616,0.1846372364689991,0.595,0.6856898069381714,0.00012268847785890102,0.0012268847785890102,0.010435293428599834,0.000271908676950261,0.00271908676950261,0.26056639308775487,-0.5295786261558533
UCI,10,131,21,0.6866596043109894,0.1846372364689991,0.605,0.6852782964706421,0.00011986905155936256,0.0011986905155936256,0.010911493562161922,0.0002719432523008436,0.002719432523008436,0.24922642418437424,-0.4654967188835144
UCI,10,149,1,0.7351297736167908,0.14990633779917228,0.5399999999999999,0.6923090815544128,0.0037165568210184574,0.037165568210184574,0.015828972682356834,0.0003827473265118897,0.003827473265118897,0.2418017480935478,-0.27410805225372314
UCI,10,149,2,0.7272234261035919,0.11010873508892381,0.5199999999999999,0.691754937171936,0.003127461299300194,0.03127461299300194,0.015517059713602066,0.0003632821317296475,0.003632821317296475,0.23411789245819478,-0.2984304130077362
UCI,10,149,3,0.7213190197944641,0.1493423605221771,0.5449999999999999,0.6912456750869751,0.002624997403472662,0.02624997403472662,0.015281900763511658,0.00034708165912888944,0.0034708165912888944,0.22711943003687773,-0.32521483302116394
UCI,10,149,4,0.7160708010196686,0.1846372364689991,0.5499999999999999,0.6907212734222412,0.0022029306273907423,0.022029306273907423,0.015054766088724136,0.00033342366805300117,0.0033342366805300117,0.22147382834644774,-0.3533703088760376
UCI,10,149,5,0.7109056413173676,0.14990633779917228,0.5549999999999999,0.6902087926864624,0.0018519095610827208,0.018519095610827208,0.014853797852993011,0.0003219514910597354,0.003219514910597354,0.21674691836126128,-0.3815663754940033
UCI,10,149,6,0.7074869573116302,0.15014110121296803,0.5299999999999999,0.6897135376930237,0.0015610088594257832,0.015610088594257832,0.01471085473895073,0.0003125314833596349,0.0031253148335963488,0.21244957475661036,-0.4089537262916565
UCI,10,149,7,0.7040466368198395,0.1493423605221771,0.5599999999999999,0.6892346739768982,0.0013197101652622223,0.013197101652622223,0.014620311558246613,0.00030493029044009745,0.0030493029044009745,0.20856620546372762,-0.4336915612220764
UCI,10,149,8,0.7014951407909393,0.17712297710801905,0.565,0.6887488961219788,0.0011195632396265864,0.011195632396265864,0.014561333693563938,0.000298997649224475,0.0029899764922447503,0.20533671950436175,-0.4554808437824249
UCI,10,149,9,0.6996262073516846,0.17712297710801905,0.57,0.688249945640564,0.0009539986494928598,0.009539986494928598,0.014532850123941898,0.00029451498994603753,0.0029451498994603753,0.20265466679577449,-0.47420620918273926
UCI,10,149,10,0.6976465582847595,0.17712297710801905,0.575,0.6877301931381226,0.0008177317795343697,0.008177317795343697,0.0145157715305686,0.00029121493571437895,0.0029121493571437895,0.2006196743322342,-0.49076518416404724
UCI,10,149,11,0.6958030462265015,0.17712297710801905,0.58,0.6872018575668335,0.0007061650394462049,0.007061650394462049,0.014534478075802326,0.0002887358423322439,0.002887358423322439,0.19865580368719588,-0.504725992679596
UCI,10,149,12,0.6934601962566376,0.14990633779917228,0.59,0.6866441965103149,0.0006151816924102604,0.006151816924102604,0.014560306444764137,0.0002868350420612842,0.002868350420612842,0.19699794310608731,-0.5185055732727051
UCI,10,173,1,0.7595495283603668,0.10540925533894598,0.5399999999999999,0.6953507661819458,0.00578147592023015,0.0578147592023015,0.019459431990981102,0.00047100131632760167,0.004710013163276017,0.24204268477409696,0.23775100708007812
UCI,10,173,2,0.7523166835308075,0.10540925533894598,0.5399999999999999,0.6948341727256775,0.00509893661364913,0.0509893661364913,0.018704142421483994,0.00045107901678420603,0.00451079016784206,0.24116530264765662,0.23472365736961365
UCI,10,173,3,0.743635505437851,0.3209833376209784,0.5349999999999999,0.694328248500824,0.004498965106904507,0.04498965106904507,0.01800103299319744,0.0004332988173700869,0.004332988173700869,0.2407077513461754,0.2300082892179489
UCI,10,173,4,0.7382839918136597,0.3104602102825332,0.5349999999999999,0.6938555836677551,0.003972961567342281,0.03972961567342281,0.017381910234689713,0.0004170603060629219,0.004170603060629219,0.2399392819499087,0.22267720103263855
UCI,10,173,5,0.7326411604881287,0.2656844656620286,0.5349999999999999,0.6933985352516174,0.0035124272108078003,0.035124272108078,0.016805335879325867,0.0004020227352157235,0.004020227352157235,0.2392232670043191,0.21352340281009674
UCI,10,173,6,0.7277684807777405,0.3032730160976964,0.5299999999999999,0.6929486989974976,0.003109660930931568,0.03109660930931568,0.016268659383058548,0.00038776296423748136,0.0038776296423748136,0.2383496728939327,0.2026355117559433
UCI,10,173,7,0.7222581207752228,0.3209833376209784,0.5299999999999999,0.692514181137085,0.002757757669314742,0.02757757669314742,0.01576857827603817,0.0003741165855899453,0.003741165855899453,0.23725448105771874,0.1901913583278656
UCI,10,173,8,0.7198548913002014,0.3104602102825332,0.5299999999999999,0.6921069622039795,0.002450480591505766,0.02450480591505766,0.0153278773650527,0.0003607303951866925,0.0036073039518669248,0.23534269396567045,0.17587387561798096
UCI,10,173,9,0.7163767516613007,0.3104602102825332,0.5299999999999999,0.6917212009429932,0.002181899966672063,0.02181899966672063,0.014909252524375916,0.00034810235956683755,0.0034810235956683755,0.23348075901035736,0.1603277325630188
UCI,10,173,10,0.7131477296352386,0.35136418446315326,0.5249999999999999,0.6913401484489441,0.0019470116822049022,0.01947011682204902,0.014506037347018719,0.00033630552934482694,0.0033630552934482694,0.23183831759122311,0.14282004535198212
UCI,10,173,11,0.7100481986999512,0.3209833376209784,0.5249999999999999,0.6909545660018921,0.0017412306042388082,0.01741230604238808,0.014105090871453285,0.0003253949398640543,0.0032539493986405432,0.23069326020621944,0.12260251492261887
UCI,10,173,12,0.7078907489776611,0.3209833376209784,0.5249999999999999,0.6905726194381714,0.001560325501486659,0.01560325501486659,0.013712623156607151,0.0003152150893583894,0.0031521508935838938,0.22987220297562785,0.09959578514099121
UCI,10,173,13,0.7054429650306702,0.35136418446315326,0.5199999999999999,0.690204381942749,0.0014004637487232685,0.014004637487232685,0.013326826505362988,0.00030579569283872843,0.0030579569283872843,0.2294587482741446,0.07370574027299881
UCI,10,173,14,0.7041528820991516,0.34141531479696996,0.5199999999999999,0.6898317933082581,0.001258584437891841,0.01258584437891841,0.012922908179461956,0.0002972874790430069,0.002972874790430069,0.2300468864396005,0.04418794438242912
UCI,10,173,15,0.7022538781166077,0.3209833376209784,0.5199999999999999,0.6894755959510803,0.001132275559939444,0.01132275559939444,0.012518464587628841,0.0002894601784646511,0.002894601784646511,0.23122658249215736,0.011925200931727886
UCI,10,173,16,0.6997871398925781,0.36115755925730764,0.5149999999999999,0.6891224384307861,0.0010196216171607375,0.010196216171607375,0.012082504108548164,0.00028255442157387733,0.0028255442157387733,0.23385419035278865,-0.024909818544983864
UCI,10,173,17,0.6980912387371063,0.35136418446315326,0.5149999999999999,0.6887750625610352,0.0009192433208227158,0.009192433208227158,0.011628392152488232,0.00027610090910457075,0.0027610090910457075,0.237436874749267,-0.0651727020740509
UCI,10,173,18,0.697820633649826,0.34141531479696996,0.5149999999999999,0.6884558200836182,0.0008299818146042526,0.008299818146042526,0.011234947480261326,0.0002697197487577796,0.002697197487577796,0.24007210468197568,-0.09920448064804077
UCI,10,173,19,0.6970130801200867,0.36115755925730764,0.5099999999999999,0.6881287693977356,0.0007499360362999141,0.007499360362999141,0.010764084756374359,0.00026408518897369504,0.0026408518897369504,0.2453391950646868,-0.1394490897655487
UCI,10,173,20,0.6953005790710449,0.36115755925730764,0.5099999999999999,0.6878083944320679,0.000678008422255516,0.0067800842225551605,0.010247450321912766,0.0002589659416116774,0.002589659416116774,0.25271256115085944,-0.18665510416030884
UCI,10,173,21,0.6937262713909149,0.36115755925730764,0.5099999999999999,0.6875050663948059,0.0006134962313808501,0.006134962313808501,0.009740284644067287,0.0002540704736020416,0.002540704736020416,0.26084501930525555,-0.2334810048341751
UCI,10,173,22,0.6925245821475983,0.36115755925730764,0.5049999999999999,0.6871970891952515,0.0005553848459385335,0.0055538484593853354,0.009160432033240795,0.0002498724206816405,0.002498724206816405,0.2727736200377005,-0.2945948839187622
UCI,10,173,23,0.6931479871273041,0.36115755925730764,0.5049999999999999,0.6868963241577148,0.0005034010391682386,0.005034010391682386,0.008582448586821556,0.00024599413154646754,0.0024599413154646754,0.28662464919882447,-0.3497830629348755
UCI,10,173,24,0.6914496123790741,0.3708099243547831,0.49999999999999994,0.6866143941879272,0.0004565912240650505,0.004565912240650505,0.008029976859688759,0.00024258096527773887,0.0024258096527773887,0.3020942270649847,-0.4163649380207062
UCI,10,173,25,0.6910394430160522,0.36115755925730764,0.49999999999999994,0.6863440275192261,0.0004147051367908716,0.004147051367908716,0.007546244654804468,0.0002394484617980197,0.002394484617980197,0.3173081085378938,-0.47623211145401
UCI,10,173,26,0.689559280872345,0.36115755925730764,0.49999999999999994,0.6860926151275635,0.00037719993270002306,0.0037719993270002306,0.0071335528045892715,0.0002364638785365969,0.002364638785365969,0.3314812198270561,-0.5222339034080505
UCI,10,173,27,0.6892801225185394,0.36115755925730764,0.49999999999999994,0.6858450174331665,0.0003435559628996998,0.003435559628996998,0.006811751518398523,0.00023389274429064244,0.0023389274429064244,0.3433665242469558,-0.5581057667732239
UCI,10,173,28,0.6908375918865204,0.3708099243547831,0.49499999999999994,0.6856054067611694,0.000313388038193807,0.00313388038193807,0.0065909926779568195,0.00023156013048719615,0.0023156013048719615,0.35132815616930535,-0.575957715511322
UCI,10,173,29,0.688190221786499,0.3708099243547831,0.49499999999999994,0.6853853464126587,0.0002862697292584926,0.002862697292584926,0.006405611522495747,0.00022913928842172027,0.0022913928842172027,0.35771649219908247,-0.574491024017334
UCI,10,173,30,0.6870511472225189,0.3803341794400215,0.49499999999999994,0.685164213180542,0.00026184573653154075,0.0026184573653154075,0.006262898910790682,0.00022695871302857995,0.0022695871302857995,0.3623860392150681,-0.5658019185066223
UCI,10,173,31,0.6874035894870758,0.3803341794400215,0.49499999999999994,0.6849353313446045,0.00024002981081139296,0.0024002981081139296,0.005955417640507221,0.00022491169511340559,0.002249116951134056,0.37765897992378233,-0.5385493040084839
UCI,10,173,32,0.6860666275024414,0.3803341794400215,0.49499999999999994,0.6847097873687744,0.00022036544396542013,0.0022036544396542013,0.005699036177247763,0.00022289487242233008,0.002228948724223301,0.3911097692486886,-0.504681408405304
UCI,10,173,33,0.6854010820388794,0.3803341794400215,0.49499999999999994,0.6844834685325623,0.00020289860549382865,0.0020289860549382865,0.005325716454535723,0.00022083234216552228,0.0022083234216552228,0.4146528341317294,-0.4297260642051697
UCI,10,173,34,0.6864191591739655,0.3803341794400215,0.49499999999999994,0.6842602491378784,0.00018722265667747706,0.0018722265667747706,0.0052044992335140705,0.00021888922492507845,0.0021888922492507845,0.4205769183623931,-0.32655832171440125
UCI,10,173,35,0.6873146891593933,0.3803341794400215,0.49499999999999994,0.6840490102767944,0.0001730836374917999,0.001730836374917999,0.005319105461239815,0.0002170740335714072,0.002170740335714072,0.40810251865322117,-0.23929360508918762
UCI,10,173,36,0.6860733330249786,0.3803341794400215,0.49499999999999994,0.6838405132293701,0.00016039310139603913,0.0016039310139603913,0.005521425046026707,0.00021543604088947177,0.0021543604088947177,0.39018195319793847,-0.1924765706062317
UCI,10,173,37,0.6839045584201813,0.3803341794400215,0.49499999999999994,0.683623194694519,0.00014900200767442584,0.0014900200767442584,0.00562913017347455,0.0002141099248547107,0.002141099248547107,0.3803605854837649,-0.2072216272354126
UCI,10,173,38,0.685937225818634,0.3803341794400215,0.49499999999999994,0.6833928823471069,0.00013908128312323242,0.0013908128312323242,0.005854640621691942,0.00021276714687701315,0.0021276714687701315,0.3634162378621375,-0.17777946591377258
UCI,100,11,1,1.3247199058532715,0.09523809523809523,0.4799999999999999,0.6934928297996521,0.005770296789705753,0.5770296789705753,0.011703833937644958,0.0003665791009552777,0.03665791009552777,3.132128351344676,-0.08735932409763336
UCI,100,11,2,1.2533193230628967,0.22011272658140596,0.4799999999999999,0.6932343244552612,0.005109997466206551,0.5109997466206551,0.011395188048481941,0.00035258219577372074,0.035258219577372074,3.0941323150932245,-0.0859326645731926
UCI,100,11,3,1.1893078684806824,0.10564864902164729,0.4799999999999999,0.6930109262466431,0.004514731466770172,0.4514731466770172,0.011142670176923275,0.00033774165785871446,0.033774165785871446,3.031065736453235,-0.08547762781381607
UCI,100,11,4,1.1305465698242188,0.12912612658201336,0.48499999999999993,0.6927701234817505,0.0039774831384420395,0.39774831384420395,0.010863633826375008,0.00032236051629297435,0.032236051629297435,2.967335989458143,-0.08650017529726028
UCI,100,11,5,1.0779107809066772,0.22086305214969307,0.48499999999999993,0.6925481557846069,0.003492994699627161,0.3492994699627161,0.010617203079164028,0.0003067687212023884,0.03067687212023884,2.889355312459019,-0.08985966444015503
UCI,100,11,6,1.0307376980781555,0.11593472394004208,0.48499999999999993,0.6923423409461975,0.003057532012462616,0.3057532012462616,0.010395431891083717,0.00029115061624906957,0.029115061624906957,2.8007553635053184,-0.09567508846521378
UCI,100,11,7,0.9879862666130066,0.17323973216880925,0.48999999999999994,0.6921365261077881,0.0026675856206566095,0.26675856206566095,0.010177982039749622,0.00027577014407142997,0.027577014407142997,2.709477605623815,-0.10503166913986206
UCI,100,11,8,0.9503206312656403,0.22086305214969307,0.48999999999999994,0.6919553279876709,0.002319658175110817,0.2319658175110817,0.009999167174100876,0.00026097093359567225,0.026097093359567225,2.6099266974115647,-0.11768817901611328
UCI,100,11,9,0.9157289862632751,0.11593472394004208,0.48999999999999994,0.6917527914047241,0.002010211581364274,0.2010211581364274,0.009793365374207497,0.00024718663189560175,0.024718663189560175,2.5240213394530344,-0.13600727915763855
UCI,100,11,10,0.8852258920669556,0.21645482913637396,0.49499999999999994,0.691550612449646,0.0017356727039441466,0.17356727039441466,0.009597637690603733,0.0002344602980883792,0.02344602980883792,2.4428959046653764,-0.1595762073993683
UCI,100,11,11,0.8586479723453522,0.16682120232032635,0.49499999999999994,0.6913538575172424,0.0014929930912330747,0.14929930912330747,0.009427949786186218,0.00022255165094975382,0.022255165094975382,2.3605519333146567,-0.1885833591222763
UCI,100,11,12,0.834978461265564,0.19493925957690475,0.49999999999999994,0.6911742091178894,0.0012793272035196424,0.12793272035196424,0.009298527613282204,0.00021114195988047868,0.021114195988047868,2.2707031549691723,-0.2218809574842453
UCI,100,11,13,0.8145589828491211,0.22011272658140596,0.49999999999999994,0.6909987926483154,0.0010921646608039737,0.10921646608039737,0.009195187129080296,0.00020018154464196414,0.020018154464196414,2.177025239746114,-0.26090192794799805
UCI,100,23,1,1.2341974973678589,0.0,0.05,0.6934565901756287,0.004920043051242828,0.49200430512428284,0.015321009792387486,0.00038253821549005806,0.038253821549005806,2.4968211669711806,-0.05682238191366196
UCI,100,23,2,1.1703465580940247,0.1501785206706653,0.5099999999999999,0.6932315826416016,0.004335483536124229,0.43354835361242294,0.015023835934698582,0.0003686795535031706,0.03686795535031706,2.45396418801193,-0.07179760187864304
UCI,100,23,3,1.1135971546173096,0.16487498971248796,0.5099999999999999,0.6930249929428101,0.003810636466369033,0.3810636466369033,0.014772199094295502,0.00035454280441626906,0.035454280441626906,2.400067871771244,-0.09042569994926453
UCI,100,23,4,1.0619897842407227,0.1654758480803738,0.5099999999999999,0.6928178071975708,0.003342607757076621,0.3342607757076621,0.01450109388679266,0.00034047613735310733,0.03404761373531073,2.347934162837239,-0.10716544091701508
UCI,100,23,5,1.0165818929672241,0.21402422701654997,0.5099999999999999,0.6926244497299194,0.002926730550825596,0.2926730550825596,0.01428452879190445,0.00032685170299373567,0.03268517029937357,2.2881518022419765,-0.12736715376377106
UCI,100,23,6,0.9758481383323669,0.21442250696755896,0.5149999999999999,0.6924260258674622,0.0025577698834240437,0.25577698834240437,0.014056382700800896,0.0003135213628411293,0.03135213628411293,2.2304555127349066,-0.14773286879062653
UCI,100,23,7,0.9395753443241119,0.24325212770525995,0.5099999999999999,0.6922389268875122,0.0022307662293314934,0.22307662293314934,0.013847393915057182,0.0003005729231517762,0.03005729231517762,2.1706100439949463,-0.16827347874641418
UCI,100,23,8,0.9079052805900574,0.27431506742959905,0.5099999999999999,0.6920565366744995,0.0019416604191064835,0.19416604191064835,0.013668274506926537,0.0002882493135984987,0.02882493135984987,2.1088932143733685,-0.19121795892715454
UCI,100,23,9,0.8798939287662506,0.2773500981126146,0.5149999999999999,0.6918861865997314,0.0016865016659721732,0.16865016659721732,0.013512675650417805,0.0002766248944681138,0.027662489446811378,2.0471511462614043,-0.21450312435626984
UCI,100,23,10,0.8546830713748932,0.28867513459481287,0.5149999999999999,0.6917282342910767,0.0014614001847803593,0.14614001847803593,0.013363995589315891,0.0002657095901668072,0.026570959016680717,1.9882496098639386,-0.23638035356998444
UCI,100,23,11,0.8332836031913757,0.28867513459481287,0.5149999999999999,0.6915770173072815,0.0012628691038116813,0.12628691038116813,0.013230438344180584,0.0002553811063989997,0.02553811063989997,1.930254310215876,-0.25978243350982666
UCI,100,23,12,0.8134785890579224,0.27165268399721654,0.5149999999999999,0.6914304494857788,0.0010878472821787,0.10878472821787,0.01307243388146162,0.0002452394110150635,0.024523941101506352,1.8760042180274044,-0.28098759055137634
UCI,100,23,13,0.7962121665477753,0.2997004492513102,0.5149999999999999,0.6912710666656494,0.000933591858483851,0.0933591858483851,0.012877795845270157,0.00023520761169493198,0.0235207611694932,1.8264586154417148,-0.30231937766075134
UCI,100,23,14,0.7808471918106079,0.2997004492513102,0.5149999999999999,0.6911078691482544,0.0007975964690558612,0.07975964690558612,0.012677664868533611,0.00022516818717122078,0.022516818717122078,1.7761014311878187,-0.32513704895973206
UCI,100,23,15,0.7675632536411285,0.2997004492513102,0.5149999999999999,0.6909570097923279,0.0006777236121706665,0.06777236121706665,0.012537704780697823,0.0002152569213649258,0.02152569213649258,1.7168766144208498,-0.35206174850463867
UCI,100,23,16,0.7563280761241913,0.2997004492513102,0.5149999999999999,0.6908199787139893,0.0005723314243368804,0.057233142433688045,0.012459764257073402,0.00020562739518936723,0.020562739518936723,1.6503313461378906,-0.3822561204433441
UCI,100,23,17,0.746082216501236,0.2997004492513102,0.5149999999999999,0.690675675868988,0.00048017181688919663,0.04801718168891966,0.01233717706054449,0.00019626908760983497,0.019626908760983497,1.590875178711043,-0.41125744581222534
UCI,100,23,18,0.7365947365760803,0.2997004492513102,0.5149999999999999,0.6905341744422913,0.00039995426777750254,0.039995426777750254,0.012202021665871143,0.00018716636986937374,0.018716636986937374,1.533896390242242,-0.4397796392440796
UCI,100,23,19,0.7287938296794891,0.2997004492513102,0.5149999999999999,0.6903830170631409,0.00033066602190956473,0.03306660219095647,0.01204244140535593,0.00017833457968663424,0.017833457968663424,1.4808839311214679,-0.46969398856163025
UCI,100,23,20,0.7220500111579895,0.28867513459481287,0.5149999999999999,0.6902238130569458,0.0002713397843763232,0.027133978437632322,0.011851956136524677,0.0001696878025541082,0.01696878025541082,1.4317282362459482,-0.5008711218833923
UCI,100,23,21,0.7160381078720093,0.2773500981126146,0.5149999999999999,0.6900808811187744,0.0002209244412370026,0.02209244412370026,0.011718817986547947,0.00016126206901390105,0.016126206901390105,1.376095005477635,-0.5333847403526306
UCI,100,37,1,1.0025689601898193,0.11593472394004208,0.5449999999999999,0.6961747407913208,0.002719536889344454,0.2719536889344454,0.02390558458864689,0.00031449313974007964,0.031449313974007964,1.3155634767009088,-0.2034563273191452
UCI,100,37,2,0.958156168460846,0.1538554437923503,0.5399999999999999,0.6954399347305298,0.0023141182027757168,0.23141182027757168,0.023049551993608475,0.000302897795336321,0.0302897795336321,1.3141157599085356,-0.21571776270866394
UCI,100,37,3,0.917585700750351,0.16807316136320358,0.5449999999999999,0.6947110891342163,0.0019617551006376743,0.19617551006376743,0.022160109132528305,0.00029216072289273143,0.029216072289273143,1.3184083216624396,-0.2289552539587021
UCI,100,37,4,0.8830539286136627,0.16807316136320358,0.5449999999999999,0.6940052509307861,0.0016585079720243812,0.16585079720243812,0.021292297169566154,0.00028220005333423615,0.028220005333423615,1.3253621771613953,-0.2455226480960846
UCI,100,37,5,0.8538337051868439,0.21442250696755896,0.5399999999999999,0.6933384537696838,0.0013993991306051612,0.13993991306051612,0.020466461777687073,0.0002728771942202002,0.027287719422020018,1.3332895406361647,-0.26559680700302124
UCI,100,37,6,0.8275230526924133,0.16807316136320358,0.5399999999999999,0.6927003860473633,0.0011789108393713832,0.11789108393713832,0.01965262182056904,0.00026390462880954146,0.026390462880954146,1.3428469301400323,-0.2887038290500641
UCI,100,37,7,0.805536299943924,0.2773500981126146,0.5349999999999999,0.6920878887176514,0.0009916933486238122,0.09916933486238122,0.018857620656490326,0.00025538724730722606,0.025538724730722606,1.3542919966381235,-0.31533730030059814
UCI,100,37,8,0.787144660949707,0.1846372364689991,0.5349999999999999,0.6915203928947449,0.0008327133255079389,0.08327133255079389,0.01811610348522663,0.00024713671882636845,0.024713671882636845,1.3641825298023065,-0.34495794773101807
UCI,100,37,9,0.7709033191204071,0.16807316136320358,0.5349999999999999,0.6909809708595276,0.0006978065357543528,0.06978065357543528,0.017405027523636818,0.000239216024056077,0.0239216024056077,1.3744076171738928,-0.3773590624332428
UCI,100,37,10,0.7579491436481476,0.2,0.5299999999999999,0.6904873251914978,0.0005833926843479276,0.05833926843479276,0.016772141680121422,0.0002315338933840394,0.02315338933840394,1.3804670733163233,-0.41199392080307007
UCI,100,37,11,0.7456667423248291,0.16807316136320358,0.5299999999999999,0.690057635307312,0.00048648053780198097,0.0486480537801981,0.016254885122179985,0.00022386929776985198,0.022386929776985198,1.3772431861999421,-0.44648486375808716
UCI,100,37,12,0.7363007962703705,0.21442250696755896,0.5249999999999999,0.6896705031394958,0.00040481225005351007,0.04048122500535101,0.01586446911096573,0.00021658820332959294,0.021658820332959294,1.3652407894310459,-0.48121312260627747
UCI,100,37,13,0.7281838357448578,0.2,0.5249999999999999,0.6893068552017212,0.00033638140303082764,0.033638140303082764,0.015581149607896805,0.00020973528444301337,0.020973528444301337,1.3460835029574183,-0.5152336359024048
UCI,100,37,14,0.7214562594890594,0.20769510081357428,0.5199999999999999,0.6889819502830505,0.00027936988044530153,0.027936988044530153,0.01544562540948391,0.0002032802876783535,0.02032802876783535,1.3161026652474397,-0.5460723042488098
UCI,100,37,15,0.7157614231109619,0.2,0.5199999999999999,0.6886837482452393,0.00023227286874316633,0.023227286874316633,0.015485823154449463,0.00019728050392586738,0.019728050392586738,1.27394263745795,-0.5711654424667358
UCI,100,53,1,0.9438113272190094,0.0,0.05,0.7004826068878174,0.00206408160738647,0.20640816073864698,0.02773914858698845,0.00025178739451803267,0.025178739451803267,0.9076969097607347,-0.10590322315692902
UCI,100,53,2,0.8966576755046844,0.0,0.05,0.6995354294776917,0.0016593047184869647,0.16593047184869647,0.026424730196595192,0.0002320303610758856,0.02320303610758856,0.8780803412168142,-0.1134895607829094
UCI,100,53,3,0.8569125235080719,0.0,0.05,0.6986504197120667,0.0013218907406553626,0.13218907406553626,0.025230854749679565,0.00021448524785228074,0.021448524785228074,0.8500910887888359,-0.12212388217449188
UCI,100,53,4,0.8219403922557831,0.0,0.05,0.6978244781494141,0.0010430739494040608,0.10430739494040608,0.02415638417005539,0.0001995638303924352,0.01995638303924352,0.8261328723187698,-0.1330512911081314
UCI,100,53,5,0.7948385179042816,0.0,0.05,0.6970765590667725,0.0008145790197886527,0.08145790197886527,0.023223338648676872,0.0001869458646979183,0.01869458646979183,0.8049913387822442,-0.14473794400691986
UCI,100,53,6,0.7736409604549408,0.14990633779917228,0.5449999999999999,0.6963831782341003,0.0006285141571424901,0.06285141571424901,0.022387417033314705,0.00017608456255402416,0.017608456255402416,0.786533624187162,-0.15583917498588562
UCI,100,53,7,0.7537054717540741,0.14990633779917228,0.5449999999999999,0.6957288384437561,0.00047793250996619463,0.04779325099661946,0.02160811237990856,0.0001666027237661183,0.01666027237661183,0.7710193321700195,-0.1670648157596588
UCI,100,53,8,0.7411451935768127,0.10540925533894598,0.5449999999999999,0.6951399445533752,0.0003567166568245739,0.03567166568245739,0.020938394591212273,0.00015800476830918342,0.015800476830918342,0.7546173973409458,-0.1811840981245041
UCI,100,53,9,0.727750301361084,0.18576071235199634,0.5349999999999999,0.6945430040359497,0.0002605239278636873,0.026052392786368728,0.020273225381970406,0.00015045319742057472,0.015045319742057472,0.7421275824930024,-0.20025905966758728
UCI,100,53,10,0.7180460393428802,0.10540925533894598,0.5449999999999999,0.6939712762832642,0.00018634952721185982,0.018634952721185982,0.019650014117360115,0.00014383050438482314,0.014383050438482314,0.7319613285048676,-0.22387512028217316
UCI,100,53,11,0.7109421193599701,0.18576071235199634,0.5299999999999999,0.6934288740158081,0.00013167058932594955,0.013167058932594955,0.019064584746956825,0.00013814697740599513,0.013814697740599513,0.7246262073872172,-0.24999311566352844
UCI,100,53,12,0.7056338787078857,0.10540925533894598,0.5449999999999999,0.692888617515564,9.356595546705648e-05,0.009356595546705648,0.01848810724914074,0.0001335373381152749,0.01335373381152749,0.7222877729762264,-0.2783015966415405
UCI,100,53,13,0.7018725275993347,0.18576071235199634,0.5249999999999999,0.6923850178718567,6.859511631773785e-05,0.006859511631773785,0.017937399446964264,0.00012956048885826021,0.012956048885826021,0.722292488614826,-0.3056182265281677
UCI,100,53,14,0.6986215710639954,0.17459574536303996,0.5199999999999999,0.6918864846229553,5.354556560632773e-05,0.005354556560632773,0.01737300306558609,0.0001263242302229628,0.01263242302229628,0.7271294994081736,-0.3347671926021576
UCI,100,53,15,0.6965291202068329,0.18576071235199634,0.5199999999999999,0.6914064884185791,4.537758286460303e-05,0.004537758286460303,0.01681585982441902,0.00012371392222121358,0.012371392222121358,0.7356978680421881,-0.36712515354156494
UCI,100,53,16,0.6954862773418427,0.15904595068400107,0.5149999999999999,0.6909493803977966,4.1617764509283006e-05,0.004161776450928301,0.01628577895462513,0.00012168829562142491,0.012168829562142491,0.7472058656848322,-0.4036389887332916
UCI,100,53,17,0.6944451034069061,0.18576071235199634,0.5149999999999999,0.6905081868171692,4.0457442082697526e-05,0.0040457442082697526,0.015769772231578827,0.0001202496059704572,0.01202496059704572,0.7625322940914673,-0.4434814453125
UCI,100,71,1,1.26680326461792,0.0,0.05,0.6951842904090881,0.005086927209049463,0.5086927209049463,0.021648719906806946,0.0004439542244654149,0.04439542244654149,2.050718131956724,-0.11243525892496109
UCI,100,71,2,1.1847490072250366,0.0,0.05,0.6947509050369263,0.0043399641290307045,0.43399641290307045,0.021233368664979935,0.0004241333808749914,0.04241333808749914,1.9974851262037945,-0.1270688772201538
UCI,100,71,3,1.1121175289154053,0.0,0.05,0.6943215131759644,0.003688299562782049,0.3688299562782049,0.02083064801990986,0.00040277375956065953,0.04027737595606595,1.9335632726148981,-0.14262811839580536
UCI,100,71,4,1.048378348350525,0.0,0.05,0.6938880085945129,0.0031258936505764723,0.31258936505764723,0.02044723555445671,0.0003804961161222309,0.03804961161222309,1.8608682582487166,-0.16016460955142975
UCI,100,71,5,0.9936309158802032,0.01545796319200561,0.4799999999999999,0.6934621334075928,0.002645510947331786,0.2645510947331786,0.02011297270655632,0.00035841326462104917,0.03584132646210492,1.7820004523956596,-0.18020828068256378
UCI,100,71,6,0.9467787742614746,0.2,0.4799999999999999,0.6930593252182007,0.002238126238808036,0.22381262388080359,0.019852301105856895,0.00033735469332896173,0.03373546933289617,1.6993228720948332,-0.2027560919523239
UCI,100,71,7,0.907593309879303,0.25362863675089403,0.4799999999999999,0.6926702260971069,0.0018941934686154127,0.18941934686154127,0.01966341957449913,0.0003178876650054008,0.03178876650054008,1.6166448760400722,-0.22887581586837769
UCI,100,71,8,0.8747577965259552,0.21320071635561041,0.4799999999999999,0.6922957301139832,0.0016045389929786325,0.16045389929786325,0.019530778750777245,0.00030004969448782504,0.030004969448782504,1.5362915033579205,-0.25663089752197266
UCI,100,71,9,0.8458746373653412,0.1846372364689991,0.48499999999999993,0.6919100880622864,0.0013607442378997803,0.13607442378997803,0.01938391849398613,0.0002836176136042923,0.028361761360429227,1.4631593384603054,-0.2840057611465454
UCI,100,71,10,0.8229168355464935,0.2,0.48499999999999993,0.6915355920791626,0.0011549928458407521,0.11549928458407521,0.019310982897877693,0.0002688536187633872,0.02688536187633872,1.3922316651884903,-0.31431394815444946
UCI,100,71,11,0.8029589951038361,0.24112141108520604,0.48499999999999993,0.6911557912826538,0.0009807809256017208,0.09807809256017208,0.019237680360674858,0.00025551117141731083,0.025551117141731083,1.3281807714178462,-0.34443968534469604
UCI,100,71,12,0.7855549454689026,0.24112141108520604,0.48499999999999993,0.6907660961151123,0.000832432066090405,0.0832432066090405,0.01914273388683796,0.00024347672297153622,0.024347672297153622,1.2719015184082165,-0.3737066090106964
UCI,100,71,13,0.7706305980682373,0.2,0.48999999999999994,0.690363347530365,0.0007053533918224275,0.07053533918224275,0.01902676187455654,0.0002325587993254885,0.02325587993254885,1.2222720863316043,-0.4028477072715759
UCI,100,71,14,0.7581044137477875,0.22808577638091165,0.48999999999999994,0.6899718046188354,0.0005959517438896,0.059595174388960004,0.018983762711286545,0.00022259204706642777,0.022259204706642777,1.1725391349002092,-0.43359866738319397
UCI,100,71,15,0.7471490800380707,0.24112141108520604,0.48999999999999994,0.6895832419395447,0.000501797825563699,0.0501797825563699,0.01897956244647503,0.00021331543393898755,0.021331543393898755,1.1239217686949652,-0.46478062868118286
UCI,100,89,1,1.2337380647659302,0.14724203476646205,0.48999999999999994,0.6919765472412109,0.004796362016350031,0.4796362016350031,0.012021365575492382,0.0004539490910246968,0.04539490910246968,3.776185726770925,-0.1265714317560196
UCI,100,89,2,1.1528775095939636,0.14990633779917228,0.5099999999999999,0.6918535828590393,0.004061531275510788,0.4061531275510788,0.011928309686481953,0.0004176624061074108,0.04176624061074108,3.501438318462983,-0.14539895951747894
UCI,100,89,3,1.0816700458526611,0.18917776913478018,0.48999999999999994,0.6917524933815002,0.0034241743851453066,0.34241743851453066,0.01186125073581934,0.0003840178542304784,0.03840178542304784,3.237583141808119,-0.1697966754436493
UCI,100,89,4,1.0197691321372986,0.1709786436730771,0.49999999999999994,0.6916569471359253,0.0028767986223101616,0.28767986223101616,0.011814579367637634,0.0003535629657562822,0.03535629657562822,2.9925988454972674,-0.19364924728870392
UCI,100,89,5,0.9672879278659821,0.16807316136320358,0.5149999999999999,0.6915522813796997,0.002410316839814186,0.2410316839814186,0.01176835224032402,0.0003264110127929598,0.03264110127929598,2.773633947448642,-0.21897883713245392
UCI,100,89,6,0.9218821227550507,0.16487498971248796,0.49499999999999994,0.6914501190185547,0.002014498459175229,0.2014498459175229,0.011737865395843983,0.00030232712742872536,0.030232712742872536,2.57565679306367,-0.24050326645374298
UCI,100,89,7,0.8843061327934265,0.16487498971248796,0.49499999999999994,0.6913315653800964,0.0016796329291537404,0.16796329291537404,0.011697744950652122,0.00028112722793594003,0.028112722793594003,2.4032600225248357,-0.26264509558677673
UCI,100,89,8,0.8517529368400574,0.16807316136320358,0.5199999999999999,0.691218912601471,0.001397114247083664,0.1397114247083664,0.011678117327392101,0.0002622551401145756,0.026225514011457562,2.2456970825205875,-0.2852332592010498
UCI,100,89,9,0.8248486816883087,0.16487498971248796,0.49499999999999994,0.691097617149353,0.0011599287390708923,0.11599287390708923,0.011661391705274582,0.0002455664216540754,0.02455664216540754,2.105807161447144,-0.308668851852417
UCI,100,89,10,0.8017673790454865,0.1655211777204736,0.5049999999999999,0.6909745931625366,0.0009620103519409895,0.09620103519409895,0.011657249182462692,0.00023076169600244612,0.02307616960024461,1.9795553169576818,-0.3325376808643341
UCI,100,89,11,0.7827696800231934,0.16807316136320358,0.5249999999999999,0.6908444166183472,0.0007980488007888198,0.07980488007888198,0.011652558110654354,0.0002177069545723498,0.02177069545723498,1.8683189777298126,-0.3572697341442108
UCI,100,107,1,1.1124576330184937,0.0,0.05,0.6961883306503296,0.0035905875265598297,0.35905875265598297,0.017268436029553413,0.0004021240456495434,0.04021240456495434,2.328665114555501,0.13442769646644592
UCI,100,107,2,1.0385513305664062,0.0,0.05,0.6957461833953857,0.0029276004061102867,0.29276004061102867,0.016636105254292488,0.0003674376930575818,0.03674376930575818,2.2086761741470387,0.12286143004894257
UCI,100,107,3,0.9738597273826599,0.0,0.05,0.6953105926513672,0.002361891558393836,0.2361891558393836,0.016031933948397636,0.00033808863372541964,0.033808863372541964,2.108844976617503,0.10784085839986801
UCI,100,107,4,0.9192719757556915,0.0,0.05,0.6948935985565186,0.00188459234777838,0.188459234777838,0.015505816787481308,0.0003137179301120341,0.03137179301120341,2.0232273759697437,0.08782230317592621
UCI,100,107,5,0.8724586963653564,0.0,0.05,0.69449782371521,0.0014869972364977002,0.14869972364977002,0.015035390853881836,0.0002934076765086502,0.02934076765086502,1.951446951795724,0.06414906680583954
UCI,100,107,6,0.8346775770187378,0.0,0.05,0.6941273808479309,0.0011614345712587237,0.11614345712587237,0.014653954654932022,0.0002764211385510862,0.02764211385510862,1.886324511438639,0.035354938358068466
UCI,100,107,7,0.8029839396476746,0.09622504486493763,0.4799999999999999,0.6937738656997681,0.000899985374417156,0.0899985374417156,0.014321692287921906,0.0002619489678181708,0.02619489678181708,1.829036419383787,0.0035657971166074276
UCI,100,107,8,0.7781785428524017,0.12309149097933272,0.4799999999999999,0.6934449076652527,0.0006940788007341325,0.06940788007341325,0.014058568514883518,0.0002494875807315111,0.02494875807315111,1.7746300447828933,-0.03099844418466091
UCI,100,107,9,0.7585517168045044,0.15131631264796797,0.48499999999999993,0.6931259632110596,0.0005350001156330109,0.053500011563301086,0.01384713314473629,0.00023886798589956015,0.023886798589956015,1.725035669136763,-0.06822036951780319
UCI,100,107,10,0.7428770065307617,0.07699905035090181,0.48499999999999993,0.692825198173523,0.0004138565855100751,0.04138565855100751,0.013690624386072159,0.00022985156101640314,0.022985156101640314,1.6788975764336747,-0.1064128503203392
UCI,100,107,11,0.7316467761993408,0.15131631264796797,0.48999999999999994,0.6925512552261353,0.00032224334427155554,0.032224334427155554,0.013604153878986835,0.00022208012524060905,0.022208012524060905,1.632443496420877,-0.1443442702293396
UCI,100,107,12,0.722616583108902,0.1380861926847485,0.48999999999999994,0.6922757029533386,0.00025293324142694473,0.025293324142694473,0.013553903438150883,0.00021523622854147106,0.021523622854147106,1.5880017850476518,-0.18374934792518616
UCI,100,107,13,0.7162567973136902,0.1846372364689991,0.5049999999999999,0.6920176148414612,0.0001999584201257676,0.01999584201257676,0.013565127737820148,0.00020879630756098777,0.020879630756098777,1.539213722100492,-0.22337765991687775
UCI,100,107,14,0.711028516292572,0.175919798853417,0.49499999999999994,0.6917625069618225,0.00015905204054433852,0.015905204054433852,0.013608661480247974,0.00020262179896235466,0.020262179896235466,1.4889179164052695,-0.26411595940589905
UCI,100,107,15,0.7063821852207184,0.15131631264796797,0.49999999999999994,0.6915299892425537,0.00012733695621136576,0.012733695621136576,0.013702666386961937,0.00019657584198284894,0.019657584198284894,1.4345809525793498,-0.3035677969455719
UCI,100,107,16,0.7034060955047607,0.2044398826909146,0.49999999999999994,0.6912935972213745,0.00010304333409294486,0.010304333409294486,0.013833032920956612,0.00019114400492981076,0.019114400492981076,1.3817938988653282,-0.344695508480072
UCI,100,107,17,0.7011083364486694,0.1846372364689991,0.5199999999999999,0.6910489201545715,8.478273230139166e-05,0.008478273230139166,0.013999252580106258,0.00018637119501363486,0.018637119501363486,1.3312938954932425,-0.3873170018196106
UCI,100,107,18,0.6992959976196289,0.2044398826909146,0.5049999999999999,0.690807580947876,7.143984112190083e-05,0.007143984112190083,0.014203634113073349,0.00018218379409518093,0.018218379409518093,1.2826562036506897,-0.42907625436782837
UCI,100,107,19,0.6977375447750092,0.19781414201873612,0.5049999999999999,0.6905746459960938,6.200873758643866e-05,0.006200873758643866,0.014444541186094284,0.00017848271818365902,0.0178482718183659,1.2356413117190859,-0.46853819489479065
UCI,100,107,20,0.6960362195968628,0.2057176443971225,0.5099999999999999,0.6903508901596069,5.559938290389255e-05,0.005559938290389255,0.014718509279191494,0.00017529114848002791,0.01752911484800279,1.190957216895928,-0.5049822330474854
UCI,100,107,21,0.6956452131271362,0.23655309301829208,0.5099999999999999,0.6901042461395264,5.154898462933488e-05,0.005154898462933488,0.015018831938505173,0.00017301816842518747,0.017301816842518747,1.152008153054864,-0.5411896109580994
UCI,100,107,22,0.6948044002056122,0.2087912087912088,0.5099999999999999,0.6898521780967712,4.904054367216304e-05,0.004904054367216304,0.015345297753810883,0.00017124117584899068,0.017124117584899068,1.115919538325441,-0.5741623044013977
UCI,100,107,23,0.6949135363101959,0.2044398826909146,0.5149999999999999,0.6895815134048462,4.7529298171866685e-05,0.0047529298171866685,0.01569683663547039,0.00017001728701870888,0.01700172870187089,1.0831308942498523,-0.6042599081993103
UCI,100,107,24,0.694614052772522,0.2472066162365221,0.5149999999999999,0.6893075704574585,4.644415093935095e-05,0.004644415093935095,0.01606612093746662,0.0001687907933956012,0.01687907933956012,1.0506007894038478,-0.6305221915245056
UCI,100,107,25,0.6941072344779968,0.19493925957690475,0.5199999999999999,0.6890288591384888,4.544485636870377e-05,0.004544485636870377,0.01648085005581379,0.00016735565441194922,0.01673556544119492,1.0154552334690576,-0.6519565582275391
UCI,100,107,26,0.6934509873390198,0.2044398826909146,0.5199999999999999,0.688739538192749,4.440439079189673e-05,0.004440439079189673,0.01692734844982624,0.0001658333494560793,0.01658333494560793,0.9796770589771937,-0.6695209741592407
UCI,100,107,27,0.6926634013652802,0.25784170064485096,0.5199999999999999,0.688434362411499,4.327882925281301e-05,0.004327882925281301,0.017418010160326958,0.00016434647841379046,0.016434647841379046,0.9435433605850272,-0.6810913681983948
UCI,100,107,28,0.6929484903812408,0.2087912087912088,0.5199999999999999,0.6880899667739868,4.21384975197725e-05,0.00421384975197725,0.017926441505551338,0.000163149437867105,0.0163149437867105,0.9101049855130591,-0.6882323026657104
UCI,100,107,29,0.6913755834102631,0.21517402008629544,0.5249999999999999,0.6877282857894897,4.0885624912334606e-05,0.004088562491233461,0.018422171473503113,0.00016177167708519846,0.016177167708519846,0.8781357687277914,-0.694299578666687
UCI,100,107,30,0.6922105252742767,0.2673939106929519,0.5249999999999999,0.6873155832290649,3.980995825259015e-05,0.003980995825259015,0.018934104591608047,0.00016073277220129967,0.016073277220129967,0.8489061176546974,-0.6927490234375
UCI,100,107,31,0.6912994682788849,0.21517402008629544,0.5299999999999999,0.6868719458580017,3.877794370055199e-05,0.0038777943700551987,0.019449010491371155,0.0001595653302501887,0.01595653302501887,0.8204290409580594,-0.6890857815742493
UCI,100,107,32,0.6910198330879211,0.21979349113192903,0.5249999999999999,0.6863768696784973,3.788105823332444e-05,0.003788105823332444,0.019946398213505745,0.00015848467592149973,0.015848467592149973,0.7945528522246661,-0.6840134263038635
UCI,100,107,33,0.6897057890892029,0.24112141108520604,0.6,0.6858398914337158,3.7074933061376214e-05,0.0037074933061376214,0.02046576328575611,0.0001573423360241577,0.01573423360241577,0.7688075632813842,-0.6751232743263245
UCI,100,107,34,0.688953697681427,0.25784170064485096,0.5299999999999999,0.6852255463600159,3.6473222280619666e-05,0.0036473222280619666,0.02095571905374527,0.00015645986422896385,0.015645986422896385,0.7466213105247795,-0.6634331941604614
UCI,100,107,35,0.6886278688907623,0.25784170064485096,0.5299999999999999,0.6845226287841797,3.606159225455485e-05,0.0036061592254554853,0.02136961743235588,0.00015588378300890326,0.015588378300890326,0.7294645470483649,-0.6549147367477417
UCI,100,107,36,0.6872417330741882,0.25784170064485096,0.5299999999999999,0.6837393641471863,3.578965333872475e-05,0.0035789653338724747,0.021782275289297104,0.00015543164045084268,0.015543164045084268,0.7135693511651433,-0.6380935907363892
UCI,100,107,37,0.6875961124897003,0.25784170064485096,0.5299999999999999,0.6828452348709106,3.571402339730412e-05,0.0035714023397304118,0.022146491333842278,0.00015529769007116556,0.015529769007116556,0.701229317683626,-0.6079643964767456
UCI,100,107,38,0.6861799955368042,0.2472066162365221,0.5299999999999999,0.6818710565567017,3.56522505171597e-05,0.00356522505171597,0.022598328068852425,0.0001551067252876237,0.01551067252876237,0.6863637204267751,-0.5621494054794312
UCI,100,131,1,0.9910141825675964,0.0,0.05,0.6960172653198242,0.002546240808442235,0.2546240808442235,0.01975562982261181,0.00029805160011164844,0.029805160011164844,1.5086919667350007,0.038028083741664886
UCI,100,131,2,0.9389208555221558,0.08804509063256238,0.4599999999999999,0.6954752802848816,0.002087988890707493,0.20879888907074928,0.0190957710146904,0.0002810825244523585,0.02810825244523585,1.4719621650056516,0.039007607847452164
UCI,100,131,3,0.8932942152023315,0.09899678265684461,0.4599999999999999,0.6949514746665955,0.0017018737271428108,0.17018737271428108,0.01845131441950798,0.0002664007479324937,0.02664007479324937,1.4438036330400221,0.03364928811788559
UCI,100,131,4,0.8572735786437988,0.10820574234403926,0.4699999999999999,0.6944700479507446,0.001377357286401093,0.1377357286401093,0.017865298315882683,0.000253427482675761,0.0253427482675761,1.418546044934821,0.021701600402593613
UCI,100,131,5,0.8255561292171478,0.16807316136320358,0.4799999999999999,0.693992555141449,0.0011065243743360043,0.11065243743360043,0.017283165827393532,0.0002418362273601815,0.02418362273601815,1.3992588497697285,0.0021338369697332382
UCI,100,131,6,0.7993673086166382,0.14097096860865024,0.4749999999999999,0.6935304999351501,0.0008830101578496397,0.08830101578496397,0.016721297055482864,0.00023138073447626084,0.023138073447626084,1.3837487230118417,-0.0245274156332016
UCI,100,131,7,0.7766862511634827,0.12090832578915783,0.4649999999999999,0.693074107170105,0.0007009195978753269,0.07009195978753269,0.016163552179932594,0.00022189697483554482,0.022189697483554482,1.3728230797623482,-0.058725859969854355
UCI,100,131,8,0.7602144777774811,0.10046620299347057,0.4649999999999999,0.6926403641700745,0.0005543188890442252,0.05543188890442252,0.01564866118133068,0.00021314613695722073,0.021314613695722073,1.3620726686287414,-0.0995277389883995
UCI,100,131,9,0.7446938753128052,0.10820574234403926,0.48499999999999993,0.6922208070755005,0.0004373934061732143,0.04373934061732143,0.015143110416829586,0.00020493117335718125,0.020493117335718125,1.3532964345913179,-0.14646083116531372
UCI,100,131,10,0.7327772378921509,0.1846372364689991,0.49999999999999994,0.691831648349762,0.00034503318602219224,0.034503318602219224,0.014678176492452621,0.0001973249454749748,0.01973249454749748,1.3443423682528781,-0.19746004045009613
UCI,100,131,11,0.724412590265274,0.1533557257490552,0.48999999999999994,0.6914855241775513,0.00027275076718069613,0.027275076718069613,0.014292764477431774,0.00019017468730453402,0.019017468730453402,1.3305661588758368,-0.24928279221057892
UCI,100,131,12,0.7168879806995392,0.10820574234403926,0.49499999999999994,0.6911482214927673,0.00021684162493329495,0.021684162493329495,0.013935355469584465,0.00018356282089371234,0.018356282089371234,1.317245342570267,-0.3039952516555786
UCI,100,131,13,0.7118656933307648,0.11593472394004208,0.4699999999999999,0.6908244490623474,0.00017411158478353173,0.017411158478353173,0.013611354865133762,0.00017745481454767287,0.017745481454767287,1.3037263101723486,-0.35999393463134766
UCI,100,131,14,0.7079671919345856,0.12090832578915783,0.4749999999999999,0.6905225515365601,0.00014178645506035537,0.014178645506035537,0.013339070603251457,0.00017178581038024276,0.017178581038024276,1.2878394266716695,-0.4148801267147064
UCI,100,131,15,0.7040980458259583,0.16807316136320358,0.5199999999999999,0.6902331113815308,0.00011757548054447398,0.011757548054447398,0.01310731191188097,0.00016656371008139104,0.016656371008139104,1.270769408717674,-0.46837058663368225
UCI,100,131,16,0.7011647522449493,0.16807316136320358,0.5249999999999999,0.6899604201316833,9.964298806153238e-05,0.009964298806153238,0.012938074767589569,0.00016181691898964345,0.016181691898964345,1.2507032297803824,-0.5181902050971985
UCI,100,131,17,0.6998615264892578,0.1294595556006309,0.5299999999999999,0.6897017359733582,8.643930777907372e-05,0.008643930777907372,0.012835294008255005,0.00015752580657135695,0.015752580657135695,1.2272863128031537,-0.5629482865333557
UCI,100,131,18,0.6979089677333832,0.12090832578915783,0.4799999999999999,0.6894627809524536,7.653595821466297e-05,0.007653595821466297,0.01280809473246336,0.00015346685540862381,0.015346685540862381,1.1982020637280826,-0.6008068323135376
UCI,100,149,1,1.114967942237854,0.11357771260606367,0.5249999999999999,0.692611813545227,0.003708025673404336,0.3708025673404336,0.016058839857578278,0.0003834724484477192,0.03834724484477192,2.387921243680352,-0.26120102405548096
UCI,100,149,2,1.0472087264060974,0.1846372364689991,0.5399999999999999,0.6922996044158936,0.003111767116934061,0.3111767116934061,0.01589217595756054,0.00036159763112664223,0.03615976311266422,2.2753185724363685,-0.269673615694046
UCI,100,149,3,0.989849328994751,0.10814761408717503,0.5199999999999999,0.6920267939567566,0.002603252651169896,0.2603252651169896,0.01578677073121071,0.00034093603608198464,0.034093603608198464,2.1596312626999037,-0.2797417640686035
UCI,100,149,4,0.9410101473331451,0.11010873508892381,0.5199999999999999,0.6917341947555542,0.0021758058574050665,0.21758058574050665,0.015680817887187004,0.0003216429322492331,0.03216429322492331,2.0511872184425513,-0.29106563329696655
UCI,100,149,5,0.8991423547267914,0.2,0.5449999999999999,0.6914455890655518,0.0018200892955064774,0.18200892955064774,0.015589093789458275,0.0003034363908227533,0.03034363908227533,1.9464658749307442,-0.30326202511787415
UCI,100,149,6,0.8651722073554993,0.12578458966204156,0.5449999999999999,0.6911628246307373,0.001525197527371347,0.1525197527371347,0.01553201861679554,0.0002865319838747382,0.02865319838747382,1.8447826450896538,-0.3172059953212738
UCI,100,149,7,0.8366589546203613,0.13714509626474833,0.5199999999999999,0.6908953189849854,0.0012803968274965882,0.12803968274965882,0.015510079450905323,0.00027094653341919184,0.027094653341919184,1.7469061604541083,-0.3315196633338928
UCI,100,149,8,0.8133039772510529,0.21442250696755896,0.5499999999999999,0.6906207203865051,0.0010770574444904923,0.10770574444904923,0.015506519936025143,0.00025693108909763396,0.025693108909763396,1.6569229598752528,-0.3464767634868622
UCI,100,149,9,0.794055312871933,0.15131631264796797,0.5299999999999999,0.6903365850448608,0.0009084671619348228,0.09084671619348228,0.015521165914833546,0.00024450034834444523,0.024450034834444523,1.5752705027834073,-0.3623107969760895
UCI,100,149,10,0.7776755094528198,0.15131631264796797,0.5299999999999999,0.690037190914154,0.0007692754152230918,0.07692754152230918,0.015539041720330715,0.0002335941680939868,0.02335941680939868,1.5032726747130147,-0.37932246923446655
UCI,100,149,11,0.7642460763454437,0.21442250696755896,0.5549999999999999,0.6897370219230652,0.0006548507371917367,0.06548507371917367,0.015583286993205547,0.00022397274733521044,0.022397274733521044,1.4372625456546142,-0.398095965385437
UCI,100,149,12,0.7523614466190338,0.1493423605221771,0.5549999999999999,0.6894179582595825,0.0005610532825812697,0.056105328258126974,0.01563676819205284,0.00021549522352870554,0.021549522352870554,1.3781314711708001,-0.41999390721321106
UCI,100,149,13,0.7426731288433075,0.14990633779917228,0.5599999999999999,0.6890959143638611,0.0004840331675950438,0.04840331675950438,0.015732478350400925,0.00020791160932276398,0.020791160932276398,1.3215439086713607,-0.4447909891605377
UCI,100,149,14,0.7360104322433472,0.21442250696755896,0.5599999999999999,0.6887702345848083,0.00042031079647131264,0.042031079647131264,0.015888821333646774,0.00020113500067964196,0.020113500067964196,1.2658900018827124,-0.4720013439655304
UCI,100,149,15,0.7288815081119537,0.1493423605221771,0.5599999999999999,0.6884354948997498,0.0003667030541691929,0.03667030541691929,0.016087479889392853,0.00019482574134599417,0.019482574134599417,1.2110395331368895,-0.5022525787353516
UCI,100,149,16,0.7241785228252411,0.16807316136320358,0.565,0.6880748271942139,0.00032088629086501896,0.032088629086501896,0.01634569652378559,0.00018908250785898417,0.018908250785898417,1.1567724115264162,-0.5356951355934143
UCI,100,173,1,1.3314244747161865,0.12578458966204156,0.5349999999999999,0.6955610513687134,0.005776938516646624,0.5776938516646624,0.019797733053565025,0.0004768393700942397,0.04768393700942397,2.4085554078545073,0.23977279663085938
UCI,100,173,2,1.2564923763275146,0.10540925533894598,0.5399999999999999,0.6951758861541748,0.00508990278467536,0.508990278467536,0.019209427759051323,0.0004612468765117228,0.04612468765117228,2.401148448029052,0.23948808014392853
UCI,100,173,3,1.1880272030830383,0.12578458966204156,0.5299999999999999,0.6947794556617737,0.004485787358134985,0.4485787358134985,0.018614692613482475,0.0004466544487513602,0.04466544487513602,2.399472599552097,0.23817917704582214
UCI,100,173,4,1.1302258372306824,0.3209833376209784,0.5349999999999999,0.6944103240966797,0.00395577447488904,0.395577447488904,0.018078479915857315,0.0004329700896050781,0.04329700896050781,2.394947427108093,0.23558162152767181
UCI,100,173,5,1.0782565474510193,0.3104602102825332,0.5349999999999999,0.6940494179725647,0.003491562558338046,0.3491562558338046,0.017563240602612495,0.0004197715607006103,0.04197715607006103,2.390057565106579,0.23255203664302826
UCI,100,173,6,1.0329565405845642,0.25362863675089403,0.5349999999999999,0.693686842918396,0.003085437696427107,0.3085437696427107,0.0170644149184227,0.00040676776552572846,0.040676776552572846,2.3837193801856227,0.22928623855113983
UCI,100,173,7,0.9920920133590698,0.22808577638091165,0.5349999999999999,0.6933304667472839,0.0027304713148623705,0.27304713148623705,0.01658332720398903,0.0003938192967325449,0.03938192967325449,2.374790606783745,0.22586938738822937
UCI,100,173,8,0.9587565064430237,0.3209833376209784,0.5299999999999999,0.6929916739463806,0.002420298755168915,0.24202987551689148,0.01614880934357643,0.000380909739760682,0.0380909739760682,2.358748138370943,0.2217978835105896
UCI,100,173,9,0.9284685850143433,0.3104602102825332,0.5299999999999999,0.6926684975624084,0.0021490883082151413,0.21490883082151413,0.015733106061816216,0.0003681876405607909,0.03681876405607909,2.340209486379625,0.21753858029842377
UCI,100,173,10,0.9017527103424072,0.2656844656620286,0.5299999999999999,0.6923462152481079,0.0019117837073281407,0.19117837073281407,0.01532555092126131,0.0003558291937224567,0.03558291937224567,2.3218036046509156,0.21205909550189972
UCI,100,173,11,0.8780043721199036,0.3209833376209784,0.5249999999999999,0.6920170187950134,0.0017037630314007401,0.17037630314007401,0.01491816621273756,0.0003439945576246828,0.03439945576246828,2.3058769604736695,0.2042362093925476
UCI,100,173,12,0.8575967252254486,0.3104602102825332,0.5249999999999999,0.6916905641555786,0.0015206977259367704,0.15206977259367704,0.014524589292705059,0.0003327170852571726,0.03327170852571726,2.290715961409518,0.19304558634757996
